{"type": "FeatureCollection", "features": [{"type": "Feature", "properties": {"name": "Краснодар", "value": 244}, "geometry": {"type": "MultiPolygon", "coordinates": [[[[38.961788008528735, 45.17046670301833], [38.961788008528735, 45.16148359126842], [39.02543465796666, 45.16148359126842], [39.02543465796666, 45.15250047951851], [39.03816398785425, 45.15250047951851], [39.03816398785425, 45.143517367768595], [39.05089331774183, 45.143517367768595], [39.05089331774183, 45.13453425601869], [39.063622647629415, 45.13453425601869], [39.063622647629415, 45.143517367768595], [39.07635197751701, 45.143517367768595], [39.07635197751701, 45.15250047951851], [39.08908130740459, 45.15250047951851], [39.08908130740459, 45.16148359126842], [39.101810637292175, 45.16148359126842], [39.101810637292175, 45.17046670301833], [39.12726929706734, 45.17046670301833], [39.12726929706734, 45.16148359126842], [39.165457286730096, 45.16148359126842], [39.165457286730096, 45.125551144268776], [39.15272795684251, 45.125551144268776], [39.15272795684251, 45.11656803251887], [39.13999862695493, 45.11656803251887], [39.13999862695493, 45.10758492076896], [39.12726929706734, 45.10758492076896], [39.12726929706734, 45.080635585519225], [39.13999862695493, 45.080635585519225], [39.13999862695493, 45.07165247376932], [39.15272795684251, 45.07165247376932], [39.15272795684251, 45.062669362019406], [39.165457286730096, 45.062669362019406], [39.165457286730096, 45.04470313851959], [39.15272795684251, 45.04470313851959], [39.15272795684251, 45.035720026769674], [39.13999862695493, 45.035720026769674], [39.13999862695493, 45.00877069151994], [39.12726929706734, 45.00877069151994], [39.12726929706734, 44.999787579770036], [39.11453996717976, 44.999787579770036], [39.11453996717976, 44.96385513277039], [39.12726929706734, 44.96385513277039], [39.12726929706734, 44.94588890927057], [39.101810637292175, 44.94588890927057], [39.101810637292175, 44.954872021020485], [39.08908130740459, 44.954872021020485], [39.08908130740459, 44.96385513277039], [39.07635197751701, 44.96385513277039], [39.07635197751701, 44.972838244520304], [39.063622647629415, 44.972838244520304], [39.063622647629415, 44.96385513277039], [39.05089331774183, 44.96385513277039], [39.05089331774183, 44.954872021020485], [39.03816398785425, 44.954872021020485], [39.03816398785425, 44.94588890927057], [39.02543465796666, 44.94588890927057], [39.02543465796666, 44.936905797520666], [39.01270532807908, 44.936905797520666], [39.01270532807908, 44.91893957402085], [39.02543465796666, 44.91893957402085], [39.02543465796666, 44.909956462270934], [38.97451733841633, 44.909956462270934], [38.97451733841633, 44.91893957402085], [38.961788008528735, 44.91893957402085], [38.961788008528735, 44.92792268577075], [38.94905867864115, 44.92792268577075], [38.94905867864115, 44.91893957402085], [38.93632934875357, 44.91893957402085], [38.93632934875357, 44.909956462270934], [38.92360001886598, 44.909956462270934], [38.92360001886598, 44.90097335052102], [38.88541202920323, 44.90097335052102], [38.88541202920323, 44.891990238771115], [38.87268269931565, 44.891990238771115], [38.87268269931565, 44.8830071270212], [38.859953369428055, 44.8830071270212], [38.859953369428055, 44.874024015271296], [38.84722403954047, 44.874024015271296], [38.84722403954047, 44.86504090352138], [38.83449470965289, 44.86504090352138], [38.83449470965289, 44.85605779177147], [38.80903604987772, 44.85605779177147], [38.80903604987772, 44.8830071270212], [38.796306719990135, 44.8830071270212], [38.796306719990135, 44.891990238771115], [38.80903604987772, 44.891990238771115], [38.80903604987772, 44.909956462270934], [38.8217653797653, 44.909956462270934], [38.8217653797653, 44.936905797520666], [38.859953369428055, 44.936905797520666], [38.859953369428055, 44.94588890927057], [38.87268269931565, 44.94588890927057], [38.87268269931565, 44.954872021020485], [38.88541202920323, 44.954872021020485], [38.88541202920323, 44.96385513277039], [38.898141359090815, 44.96385513277039], [38.898141359090815, 44.972838244520304], [38.88541202920323, 44.972838244520304], [38.88541202920323, 44.98182135627022], [38.87268269931565, 44.98182135627022], [38.87268269931565, 44.99080446802012], [38.859953369428055, 44.99080446802012], [38.859953369428055, 44.999787579770036], [38.84722403954047, 44.999787579770036], [38.84722403954047, 45.00877069151994], [38.83449470965289, 45.00877069151994], [38.83449470965289, 44.999787579770036], [38.8217653797653, 44.999787579770036], [38.8217653797653, 44.99080446802012], [38.80903604987772, 44.99080446802012], [38.80903604987772, 44.98182135627022], [38.796306719990135, 44.98182135627022], [38.796306719990135, 44.972838244520304], [38.770848060214966, 44.972838244520304], [38.770848060214966, 44.98182135627022], [38.78357739010255, 44.98182135627022], [38.78357739010255, 44.99080446802012], [38.770848060214966, 44.99080446802012], [38.770848060214966, 45.02673691501977], [38.758118730327375, 45.02673691501977], [38.758118730327375, 45.04470313851959], [38.770848060214966, 45.04470313851959], [38.770848060214966, 45.05368625026949], [38.758118730327375, 45.05368625026949], [38.758118730327375, 45.062669362019406], [38.796306719990135, 45.062669362019406], [38.796306719990135, 45.07165247376932], [38.80903604987772, 45.07165247376932], [38.80903604987772, 45.062669362019406], [38.8217653797653, 45.062669362019406], [38.8217653797653, 45.05368625026949], [38.84722403954047, 45.05368625026949], [38.84722403954047, 45.062669362019406], [38.859953369428055, 45.062669362019406], [38.859953369428055, 45.07165247376932], [38.87268269931565, 45.07165247376932], [38.87268269931565, 45.080635585519225], [38.88541202920323, 45.080635585519225], [38.88541202920323, 45.10758492076896], [38.898141359090815, 45.10758492076896], [38.898141359090815, 45.11656803251887], [38.9108706889784, 45.11656803251887], [38.9108706889784, 45.125551144268776], [38.898141359090815, 45.125551144268776], [38.898141359090815, 45.143517367768595], [38.9108706889784, 45.143517367768595], [38.9108706889784, 45.15250047951851], [38.92360001886598, 45.15250047951851], [38.92360001886598, 45.16148359126842], [38.93632934875357, 45.16148359126842], [38.93632934875357, 45.17046670301833], [38.961788008528735, 45.17046670301833]]], [[[38.859953369428055, 45.16148359126842], [38.859953369428055, 45.15250047951851], [38.84722403954047, 45.15250047951851], [38.84722403954047, 45.143517367768595], [38.83449470965289, 45.143517367768595], [38.83449470965289, 45.16148359126842], [38.859953369428055, 45.16148359126842]]]]}}, {"type": "Feature", "properties": {"name": "Сочи", "value": 263}, "geometry": {"type": "Polygon", "coordinates": [[[39.5855251730204, 43.72418571128279], [39.5855251730204, 43.71520259953288], [39.572795843132816, 43.71520259953288], [39.572795843132816, 43.69723637603306], [39.5855251730204, 43.69723637603306], [39.5855251730204, 43.67927015253324], [39.59825450290799, 43.67927015253324], [39.59825450290799, 43.66130392903342], [39.62371316268316, 43.66130392903342], [39.62371316268316, 43.65232081728351], [39.636442492570744, 43.65232081728351], [39.636442492570744, 43.6433377055336], [39.66190115234591, 43.6433377055336], [39.66190115234591, 43.63435459378369], [39.674630482233496, 43.63435459378369], [39.674630482233496, 43.62537148203378], [39.68735981212108, 43.62537148203378], [39.68735981212108, 43.61638837028387], [39.70008914200867, 43.61638837028387], [39.70008914200867, 43.58943903503414], [39.68735981212108, 43.58943903503414], [39.68735981212108, 43.58045592328423], [39.70008914200867, 43.58045592328423], [39.70008914200867, 43.57147281153432], [39.712818471896256, 43.57147281153432], [39.712818471896256, 43.56248969978441], [39.72554780178384, 43.56248969978441], [39.72554780178384, 43.57147281153432], [39.738277131671424, 43.57147281153432], [39.738277131671424, 43.56248969978441], [39.75100646155901, 43.56248969978441], [39.75100646155901, 43.553506588034494], [39.76373579144659, 43.553506588034494], [39.76373579144659, 43.54452347628459], [39.78919445122176, 43.54452347628459], [39.78919445122176, 43.535540364534675], [39.814653110996936, 43.535540364534675], [39.814653110996936, 43.52655725278477], [39.82738244088452, 43.52655725278477], [39.82738244088452, 43.517574141034856], [39.840111770772104, 43.517574141034856], [39.840111770772104, 43.50859102928495], [39.85284110065969, 43.50859102928495], [39.85284110065969, 43.49960791753504], [39.86557043054727, 43.49960791753504], [39.86557043054727, 43.490624805785124], [39.87829976043486, 43.490624805785124], [39.87829976043486, 43.472658582285305], [39.89102909032244, 43.472658582285305], [39.89102909032244, 43.454692358785486], [39.916487750097616, 43.454692358785486], [39.916487750097616, 43.4636754705354], [39.9292170799852, 43.4636754705354], [39.9292170799852, 43.472658582285305], [39.916487750097616, 43.472658582285305], [39.916487750097616, 43.490624805785124], [39.9292170799852, 43.490624805785124], [39.9292170799852, 43.50859102928495], [39.916487750097616, 43.50859102928495], [39.916487750097616, 43.535540364534675], [39.9292170799852, 43.535540364534675], [39.9292170799852, 43.54452347628459], [39.941946409872784, 43.54452347628459], [39.941946409872784, 43.56248969978441], [39.9292170799852, 43.56248969978441], [39.9292170799852, 43.57147281153432], [39.916487750097616, 43.57147281153432], [39.916487750097616, 43.58045592328423], [39.90375842021003, 43.58045592328423], [39.90375842021003, 43.60740525853396], [39.916487750097616, 43.60740525853396], [39.916487750097616, 43.61638837028387], [39.9292170799852, 43.61638837028387], [39.9292170799852, 43.62537148203378], [39.90375842021003, 43.62537148203378], [39.90375842021003, 43.61638837028387], [39.89102909032244, 43.61638837028387], [39.89102909032244, 43.62537148203378], [39.87829976043486, 43.62537148203378], [39.87829976043486, 43.63435459378369], [39.86557043054727, 43.63435459378369], [39.86557043054727, 43.6433377055336], [39.85284110065969, 43.6433377055336], [39.85284110065969, 43.65232081728351], [39.840111770772104, 43.65232081728351], [39.840111770772104, 43.6433377055336], [39.82738244088452, 43.6433377055336], [39.82738244088452, 43.65232081728351], [39.814653110996936, 43.65232081728351], [39.814653110996936, 43.66130392903342], [39.80192378110935, 43.66130392903342], [39.80192378110935, 43.67028704078333], [39.78919445122176, 43.67028704078333], [39.78919445122176, 43.67927015253324], [39.776465121334176, 43.67927015253324], [39.776465121334176, 43.706219487782974], [39.75100646155901, 43.706219487782974], [39.75100646155901, 43.69723637603306], [39.712818471896256, 43.69723637603306], [39.712818471896256, 43.706219487782974], [39.70008914200867, 43.706219487782974], [39.70008914200867, 43.71520259953288], [39.64917182245833, 43.71520259953288], [39.64917182245833, 43.706219487782974], [39.610983832795576, 43.706219487782974], [39.610983832795576, 43.71520259953288], [39.59825450290799, 43.71520259953288], [39.59825450290799, 43.72418571128279], [39.5855251730204, 43.72418571128279]]]}}, {"type": "Feature", "properties": {"name": "Новороссийск", "value": 253}, "geometry": {"type": "MultiPolygon", "coordinates": [[[[37.94344161752194, 44.64944622152354], [37.917982957746766, 44.64944622152354], [37.917982957746766, 44.658429333273446], [37.90525362785918, 44.658429333273446], [37.90525362785918, 44.66741244502336], [37.94344161752194, 44.66741244502336], [37.94344161752194, 44.64944622152354]]], [[[37.77796032898333, 44.75724356252246], [37.79068965887092, 44.75724356252246], [37.79068965887092, 44.74826045077255], [37.8034189887585, 44.74826045077255], [37.8034189887585, 44.73927733902264], [37.816148318646086, 44.73927733902264], [37.816148318646086, 44.73029422727273], [37.82887764853368, 44.73029422727273], [37.82887764853368, 44.721311115522816], [37.854336308308845, 44.721311115522816], [37.854336308308845, 44.71232800377291], [37.84160697842126, 44.71232800377291], [37.84160697842126, 44.703344892023], [37.82887764853368, 44.703344892023], [37.82887764853368, 44.69436178027309], [37.816148318646086, 44.69436178027309], [37.816148318646086, 44.68537866852318], [37.8034189887585, 44.68537866852318], [37.8034189887585, 44.66741244502336], [37.79068965887092, 44.66741244502336], [37.79068965887092, 44.658429333273446], [37.77796032898333, 44.658429333273446], [37.77796032898333, 44.64944622152354], [37.73977233932058, 44.64944622152354], [37.73977233932058, 44.658429333273446], [37.714313679545405, 44.658429333273446], [37.714313679545405, 44.64944622152354], [37.68885501977024, 44.64944622152354], [37.68885501977024, 44.658429333273446], [37.67612568988265, 44.658429333273446], [37.67612568988265, 44.66741244502336], [37.66339635999507, 44.66741244502336], [37.66339635999507, 44.67639555677327], [37.650667030107485, 44.67639555677327], [37.650667030107485, 44.66741244502336], [37.612479040444725, 44.66741244502336], [37.612479040444725, 44.67639555677327], [37.59974971055714, 44.67639555677327], [37.59974971055714, 44.68537866852318], [37.58702038066956, 44.68537866852318], [37.58702038066956, 44.69436178027309], [37.57429105078197, 44.69436178027309], [37.57429105078197, 44.721311115522816], [37.58702038066956, 44.721311115522816], [37.58702038066956, 44.73029422727273], [37.59974971055714, 44.73029422727273], [37.59974971055714, 44.73927733902264], [37.58702038066956, 44.73927733902264], [37.58702038066956, 44.75724356252246], [37.612479040444725, 44.75724356252246], [37.612479040444725, 44.74826045077255], [37.62520837033232, 44.74826045077255], [37.62520837033232, 44.73927733902264], [37.650667030107485, 44.73927733902264], [37.650667030107485, 44.74826045077255], [37.66339635999507, 44.74826045077255], [37.66339635999507, 44.75724356252246], [37.67612568988265, 44.75724356252246], [37.67612568988265, 44.76622667427237], [37.68885501977024, 44.76622667427237], [37.68885501977024, 44.77520978602228], [37.67612568988265, 44.77520978602228], [37.67612568988265, 44.78419289777219], [37.66339635999507, 44.78419289777219], [37.66339635999507, 44.7931760095221], [37.650667030107485, 44.7931760095221], [37.650667030107485, 44.80215912127201], [37.6379377002199, 44.80215912127201], [37.6379377002199, 44.81114223302192], [37.62520837033232, 44.81114223302192], [37.62520837033232, 44.82012534477183], [37.612479040444725, 44.82012534477183], [37.612479040444725, 44.829108456521745], [37.62520837033232, 44.829108456521745], [37.62520837033232, 44.83809156827165], [37.6379377002199, 44.83809156827165], [37.6379377002199, 44.847074680021564], [37.650667030107485, 44.847074680021564], [37.650667030107485, 44.85605779177147], [37.66339635999507, 44.85605779177147], [37.66339635999507, 44.847074680021564], [37.68885501977024, 44.847074680021564], [37.68885501977024, 44.829108456521745], [37.67612568988265, 44.829108456521745], [37.67612568988265, 44.82012534477183], [37.68885501977024, 44.82012534477183], [37.68885501977024, 44.81114223302192], [37.70158434965782, 44.81114223302192], [37.70158434965782, 44.80215912127201], [37.714313679545405, 44.80215912127201], [37.714313679545405, 44.7931760095221], [37.727043009433, 44.7931760095221], [37.727043009433, 44.78419289777219], [37.73977233932058, 44.78419289777219], [37.73977233932058, 44.77520978602228], [37.752501669208165, 44.77520978602228], [37.752501669208165, 44.78419289777219], [37.76523099909575, 44.78419289777219], [37.76523099909575, 44.76622667427237], [37.77796032898333, 44.76622667427237], [37.77796032898333, 44.75724356252246]]], [[[37.77796032898333, 44.78419289777219], [37.76523099909575, 44.78419289777219], [37.76523099909575, 44.7931760095221], [37.77796032898333, 44.7931760095221], [37.77796032898333, 44.78419289777219]]], [[[37.79068965887092, 44.7931760095221], [37.77796032898333, 44.7931760095221], [37.77796032898333, 44.80215912127201], [37.79068965887092, 44.80215912127201], [37.79068965887092, 44.7931760095221]]], [[[37.87979496808401, 44.81114223302192], [37.87979496808401, 44.829108456521745], [37.8925242979716, 44.829108456521745], [37.8925242979716, 44.81114223302192], [37.87979496808401, 44.81114223302192]]], [[[37.59974971055714, 44.83809156827165], [37.59974971055714, 44.829108456521745], [37.58702038066956, 44.829108456521745], [37.58702038066956, 44.82012534477183], [37.56156172089439, 44.82012534477183], [37.56156172089439, 44.847074680021564], [37.58702038066956, 44.847074680021564], [37.58702038066956, 44.83809156827165], [37.59974971055714, 44.83809156827165]]]]}}, {"type": "Feature", "properties": {"name": "Армавир", "value": 223}, "geometry": {"type": "MultiPolygon", "coordinates": [[[[41.023939450317506, 44.909956462270934], [41.023939450317506, 44.90097335052102], [41.03666878020509, 44.90097335052102], [41.03666878020509, 44.8830071270212], [41.01121012042992, 44.8830071270212], [41.01121012042992, 44.909956462270934], [41.023939450317506, 44.909956462270934]]], [[[41.12577408941819, 45.080635585519225], [41.13850341930577, 45.080635585519225], [41.13850341930577, 45.062669362019406], [41.15123274919336, 45.062669362019406], [41.15123274919336, 45.05368625026949], [41.163962079080946, 45.05368625026949], [41.163962079080946, 45.04470313851959], [41.17669140896853, 45.04470313851959], [41.17669140896853, 45.035720026769674], [41.189420738856114, 45.035720026769674], [41.189420738856114, 45.04470313851959], [41.2021500687437, 45.04470313851959], [41.2021500687437, 45.05368625026949], [41.22760872851887, 45.05368625026949], [41.22760872851887, 45.062669362019406], [41.24033805840645, 45.062669362019406], [41.24033805840645, 45.07165247376932], [41.25306738829404, 45.07165247376932], [41.25306738829404, 45.080635585519225], [41.265796718181626, 45.080635585519225], [41.265796718181626, 45.07165247376932], [41.27852604806921, 45.07165247376932], [41.27852604806921, 45.05368625026949], [41.25306738829404, 45.05368625026949], [41.25306738829404, 45.04470313851959], [41.24033805840645, 45.04470313851959], [41.24033805840645, 45.035720026769674], [41.22760872851887, 45.035720026769674], [41.22760872851887, 45.02673691501977], [41.21487939863128, 45.02673691501977], [41.21487939863128, 45.017753803269855], [41.2021500687437, 45.017753803269855], [41.2021500687437, 44.999787579770036], [41.21487939863128, 44.999787579770036], [41.21487939863128, 44.96385513277039], [41.22760872851887, 44.96385513277039], [41.22760872851887, 44.954872021020485], [41.24033805840645, 44.954872021020485], [41.24033805840645, 44.94588890927057], [41.25306738829404, 44.94588890927057], [41.25306738829404, 44.936905797520666], [41.291255377956794, 44.936905797520666], [41.291255377956794, 44.92792268577075], [41.30398470784438, 44.92792268577075], [41.30398470784438, 44.909956462270934], [41.31671403773196, 44.909956462270934], [41.31671403773196, 44.891990238771115], [41.291255377956794, 44.891990238771115], [41.291255377956794, 44.8830071270212], [41.265796718181626, 44.8830071270212], [41.265796718181626, 44.891990238771115], [41.25306738829404, 44.891990238771115], [41.25306738829404, 44.90097335052102], [41.24033805840645, 44.90097335052102], [41.24033805840645, 44.909956462270934], [41.22760872851887, 44.909956462270934], [41.22760872851887, 44.91893957402085], [41.21487939863128, 44.91893957402085], [41.21487939863128, 44.92792268577075], [41.2021500687437, 44.92792268577075], [41.2021500687437, 44.936905797520666], [41.189420738856114, 44.936905797520666], [41.189420738856114, 44.92792268577075], [41.17669140896853, 44.92792268577075], [41.17669140896853, 44.91893957402085], [41.163962079080946, 44.91893957402085], [41.163962079080946, 44.909956462270934], [41.15123274919336, 44.909956462270934], [41.15123274919336, 44.86504090352138], [41.12577408941819, 44.86504090352138], [41.12577408941819, 44.91893957402085], [41.1130447595306, 44.91893957402085], [41.1130447595306, 44.936905797520666], [41.10031542964302, 44.936905797520666], [41.10031542964302, 44.94588890927057], [41.087586099755434, 44.94588890927057], [41.087586099755434, 44.954872021020485], [41.07485676986785, 44.954872021020485], [41.07485676986785, 44.96385513277039], [41.062127439980266, 44.96385513277039], [41.062127439980266, 44.954872021020485], [41.04939811009268, 44.954872021020485], [41.04939811009268, 44.94588890927057], [41.03666878020509, 44.94588890927057], [41.03666878020509, 44.936905797520666], [41.023939450317506, 44.936905797520666], [41.023939450317506, 44.92792268577075], [41.01121012042992, 44.92792268577075], [41.01121012042992, 44.936905797520666], [40.99848079054234, 44.936905797520666], [40.99848079054234, 44.94588890927057], [40.985751460654754, 44.94588890927057], [40.985751460654754, 44.954872021020485], [40.97302213076717, 44.954872021020485], [40.97302213076717, 44.96385513277039], [40.960292800879586, 44.96385513277039], [40.960292800879586, 44.954872021020485], [40.947563470992, 44.954872021020485], [40.947563470992, 44.94588890927057], [40.922104811216826, 44.94588890927057], [40.922104811216826, 44.96385513277039], [40.947563470992, 44.96385513277039], [40.947563470992, 44.972838244520304], [40.960292800879586, 44.972838244520304], [40.960292800879586, 44.98182135627022], [40.97302213076717, 44.98182135627022], [40.97302213076717, 44.99080446802012], [40.985751460654754, 44.99080446802012], [40.985751460654754, 44.999787579770036], [40.99848079054234, 44.999787579770036], [40.99848079054234, 45.00877069151994], [40.985751460654754, 45.00877069151994], [40.985751460654754, 45.02673691501977], [41.023939450317506, 45.02673691501977], [41.023939450317506, 45.017753803269855], [41.04939811009268, 45.017753803269855], [41.04939811009268, 45.00877069151994], [41.062127439980266, 45.00877069151994], [41.062127439980266, 45.017753803269855], [41.07485676986785, 45.017753803269855], [41.07485676986785, 45.02673691501977], [41.087586099755434, 45.02673691501977], [41.087586099755434, 45.035720026769674], [41.10031542964302, 45.035720026769674], [41.10031542964302, 45.04470313851959], [41.087586099755434, 45.04470313851959], [41.087586099755434, 45.062669362019406], [41.10031542964302, 45.062669362019406], [41.10031542964302, 45.08961869726914], [41.12577408941819, 45.08961869726914], [41.12577408941819, 45.080635585519225]]], [[[41.34217269750713, 45.10758492076896], [41.35490202739472, 45.10758492076896], [41.35490202739472, 45.08961869726914], [41.32944336761955, 45.08961869726914], [41.32944336761955, 45.098601809019044], [41.31671403773196, 45.098601809019044], [41.31671403773196, 45.11656803251887], [41.34217269750713, 45.11656803251887], [41.34217269750713, 45.10758492076896]]]]}}, {"type": "Feature", "properties": {"name": "Туапсе", "value": 269}, "geometry": {"type": "MultiPolygon", "coordinates": [[[[39.267291925830776, 44.038594622529644], [39.25456259594319, 44.038594622529644], [39.25456259594319, 44.05656084602947], [39.267291925830776, 44.05656084602947], [39.267291925830776, 44.038594622529644]]], [[[39.01270532807908, 44.1733412987783], [39.02543465796666, 44.1733412987783], [39.02543465796666, 44.16435818702839], [39.03816398785425, 44.16435818702839], [39.03816398785425, 44.15537507527848], [39.05089331774183, 44.15537507527848], [39.05089331774183, 44.14639196352857], [39.063622647629415, 44.14639196352857], [39.063622647629415, 44.13740885177866], [39.07635197751701, 44.13740885177866], [39.07635197751701, 44.128425740028746], [39.08908130740459, 44.128425740028746], [39.08908130740459, 44.11944262827884], [39.11453996717976, 44.11944262827884], [39.11453996717976, 44.128425740028746], [39.12726929706734, 44.128425740028746], [39.12726929706734, 44.13740885177866], [39.13999862695493, 44.13740885177866], [39.13999862695493, 44.11944262827884], [39.12726929706734, 44.11944262827884], [39.12726929706734, 44.11045951652893], [39.11453996717976, 44.11045951652893], [39.11453996717976, 44.10147640477902], [39.12726929706734, 44.10147640477902], [39.12726929706734, 44.09249329302911], [39.13999862695493, 44.09249329302911], [39.13999862695493, 44.083510181279195], [39.15272795684251, 44.083510181279195], [39.15272795684251, 44.07452706952929], [39.165457286730096, 44.07452706952929], [39.165457286730096, 44.065543957779376], [39.17818661661769, 44.065543957779376], [39.17818661661769, 44.05656084602947], [39.165457286730096, 44.05656084602947], [39.165457286730096, 44.02961151077974], [39.17818661661769, 44.02961151077974], [39.17818661661769, 44.020628399029825], [39.19091594650527, 44.020628399029825], [39.19091594650527, 44.01164528727992], [39.203645276392855, 44.01164528727992], [39.203645276392855, 44.002662175530006], [39.21637460628044, 44.002662175530006], [39.21637460628044, 44.01164528727992], [39.22910393616802, 44.01164528727992], [39.22910393616802, 43.9936790637801], [39.24183326605561, 43.9936790637801], [39.24183326605561, 43.98469595203019], [39.25456259594319, 43.98469595203019], [39.25456259594319, 43.96672972853037], [39.24183326605561, 43.96672972853037], [39.24183326605561, 43.97571284028027], [39.21637460628044, 43.97571284028027], [39.21637460628044, 43.98469595203019], [39.203645276392855, 43.98469595203019], [39.203645276392855, 43.9936790637801], [39.17818661661769, 43.9936790637801], [39.17818661661769, 44.002662175530006], [39.165457286730096, 44.002662175530006], [39.165457286730096, 44.01164528727992], [39.15272795684251, 44.01164528727992], [39.15272795684251, 44.02961151077974], [39.13999862695493, 44.02961151077974], [39.13999862695493, 44.038594622529644], [39.12726929706734, 44.038594622529644], [39.12726929706734, 44.04757773427956], [39.11453996717976, 44.04757773427956], [39.11453996717976, 44.05656084602947], [39.101810637292175, 44.05656084602947], [39.101810637292175, 44.065543957779376], [39.08908130740459, 44.065543957779376], [39.08908130740459, 44.07452706952929], [39.063622647629415, 44.07452706952929], [39.063622647629415, 44.083510181279195], [39.05089331774183, 44.083510181279195], [39.05089331774183, 44.09249329302911], [39.03816398785425, 44.09249329302911], [39.03816398785425, 44.10147640477902], [39.05089331774183, 44.10147640477902], [39.05089331774183, 44.128425740028746], [39.03816398785425, 44.128425740028746], [39.03816398785425, 44.13740885177866], [39.02543465796666, 44.13740885177866], [39.02543465796666, 44.14639196352857], [39.01270532807908, 44.14639196352857], [39.01270532807908, 44.15537507527848], [38.98724666830391, 44.15537507527848], [38.98724666830391, 44.16435818702839], [38.97451733841633, 44.16435818702839], [38.97451733841633, 44.18232441052821], [38.98724666830391, 44.18232441052821], [38.98724666830391, 44.19130752227812], [39.01270532807908, 44.19130752227812], [39.01270532807908, 44.1733412987783]]], [[[38.94905867864115, 44.1733412987783], [38.93632934875357, 44.1733412987783], [38.93632934875357, 44.18232441052821], [38.94905867864115, 44.18232441052821], [38.94905867864115, 44.1733412987783]]], [[[38.92360001886598, 44.18232441052821], [38.92360001886598, 44.19130752227812], [38.93632934875357, 44.19130752227812], [38.93632934875357, 44.18232441052821], [38.92360001886598, 44.18232441052821]]], [[[38.898141359090815, 44.18232441052821], [38.898141359090815, 44.19130752227812], [38.87268269931565, 44.19130752227812], [38.87268269931565, 44.20029063402803], [38.88541202920323, 44.20029063402803], [38.88541202920323, 44.21825685752785], [38.9108706889784, 44.21825685752785], [38.9108706889784, 44.20029063402803], [38.92360001886598, 44.20029063402803], [38.92360001886598, 44.19130752227812], [38.9108706889784, 44.19130752227812], [38.9108706889784, 44.18232441052821], [38.898141359090815, 44.18232441052821]]]]}}, {"type": "Feature", "properties": {"name": "Анапа", "value": 262}, "geometry": {"type": "MultiPolygon", "coordinates": [[[[37.306975123142685, 45.017753803269855], [37.319704453030276, 45.017753803269855], [37.319704453030276, 45.02673691501977], [37.33243378291786, 45.02673691501977], [37.33243378291786, 45.017753803269855], [37.35789244269303, 45.017753803269855], [37.35789244269303, 45.00877069151994], [37.345163112805444, 45.00877069151994], [37.345163112805444, 44.999787579770036], [37.35789244269303, 44.999787579770036], [37.35789244269303, 44.99080446802012], [37.37062177258061, 44.99080446802012], [37.37062177258061, 44.98182135627022], [37.3833511024682, 44.98182135627022], [37.3833511024682, 44.972838244520304], [37.37062177258061, 44.972838244520304], [37.37062177258061, 44.96385513277039], [37.35789244269303, 44.96385513277039], [37.35789244269303, 44.936905797520666], [37.37062177258061, 44.936905797520666], [37.37062177258061, 44.92792268577075], [37.3833511024682, 44.92792268577075], [37.3833511024682, 44.91893957402085], [37.39608043235578, 44.91893957402085], [37.39608043235578, 44.909956462270934], [37.421539092130956, 44.909956462270934], [37.421539092130956, 44.90097335052102], [37.43426842201854, 44.90097335052102], [37.43426842201854, 44.909956462270934], [37.446997751906125, 44.909956462270934], [37.446997751906125, 44.90097335052102], [37.49791507145646, 44.90097335052102], [37.49791507145646, 44.8830071270212], [37.48518574156888, 44.8830071270212], [37.48518574156888, 44.874024015271296], [37.47245641168129, 44.874024015271296], [37.47245641168129, 44.86504090352138], [37.45972708179371, 44.86504090352138], [37.45972708179371, 44.85605779177147], [37.446997751906125, 44.85605779177147], [37.446997751906125, 44.83809156827165], [37.43426842201854, 44.83809156827165], [37.43426842201854, 44.829108456521745], [37.421539092130956, 44.829108456521745], [37.421539092130956, 44.81114223302192], [37.43426842201854, 44.81114223302192], [37.43426842201854, 44.80215912127201], [37.446997751906125, 44.80215912127201], [37.446997751906125, 44.7931760095221], [37.421539092130956, 44.7931760095221], [37.421539092130956, 44.78419289777219], [37.408809762243365, 44.78419289777219], [37.408809762243365, 44.77520978602228], [37.3833511024682, 44.77520978602228], [37.3833511024682, 44.78419289777219], [37.37062177258061, 44.78419289777219], [37.37062177258061, 44.7931760095221], [37.35789244269303, 44.7931760095221], [37.35789244269303, 44.83809156827165], [37.345163112805444, 44.83809156827165], [37.345163112805444, 44.847074680021564], [37.33243378291786, 44.847074680021564], [37.33243378291786, 44.85605779177147], [37.319704453030276, 44.85605779177147], [37.319704453030276, 44.86504090352138], [37.306975123142685, 44.86504090352138], [37.306975123142685, 44.874024015271296], [37.2942457932551, 44.874024015271296], [37.2942457932551, 44.891990238771115], [37.28151646336752, 44.891990238771115], [37.28151646336752, 44.90097335052102], [37.2942457932551, 44.90097335052102], [37.2942457932551, 44.909956462270934], [37.306975123142685, 44.909956462270934], [37.306975123142685, 44.936905797520666], [37.2942457932551, 44.936905797520666], [37.2942457932551, 44.94588890927057], [37.28151646336752, 44.94588890927057], [37.28151646336752, 44.954872021020485], [37.26878713347993, 44.954872021020485], [37.26878713347993, 44.96385513277039], [37.25605780359235, 44.96385513277039], [37.25605780359235, 44.972838244520304], [37.243328473704764, 44.972838244520304], [37.243328473704764, 44.98182135627022], [37.23059914381718, 44.98182135627022], [37.23059914381718, 44.999787579770036], [37.25605780359235, 44.999787579770036], [37.25605780359235, 45.00877069151994], [37.26878713347993, 45.00877069151994], [37.26878713347993, 45.017753803269855], [37.28151646336752, 45.017753803269855], [37.28151646336752, 45.02673691501977], [37.306975123142685, 45.02673691501977], [37.306975123142685, 45.017753803269855]]], [[[37.47245641168129, 44.972838244520304], [37.45972708179371, 44.972838244520304], [37.45972708179371, 44.98182135627022], [37.47245641168129, 44.98182135627022], [37.47245641168129, 44.972838244520304]]], [[[37.47245641168129, 44.98182135627022], [37.47245641168129, 44.99080446802012], [37.48518574156888, 44.99080446802012], [37.48518574156888, 44.98182135627022], [37.47245641168129, 44.98182135627022]]], [[[37.47245641168129, 45.00877069151994], [37.47245641168129, 45.017753803269855], [37.45972708179371, 45.017753803269855], [37.45972708179371, 45.04470313851959], [37.49791507145646, 45.04470313851959], [37.49791507145646, 45.035720026769674], [37.510644401344045, 45.035720026769674], [37.510644401344045, 45.04470313851959], [37.53610306111922, 45.04470313851959], [37.53610306111922, 45.02673691501977], [37.548832391006805, 45.02673691501977], [37.548832391006805, 45.00877069151994], [37.523373731231636, 45.00877069151994], [37.523373731231636, 44.999787579770036], [37.49791507145646, 44.999787579770036], [37.49791507145646, 44.99080446802012], [37.48518574156888, 44.99080446802012], [37.48518574156888, 45.00877069151994], [37.47245641168129, 45.00877069151994]]]]}}, {"type": "Feature", "properties": {"name": "Геленджик", "value": 260}, "geometry": {"type": "MultiPolygon", "coordinates": [[[[38.21075754516122, 44.487750210025155], [38.223486875048806, 44.487750210025155], [38.223486875048806, 44.469783986525336], [38.23621620493639, 44.469783986525336], [38.23621620493639, 44.46080087477542], [38.21075754516122, 44.46080087477542], [38.21075754516122, 44.469783986525336], [38.19802821527364, 44.469783986525336], [38.19802821527364, 44.47876709827524], [38.21075754516122, 44.47876709827524], [38.21075754516122, 44.487750210025155]]], [[[38.185298885386054, 44.469783986525336], [38.17256955549847, 44.469783986525336], [38.17256955549847, 44.46080087477542], [38.1471108957233, 44.46080087477542], [38.1471108957233, 44.47876709827524], [38.13438156583571, 44.47876709827524], [38.13438156583571, 44.487750210025155], [38.121652235948126, 44.487750210025155], [38.121652235948126, 44.49673332177507], [38.10892290606054, 44.49673332177507], [38.10892290606054, 44.51469954527489], [38.09619357617296, 44.51469954527489], [38.09619357617296, 44.52368265702479], [38.083464246285374, 44.52368265702479], [38.083464246285374, 44.532665768774706], [38.07073491639779, 44.532665768774706], [38.07073491639779, 44.54164888052462], [38.04527625662262, 44.54164888052462], [38.04527625662262, 44.550631992274525], [38.03254692673503, 44.550631992274525], [38.03254692673503, 44.55961510402444], [38.00708826695986, 44.55961510402444], [38.00708826695986, 44.568598215774344], [37.98162960718469, 44.568598215774344], [37.98162960718469, 44.595547551024076], [37.99435893707228, 44.595547551024076], [37.99435893707228, 44.60453066277399], [38.00708826695986, 44.60453066277399], [38.00708826695986, 44.613513774523895], [38.019817596847446, 44.613513774523895], [38.019817596847446, 44.62249688627381], [38.00708826695986, 44.62249688627381], [38.00708826695986, 44.63147999802372], [37.99435893707228, 44.63147999802372], [37.99435893707228, 44.64046310977363], [37.98162960718469, 44.64046310977363], [37.98162960718469, 44.64944622152354], [37.99435893707228, 44.64944622152354], [37.99435893707228, 44.658429333273446], [38.00708826695986, 44.658429333273446], [38.00708826695986, 44.64944622152354], [38.019817596847446, 44.64944622152354], [38.019817596847446, 44.64046310977363], [38.03254692673503, 44.64046310977363], [38.03254692673503, 44.63147999802372], [38.04527625662262, 44.63147999802372], [38.04527625662262, 44.62249688627381], [38.058005586510205, 44.62249688627381], [38.058005586510205, 44.613513774523895], [38.07073491639779, 44.613513774523895], [38.07073491639779, 44.60453066277399], [38.083464246285374, 44.60453066277399], [38.083464246285374, 44.613513774523895], [38.09619357617296, 44.613513774523895], [38.09619357617296, 44.62249688627381], [38.10892290606054, 44.62249688627381], [38.10892290606054, 44.613513774523895], [38.121652235948126, 44.613513774523895], [38.121652235948126, 44.60453066277399], [38.13438156583571, 44.60453066277399], [38.13438156583571, 44.595547551024076], [38.1471108957233, 44.595547551024076], [38.1471108957233, 44.58656443927417], [38.159840225610886, 44.58656443927417], [38.159840225610886, 44.57758132752426], [38.185298885386054, 44.57758132752426], [38.185298885386054, 44.568598215774344], [38.19802821527364, 44.568598215774344], [38.19802821527364, 44.55961510402444], [38.223486875048806, 44.55961510402444], [38.223486875048806, 44.550631992274525], [38.24894553482398, 44.550631992274525], [38.24894553482398, 44.532665768774706], [38.23621620493639, 44.532665768774706], [38.23621620493639, 44.54164888052462], [38.223486875048806, 44.54164888052462], [38.223486875048806, 44.532665768774706], [38.21075754516122, 44.532665768774706], [38.21075754516122, 44.54164888052462], [38.19802821527364, 44.54164888052462], [38.19802821527364, 44.532665768774706], [38.185298885386054, 44.532665768774706], [38.185298885386054, 44.52368265702479], [38.17256955549847, 44.52368265702479], [38.17256955549847, 44.51469954527489], [38.159840225610886, 44.51469954527489], [38.159840225610886, 44.505716433524974], [38.17256955549847, 44.505716433524974], [38.17256955549847, 44.49673332177507], [38.185298885386054, 44.49673332177507], [38.185298885386054, 44.487750210025155], [38.19802821527364, 44.487750210025155], [38.19802821527364, 44.47876709827524], [38.185298885386054, 44.47876709827524], [38.185298885386054, 44.469783986525336]]], [[[37.90525362785918, 44.62249688627381], [37.90525362785918, 44.63147999802372], [37.917982957746766, 44.63147999802372], [37.917982957746766, 44.62249688627381], [37.90525362785918, 44.62249688627381]]], [[[37.93071228763436, 44.64046310977363], [37.93071228763436, 44.658429333273446], [37.96890027729711, 44.658429333273446], [37.96890027729711, 44.64046310977363], [37.94344161752194, 44.64046310977363], [37.94344161752194, 44.63147999802372], [37.917982957746766, 44.63147999802372], [37.917982957746766, 44.64046310977363], [37.93071228763436, 44.64046310977363]]]]}}, {"type": "Feature", "properties": {"name": "Тихорецк", "value": 234}, "geometry": {"type": "Polygon", "coordinates": [[[40.120157028298976, 45.88013253126123], [40.120157028298976, 45.87114941951132], [40.10742769841139, 45.87114941951132], [40.10742769841139, 45.86216630776141], [40.0946983685238, 45.86216630776141], [40.0946983685238, 45.8531831960115], [40.10742769841139, 45.8531831960115], [40.10742769841139, 45.844200084261594], [40.120157028298976, 45.844200084261594], [40.120157028298976, 45.83521697251168], [40.13288635818656, 45.83521697251168], [40.13288635818656, 45.844200084261594], [40.145615688074145, 45.844200084261594], [40.145615688074145, 45.8531831960115], [40.15834501796173, 45.8531831960115], [40.15834501796173, 45.86216630776141], [40.145615688074145, 45.86216630776141], [40.145615688074145, 45.87114941951132], [40.13288635818656, 45.87114941951132], [40.13288635818656, 45.88013253126123], [40.120157028298976, 45.88013253126123]]]}}, {"type": "Feature", "properties": {"name": "Ейск", "value": 232}, "geometry": {"type": "MultiPolygon", "coordinates": [[[[38.401697493475, 46.66166325350341], [38.401697493475, 46.65268014175351], [38.41442682336258, 46.65268014175351], [38.41442682336258, 46.643697030003594], [38.427156153250166, 46.643697030003594], [38.427156153250166, 46.65268014175351], [38.47807347280051, 46.65268014175351], [38.47807347280051, 46.63471391825369], [38.45261481302534, 46.63471391825369], [38.45261481302534, 46.625730806503775], [38.43988548313775, 46.625730806503775], [38.43988548313775, 46.61674769475387], [38.427156153250166, 46.61674769475387], [38.427156153250166, 46.607764583003956], [38.41442682336258, 46.607764583003956], [38.41442682336258, 46.59878147125404], [38.427156153250166, 46.59878147125404], [38.427156153250166, 46.58979835950414], [38.37623883369983, 46.58979835950414], [38.37623883369983, 46.59878147125404], [38.388968163587414, 46.59878147125404], [38.388968163587414, 46.607764583003956], [38.401697493475, 46.607764583003956], [38.401697493475, 46.625730806503775], [38.388968163587414, 46.625730806503775], [38.388968163587414, 46.63471391825369], [38.37623883369983, 46.63471391825369], [38.37623883369983, 46.65268014175351], [38.388968163587414, 46.65268014175351], [38.388968163587414, 46.66166325350341], [38.401697493475, 46.66166325350341]]], [[[38.287133524486734, 46.72454503575279], [38.29986285437432, 46.72454503575279], [38.29986285437432, 46.71556192400288], [38.3125921842619, 46.71556192400288], [38.3125921842619, 46.706578812252964], [38.29986285437432, 46.706578812252964], [38.29986285437432, 46.688612588753145], [38.3125921842619, 46.688612588753145], [38.3125921842619, 46.67962947700324], [38.325321514149486, 46.67962947700324], [38.325321514149486, 46.670646365253326], [38.33805084403707, 46.670646365253326], [38.33805084403707, 46.66166325350341], [38.35078017392466, 46.66166325350341], [38.35078017392466, 46.643697030003594], [38.325321514149486, 46.643697030003594], [38.325321514149486, 46.65268014175351], [38.3125921842619, 46.65268014175351], [38.3125921842619, 46.643697030003594], [38.29986285437432, 46.643697030003594], [38.29986285437432, 46.63471391825369], [38.287133524486734, 46.63471391825369], [38.287133524486734, 46.625730806503775], [38.27440419459915, 46.625730806503775], [38.27440419459915, 46.61674769475387], [38.287133524486734, 46.61674769475387], [38.287133524486734, 46.607764583003956], [38.29986285437432, 46.607764583003956], [38.29986285437432, 46.59878147125404], [38.3125921842619, 46.59878147125404], [38.3125921842619, 46.580815247754224], [38.287133524486734, 46.580815247754224], [38.287133524486734, 46.58979835950414], [38.27440419459915, 46.58979835950414], [38.27440419459915, 46.59878147125404], [38.261674864711566, 46.59878147125404], [38.261674864711566, 46.607764583003956], [38.23621620493639, 46.607764583003956], [38.23621620493639, 46.61674769475387], [38.223486875048806, 46.61674769475387], [38.223486875048806, 46.625730806503775], [38.21075754516122, 46.625730806503775], [38.21075754516122, 46.63471391825369], [38.19802821527364, 46.63471391825369], [38.19802821527364, 46.643697030003594], [38.185298885386054, 46.643697030003594], [38.185298885386054, 46.63471391825369], [38.17256955549847, 46.63471391825369], [38.17256955549847, 46.625730806503775], [38.159840225610886, 46.625730806503775], [38.159840225610886, 46.61674769475387], [38.13438156583571, 46.61674769475387], [38.13438156583571, 46.625730806503775], [38.121652235948126, 46.625730806503775], [38.121652235948126, 46.63471391825369], [38.10892290606054, 46.63471391825369], [38.10892290606054, 46.643697030003594], [38.083464246285374, 46.643697030003594], [38.083464246285374, 46.63471391825369], [38.07073491639779, 46.63471391825369], [38.07073491639779, 46.66166325350341], [38.083464246285374, 46.66166325350341], [38.083464246285374, 46.670646365253326], [38.121652235948126, 46.670646365253326], [38.121652235948126, 46.66166325350341], [38.13438156583571, 46.66166325350341], [38.13438156583571, 46.65268014175351], [38.1471108957233, 46.65268014175351], [38.1471108957233, 46.66166325350341], [38.159840225610886, 46.66166325350341], [38.159840225610886, 46.670646365253326], [38.17256955549847, 46.670646365253326], [38.17256955549847, 46.67962947700324], [38.185298885386054, 46.67962947700324], [38.185298885386054, 46.69759570050306], [38.223486875048806, 46.69759570050306], [38.223486875048806, 46.706578812252964], [38.23621620493639, 46.706578812252964], [38.23621620493639, 46.71556192400288], [38.24894553482398, 46.71556192400288], [38.24894553482398, 46.72454503575279], [38.261674864711566, 46.72454503575279], [38.261674864711566, 46.733528147502696], [38.287133524486734, 46.733528147502696], [38.287133524486734, 46.72454503575279]]], [[[38.427156153250166, 46.751494371002515], [38.388968163587414, 46.751494371002515], [38.388968163587414, 46.76946059450234], [38.401697493475, 46.76946059450234], [38.401697493475, 46.77844370625225], [38.427156153250166, 46.77844370625225], [38.427156153250166, 46.751494371002515]]]]}}, {"type": "Feature", "properties": {"name": "Славянск-на-Кубани", "value": 223}, "geometry": {"type": "MultiPolygon", "coordinates": [[[[38.185298885386054, 45.17046670301833], [38.17256955549847, 45.17046670301833], [38.17256955549847, 45.17944981476824], [38.185298885386054, 45.17944981476824], [38.185298885386054, 45.17046670301833]]], [[[38.03254692673503, 45.38606138501617], [38.058005586510205, 45.38606138501617], [38.058005586510205, 45.36809516151635], [38.04527625662262, 45.36809516151635], [38.04527625662262, 45.34114582626662], [38.058005586510205, 45.34114582626662], [38.058005586510205, 45.33216271451671], [38.07073491639779, 45.33216271451671], [38.07073491639779, 45.3231796027668], [38.083464246285374, 45.3231796027668], [38.083464246285374, 45.314196491016894], [38.13438156583571, 45.314196491016894], [38.13438156583571, 45.30521337926698], [38.1471108957233, 45.30521337926698], [38.1471108957233, 45.29623026751707], [38.159840225610886, 45.29623026751707], [38.159840225610886, 45.28724715576716], [38.185298885386054, 45.28724715576716], [38.185298885386054, 45.27826404401725], [38.19802821527364, 45.27826404401725], [38.19802821527364, 45.28724715576716], [38.21075754516122, 45.28724715576716], [38.21075754516122, 45.29623026751707], [38.223486875048806, 45.29623026751707], [38.223486875048806, 45.30521337926698], [38.23621620493639, 45.30521337926698], [38.23621620493639, 45.29623026751707], [38.24894553482398, 45.29623026751707], [38.24894553482398, 45.28724715576716], [38.261674864711566, 45.28724715576716], [38.261674864711566, 45.27826404401725], [38.27440419459915, 45.27826404401725], [38.27440419459915, 45.26928093226734], [38.287133524486734, 45.26928093226734], [38.287133524486734, 45.26029782051743], [38.29986285437432, 45.26029782051743], [38.29986285437432, 45.25131470876752], [38.3125921842619, 45.25131470876752], [38.3125921842619, 45.24233159701761], [38.325321514149486, 45.24233159701761], [38.325321514149486, 45.22436537351779], [38.3125921842619, 45.22436537351779], [38.3125921842619, 45.21538226176788], [38.29986285437432, 45.21538226176788], [38.29986285437432, 45.19741603826806], [38.3125921842619, 45.19741603826806], [38.3125921842619, 45.188432926518146], [38.325321514149486, 45.188432926518146], [38.325321514149486, 45.17046670301833], [38.33805084403707, 45.17046670301833], [38.33805084403707, 45.16148359126842], [38.3125921842619, 45.16148359126842], [38.3125921842619, 45.17046670301833], [38.29986285437432, 45.17046670301833], [38.29986285437432, 45.17944981476824], [38.287133524486734, 45.17944981476824], [38.287133524486734, 45.188432926518146], [38.27440419459915, 45.188432926518146], [38.27440419459915, 45.17944981476824], [38.261674864711566, 45.17944981476824], [38.261674864711566, 45.17046670301833], [38.24894553482398, 45.17046670301833], [38.24894553482398, 45.16148359126842], [38.21075754516122, 45.16148359126842], [38.21075754516122, 45.17046670301833], [38.19802821527364, 45.17046670301833], [38.19802821527364, 45.17944981476824], [38.185298885386054, 45.17944981476824], [38.185298885386054, 45.19741603826806], [38.17256955549847, 45.19741603826806], [38.17256955549847, 45.206399150017965], [38.159840225610886, 45.206399150017965], [38.159840225610886, 45.21538226176788], [38.1471108957233, 45.21538226176788], [38.1471108957233, 45.22436537351779], [38.13438156583571, 45.22436537351779], [38.13438156583571, 45.21538226176788], [38.121652235948126, 45.21538226176788], [38.121652235948126, 45.206399150017965], [38.09619357617296, 45.206399150017965], [38.09619357617296, 45.2333484852677], [38.083464246285374, 45.2333484852677], [38.083464246285374, 45.26029782051743], [38.07073491639779, 45.26029782051743], [38.07073491639779, 45.26928093226734], [38.058005586510205, 45.26928093226734], [38.058005586510205, 45.28724715576716], [38.07073491639779, 45.28724715576716], [38.07073491639779, 45.29623026751707], [38.058005586510205, 45.29623026751707], [38.058005586510205, 45.30521337926698], [38.04527625662262, 45.30521337926698], [38.04527625662262, 45.314196491016894], [38.03254692673503, 45.314196491016894], [38.03254692673503, 45.3231796027668], [38.019817596847446, 45.3231796027668], [38.019817596847446, 45.314196491016894], [38.00708826695986, 45.314196491016894], [38.00708826695986, 45.30521337926698], [37.99435893707228, 45.30521337926698], [37.99435893707228, 45.29623026751707], [37.98162960718469, 45.29623026751707], [37.98162960718469, 45.28724715576716], [37.956170947409525, 45.28724715576716], [37.956170947409525, 45.314196491016894], [37.96890027729711, 45.314196491016894], [37.96890027729711, 45.3231796027668], [37.956170947409525, 45.3231796027668], [37.956170947409525, 45.34114582626662], [37.94344161752194, 45.34114582626662], [37.94344161752194, 45.35012893801653], [37.96890027729711, 45.35012893801653], [37.96890027729711, 45.359112049766445], [37.98162960718469, 45.359112049766445], [37.98162960718469, 45.36809516151635], [37.99435893707228, 45.36809516151635], [37.99435893707228, 45.377078273266264], [38.00708826695986, 45.377078273266264], [38.00708826695986, 45.39504449676608], [38.03254692673503, 45.39504449676608], [38.03254692673503, 45.38606138501617]]], [[[38.24894553482398, 45.377078273266264], [38.261674864711566, 45.377078273266264], [38.261674864711566, 45.34114582626662], [38.24894553482398, 45.34114582626662], [38.24894553482398, 45.33216271451671], [38.23621620493639, 45.33216271451671], [38.23621620493639, 45.3231796027668], [38.21075754516122, 45.3231796027668], [38.21075754516122, 45.33216271451671], [38.19802821527364, 45.33216271451671], [38.19802821527364, 45.34114582626662], [38.17256955549847, 45.34114582626662], [38.17256955549847, 45.35012893801653], [38.159840225610886, 45.35012893801653], [38.159840225610886, 45.377078273266264], [38.17256955549847, 45.377078273266264], [38.17256955549847, 45.38606138501617], [38.185298885386054, 45.38606138501617], [38.185298885386054, 45.39504449676608], [38.24894553482398, 45.39504449676608], [38.24894553482398, 45.377078273266264]]]]}}, {"type": "Feature", "properties": {"name": "Белореченск", "value": 216}, "geometry": {"type": "MultiPolygon", "coordinates": [[[[39.68735981212108, 44.68537866852318], [39.70008914200867, 44.68537866852318], [39.70008914200867, 44.67639555677327], [39.68735981212108, 44.67639555677327], [39.68735981212108, 44.66741244502336], [39.66190115234591, 44.66741244502336], [39.66190115234591, 44.68537866852318], [39.674630482233496, 44.68537866852318], [39.674630482233496, 44.69436178027309], [39.68735981212108, 44.69436178027309], [39.68735981212108, 44.68537866852318]]], [[[39.674630482233496, 44.703344892023], [39.674630482233496, 44.721311115522816], [39.68735981212108, 44.721311115522816], [39.68735981212108, 44.703344892023], [39.674630482233496, 44.703344892023]]], [[[39.80192378110935, 44.82012534477183], [39.80192378110935, 44.81114223302192], [39.814653110996936, 44.81114223302192], [39.814653110996936, 44.80215912127201], [39.82738244088452, 44.80215912127201], [39.82738244088452, 44.7931760095221], [39.840111770772104, 44.7931760095221], [39.840111770772104, 44.80215912127201], [39.89102909032244, 44.80215912127201], [39.89102909032244, 44.7931760095221], [39.916487750097616, 44.7931760095221], [39.916487750097616, 44.80215912127201], [39.9292170799852, 44.80215912127201], [39.9292170799852, 44.81114223302192], [39.941946409872784, 44.81114223302192], [39.941946409872784, 44.82012534477183], [39.96740506964795, 44.82012534477183], [39.96740506964795, 44.7931760095221], [39.95467573976037, 44.7931760095221], [39.95467573976037, 44.78419289777219], [39.941946409872784, 44.78419289777219], [39.941946409872784, 44.77520978602228], [39.9292170799852, 44.77520978602228], [39.9292170799852, 44.76622667427237], [39.916487750097616, 44.76622667427237], [39.916487750097616, 44.74826045077255], [39.90375842021003, 44.74826045077255], [39.90375842021003, 44.73927733902264], [39.916487750097616, 44.73927733902264], [39.916487750097616, 44.73029422727273], [39.9292170799852, 44.73029422727273], [39.9292170799852, 44.721311115522816], [39.941946409872784, 44.721311115522816], [39.941946409872784, 44.71232800377291], [39.95467573976037, 44.71232800377291], [39.95467573976037, 44.703344892023], [39.96740506964795, 44.703344892023], [39.96740506964795, 44.69436178027309], [39.99286372942312, 44.69436178027309], [39.99286372942312, 44.64046310977363], [39.96740506964795, 44.64046310977363], [39.96740506964795, 44.64944622152354], [39.941946409872784, 44.64944622152354], [39.941946409872784, 44.66741244502336], [39.9292170799852, 44.66741244502336], [39.9292170799852, 44.68537866852318], [39.916487750097616, 44.68537866852318], [39.916487750097616, 44.69436178027309], [39.90375842021003, 44.69436178027309], [39.90375842021003, 44.703344892023], [39.89102909032244, 44.703344892023], [39.89102909032244, 44.71232800377291], [39.87829976043486, 44.71232800377291], [39.87829976043486, 44.721311115522816], [39.86557043054727, 44.721311115522816], [39.86557043054727, 44.73927733902264], [39.85284110065969, 44.73927733902264], [39.85284110065969, 44.74826045077255], [39.840111770772104, 44.74826045077255], [39.840111770772104, 44.75724356252246], [39.82738244088452, 44.75724356252246], [39.82738244088452, 44.76622667427237], [39.814653110996936, 44.76622667427237], [39.814653110996936, 44.77520978602228], [39.80192378110935, 44.77520978602228], [39.80192378110935, 44.78419289777219], [39.776465121334176, 44.78419289777219], [39.776465121334176, 44.7931760095221], [39.76373579144659, 44.7931760095221], [39.76373579144659, 44.80215912127201], [39.776465121334176, 44.80215912127201], [39.776465121334176, 44.81114223302192], [39.76373579144659, 44.81114223302192], [39.76373579144659, 44.829108456521745], [39.78919445122176, 44.829108456521745], [39.78919445122176, 44.82012534477183], [39.80192378110935, 44.82012534477183]]], [[[40.043781048973464, 44.78419289777219], [40.043781048973464, 44.80215912127201], [40.05651037886105, 44.80215912127201], [40.05651037886105, 44.78419289777219], [40.043781048973464, 44.78419289777219]]], [[[39.712818471896256, 44.83809156827165], [39.712818471896256, 44.82012534477183], [39.674630482233496, 44.82012534477183], [39.674630482233496, 44.829108456521745], [39.66190115234591, 44.829108456521745], [39.66190115234591, 44.85605779177147], [39.70008914200867, 44.85605779177147], [39.70008914200867, 44.83809156827165], [39.712818471896256, 44.83809156827165]]], [[[40.06923970874863, 44.90097335052102], [40.06923970874863, 44.891990238771115], [40.08196903863622, 44.891990238771115], [40.08196903863622, 44.8830071270212], [40.0946983685238, 44.8830071270212], [40.0946983685238, 44.874024015271296], [40.10742769841139, 44.874024015271296], [40.10742769841139, 44.85605779177147], [40.120157028298976, 44.85605779177147], [40.120157028298976, 44.847074680021564], [40.10742769841139, 44.847074680021564], [40.10742769841139, 44.83809156827165], [40.08196903863622, 44.83809156827165], [40.08196903863622, 44.829108456521745], [40.06923970874863, 44.829108456521745], [40.06923970874863, 44.83809156827165], [40.05651037886105, 44.83809156827165], [40.05651037886105, 44.847074680021564], [40.043781048973464, 44.847074680021564], [40.043781048973464, 44.85605779177147], [40.03105171908588, 44.85605779177147], [40.03105171908588, 44.86504090352138], [40.018322389198296, 44.86504090352138], [40.018322389198296, 44.891990238771115], [40.00559305931071, 44.891990238771115], [40.00559305931071, 44.90097335052102], [40.03105171908588, 44.90097335052102], [40.03105171908588, 44.909956462270934], [40.05651037886105, 44.909956462270934], [40.05651037886105, 44.90097335052102], [40.06923970874863, 44.90097335052102]]], [[[39.78919445122176, 44.86504090352138], [39.78919445122176, 44.8830071270212], [39.814653110996936, 44.8830071270212], [39.814653110996936, 44.86504090352138], [39.78919445122176, 44.86504090352138]]]]}}, {"type": "Feature", "properties": {"name": "Лабинск", "value": 209}, "geometry": {"type": "MultiPolygon", "coordinates": [[[[40.59114223413962, 44.64046310977363], [40.59114223413962, 44.62249688627381], [40.6038715640272, 44.62249688627381], [40.6038715640272, 44.613513774523895], [40.616600893914786, 44.613513774523895], [40.616600893914786, 44.60453066277399], [40.62933022380238, 44.60453066277399], [40.62933022380238, 44.595547551024076], [40.64205955368996, 44.595547551024076], [40.64205955368996, 44.58656443927417], [40.616600893914786, 44.58656443927417], [40.616600893914786, 44.57758132752426], [40.6038715640272, 44.57758132752426], [40.6038715640272, 44.568598215774344], [40.59114223413962, 44.568598215774344], [40.59114223413962, 44.55961510402444], [40.57841290425203, 44.55961510402444], [40.57841290425203, 44.550631992274525], [40.59114223413962, 44.550631992274525], [40.59114223413962, 44.532665768774706], [40.6038715640272, 44.532665768774706], [40.6038715640272, 44.52368265702479], [40.616600893914786, 44.52368265702479], [40.616600893914786, 44.49673332177507], [40.6038715640272, 44.49673332177507], [40.6038715640272, 44.487750210025155], [40.59114223413962, 44.487750210025155], [40.59114223413962, 44.49673332177507], [40.56568357436445, 44.49673332177507], [40.56568357436445, 44.532665768774706], [40.552954244476865, 44.532665768774706], [40.552954244476865, 44.54164888052462], [40.54022491458928, 44.54164888052462], [40.54022491458928, 44.55961510402444], [40.552954244476865, 44.55961510402444], [40.552954244476865, 44.568598215774344], [40.56568357436445, 44.568598215774344], [40.56568357436445, 44.57758132752426], [40.57841290425203, 44.57758132752426], [40.57841290425203, 44.58656443927417], [40.56568357436445, 44.58656443927417], [40.56568357436445, 44.613513774523895], [40.552954244476865, 44.613513774523895], [40.552954244476865, 44.62249688627381], [40.54022491458928, 44.62249688627381], [40.54022491458928, 44.63147999802372], [40.5274955847017, 44.63147999802372], [40.5274955847017, 44.64046310977363], [40.59114223413962, 44.64046310977363]]], [[[40.64205955368996, 44.73927733902264], [40.654788883577545, 44.73927733902264], [40.654788883577545, 44.73029422727273], [40.66751821346513, 44.73029422727273], [40.66751821346513, 44.721311115522816], [40.68024754335271, 44.721311115522816], [40.68024754335271, 44.71232800377291], [40.6929768732403, 44.71232800377291], [40.6929768732403, 44.721311115522816], [40.70570620312788, 44.721311115522816], [40.70570620312788, 44.71232800377291], [40.718435533015466, 44.71232800377291], [40.718435533015466, 44.703344892023], [40.73116486290306, 44.703344892023], [40.73116486290306, 44.69436178027309], [40.756623522678225, 44.69436178027309], [40.756623522678225, 44.68537866852318], [40.76935285256581, 44.68537866852318], [40.76935285256581, 44.66741244502336], [40.782082182453394, 44.66741244502336], [40.782082182453394, 44.658429333273446], [40.79481151234098, 44.658429333273446], [40.79481151234098, 44.64046310977363], [40.782082182453394, 44.64046310977363], [40.782082182453394, 44.63147999802372], [40.76935285256581, 44.63147999802372], [40.76935285256581, 44.58656443927417], [40.782082182453394, 44.58656443927417], [40.782082182453394, 44.57758132752426], [40.79481151234098, 44.57758132752426], [40.79481151234098, 44.568598215774344], [40.80754084222856, 44.568598215774344], [40.80754084222856, 44.55961510402444], [40.83299950200374, 44.55961510402444], [40.83299950200374, 44.550631992274525], [40.858458161778906, 44.550631992274525], [40.858458161778906, 44.52368265702479], [40.83299950200374, 44.52368265702479], [40.83299950200374, 44.532665768774706], [40.820270172116146, 44.532665768774706], [40.820270172116146, 44.52368265702479], [40.80754084222856, 44.52368265702479], [40.80754084222856, 44.51469954527489], [40.782082182453394, 44.51469954527489], [40.782082182453394, 44.52368265702479], [40.76935285256581, 44.52368265702479], [40.76935285256581, 44.532665768774706], [40.756623522678225, 44.532665768774706], [40.756623522678225, 44.52368265702479], [40.74389419279064, 44.52368265702479], [40.74389419279064, 44.51469954527489], [40.73116486290306, 44.51469954527489], [40.73116486290306, 44.505716433524974], [40.718435533015466, 44.505716433524974], [40.718435533015466, 44.47876709827524], [40.70570620312788, 44.47876709827524], [40.70570620312788, 44.51469954527489], [40.6929768732403, 44.51469954527489], [40.6929768732403, 44.55961510402444], [40.68024754335271, 44.55961510402444], [40.68024754335271, 44.568598215774344], [40.66751821346513, 44.568598215774344], [40.66751821346513, 44.58656443927417], [40.68024754335271, 44.58656443927417], [40.68024754335271, 44.595547551024076], [40.6929768732403, 44.595547551024076], [40.6929768732403, 44.60453066277399], [40.70570620312788, 44.60453066277399], [40.70570620312788, 44.613513774523895], [40.718435533015466, 44.613513774523895], [40.718435533015466, 44.62249688627381], [40.70570620312788, 44.62249688627381], [40.70570620312788, 44.63147999802372], [40.6929768732403, 44.63147999802372], [40.6929768732403, 44.64046310977363], [40.68024754335271, 44.64046310977363], [40.68024754335271, 44.64944622152354], [40.654788883577545, 44.64944622152354], [40.654788883577545, 44.67639555677327], [40.66751821346513, 44.67639555677327], [40.66751821346513, 44.68537866852318], [40.654788883577545, 44.68537866852318], [40.654788883577545, 44.69436178027309], [40.64205955368996, 44.69436178027309], [40.64205955368996, 44.703344892023], [40.62933022380238, 44.703344892023], [40.62933022380238, 44.71232800377291], [40.6038715640272, 44.71232800377291], [40.6038715640272, 44.74826045077255], [40.64205955368996, 44.74826045077255], [40.64205955368996, 44.73927733902264]]], [[[40.83299950200374, 44.74826045077255], [40.84572883189132, 44.74826045077255], [40.84572883189132, 44.73927733902264], [40.87118749166649, 44.73927733902264], [40.87118749166649, 44.73029422727273], [40.89664615144166, 44.73029422727273], [40.89664615144166, 44.721311115522816], [40.883916821554074, 44.721311115522816], [40.883916821554074, 44.71232800377291], [40.89664615144166, 44.71232800377291], [40.89664615144166, 44.703344892023], [40.90937548132924, 44.703344892023], [40.90937548132924, 44.67639555677327], [40.922104811216826, 44.67639555677327], [40.922104811216826, 44.66741244502336], [40.90937548132924, 44.66741244502336], [40.90937548132924, 44.658429333273446], [40.89664615144166, 44.658429333273446], [40.89664615144166, 44.64944622152354], [40.90937548132924, 44.64944622152354], [40.90937548132924, 44.64046310977363], [40.922104811216826, 44.64046310977363], [40.922104811216826, 44.63147999802372], [40.93483414110441, 44.63147999802372], [40.93483414110441, 44.62249688627381], [40.947563470992, 44.62249688627381], [40.947563470992, 44.60453066277399], [40.93483414110441, 44.60453066277399], [40.93483414110441, 44.595547551024076], [40.922104811216826, 44.595547551024076], [40.922104811216826, 44.58656443927417], [40.90937548132924, 44.58656443927417], [40.90937548132924, 44.57758132752426], [40.89664615144166, 44.57758132752426], [40.89664615144166, 44.58656443927417], [40.883916821554074, 44.58656443927417], [40.883916821554074, 44.595547551024076], [40.89664615144166, 44.595547551024076], [40.89664615144166, 44.60453066277399], [40.90937548132924, 44.60453066277399], [40.90937548132924, 44.62249688627381], [40.89664615144166, 44.62249688627381], [40.89664615144166, 44.63147999802372], [40.883916821554074, 44.63147999802372], [40.883916821554074, 44.64046310977363], [40.87118749166649, 44.64046310977363], [40.87118749166649, 44.64944622152354], [40.858458161778906, 44.64944622152354], [40.858458161778906, 44.64046310977363], [40.83299950200374, 44.64046310977363], [40.83299950200374, 44.64944622152354], [40.84572883189132, 44.64944622152354], [40.84572883189132, 44.658429333273446], [40.858458161778906, 44.658429333273446], [40.858458161778906, 44.66741244502336], [40.87118749166649, 44.66741244502336], [40.87118749166649, 44.67639555677327], [40.883916821554074, 44.67639555677327], [40.883916821554074, 44.68537866852318], [40.87118749166649, 44.68537866852318], [40.87118749166649, 44.69436178027309], [40.858458161778906, 44.69436178027309], [40.858458161778906, 44.703344892023], [40.84572883189132, 44.703344892023], [40.84572883189132, 44.71232800377291], [40.83299950200374, 44.71232800377291], [40.83299950200374, 44.73029422727273], [40.820270172116146, 44.73029422727273], [40.820270172116146, 44.73927733902264], [40.80754084222856, 44.73927733902264], [40.80754084222856, 44.75724356252246], [40.83299950200374, 44.75724356252246], [40.83299950200374, 44.74826045077255]]]]}}, {"type": "Feature", "properties": {"name": "Крымск", "value": 180}, "geometry": {"type": "Polygon", "coordinates": [[[37.86706563819643, 45.062669362019406], [37.86706563819643, 45.05368625026949], [37.854336308308845, 45.05368625026949], [37.854336308308845, 45.04470313851959], [37.84160697842126, 45.04470313851959], [37.84160697842126, 45.035720026769674], [37.82887764853368, 45.035720026769674], [37.82887764853368, 45.02673691501977], [37.816148318646086, 45.02673691501977], [37.816148318646086, 45.00877069151994], [37.8034189887585, 45.00877069151994], [37.8034189887585, 44.98182135627022], [37.79068965887092, 44.98182135627022], [37.79068965887092, 44.972838244520304], [37.8034189887585, 44.972838244520304], [37.8034189887585, 44.96385513277039], [37.816148318646086, 44.96385513277039], [37.816148318646086, 44.954872021020485], [37.8034189887585, 44.954872021020485], [37.8034189887585, 44.94588890927057], [37.79068965887092, 44.94588890927057], [37.79068965887092, 44.936905797520666], [37.77796032898333, 44.936905797520666], [37.77796032898333, 44.92792268577075], [37.79068965887092, 44.92792268577075], [37.79068965887092, 44.91893957402085], [37.8034189887585, 44.91893957402085], [37.8034189887585, 44.92792268577075], [37.816148318646086, 44.92792268577075], [37.816148318646086, 44.936905797520666], [37.82887764853368, 44.936905797520666], [37.82887764853368, 44.92792268577075], [37.84160697842126, 44.92792268577075], [37.84160697842126, 44.91893957402085], [37.854336308308845, 44.91893957402085], [37.854336308308845, 44.909956462270934], [37.86706563819643, 44.909956462270934], [37.86706563819643, 44.891990238771115], [37.854336308308845, 44.891990238771115], [37.854336308308845, 44.8830071270212], [37.84160697842126, 44.8830071270212], [37.84160697842126, 44.874024015271296], [37.82887764853368, 44.874024015271296], [37.82887764853368, 44.86504090352138], [37.84160697842126, 44.86504090352138], [37.84160697842126, 44.85605779177147], [37.854336308308845, 44.85605779177147], [37.854336308308845, 44.847074680021564], [37.86706563819643, 44.847074680021564], [37.86706563819643, 44.83809156827165], [37.87979496808401, 44.83809156827165], [37.87979496808401, 44.82012534477183], [37.917982957746766, 44.82012534477183], [37.917982957746766, 44.847074680021564], [37.90525362785918, 44.847074680021564], [37.90525362785918, 44.85605779177147], [37.917982957746766, 44.85605779177147], [37.917982957746766, 44.86504090352138], [37.93071228763436, 44.86504090352138], [37.93071228763436, 44.874024015271296], [37.94344161752194, 44.874024015271296], [37.94344161752194, 44.8830071270212], [37.956170947409525, 44.8830071270212], [37.956170947409525, 44.874024015271296], [37.96890027729711, 44.874024015271296], [37.96890027729711, 44.86504090352138], [37.98162960718469, 44.86504090352138], [37.98162960718469, 44.85605779177147], [38.00708826695986, 44.85605779177147], [38.00708826695986, 44.86504090352138], [38.03254692673503, 44.86504090352138], [38.03254692673503, 44.874024015271296], [38.04527625662262, 44.874024015271296], [38.04527625662262, 44.8830071270212], [38.058005586510205, 44.8830071270212], [38.058005586510205, 44.891990238771115], [38.07073491639779, 44.891990238771115], [38.07073491639779, 44.90097335052102], [38.083464246285374, 44.90097335052102], [38.083464246285374, 44.909956462270934], [38.07073491639779, 44.909956462270934], [38.07073491639779, 44.91893957402085], [38.083464246285374, 44.91893957402085], [38.083464246285374, 44.92792268577075], [38.09619357617296, 44.92792268577075], [38.09619357617296, 44.936905797520666], [38.10892290606054, 44.936905797520666], [38.10892290606054, 44.954872021020485], [38.09619357617296, 44.954872021020485], [38.09619357617296, 44.96385513277039], [38.083464246285374, 44.96385513277039], [38.083464246285374, 44.972838244520304], [38.07073491639779, 44.972838244520304], [38.07073491639779, 44.98182135627022], [38.058005586510205, 44.98182135627022], [38.058005586510205, 44.999787579770036], [38.07073491639779, 44.999787579770036], [38.07073491639779, 45.00877069151994], [38.083464246285374, 45.00877069151994], [38.083464246285374, 45.017753803269855], [38.09619357617296, 45.017753803269855], [38.09619357617296, 45.04470313851959], [38.07073491639779, 45.04470313851959], [38.07073491639779, 45.035720026769674], [38.058005586510205, 45.035720026769674], [38.058005586510205, 45.02673691501977], [38.04527625662262, 45.02673691501977], [38.04527625662262, 45.017753803269855], [38.03254692673503, 45.017753803269855], [38.03254692673503, 45.00877069151994], [38.019817596847446, 45.00877069151994], [38.019817596847446, 44.999787579770036], [38.00708826695986, 44.999787579770036], [38.00708826695986, 44.99080446802012], [37.99435893707228, 44.99080446802012], [37.99435893707228, 44.999787579770036], [37.98162960718469, 44.999787579770036], [37.98162960718469, 45.00877069151994], [37.96890027729711, 45.00877069151994], [37.96890027729711, 45.017753803269855], [37.956170947409525, 45.017753803269855], [37.956170947409525, 45.02673691501977], [37.94344161752194, 45.02673691501977], [37.94344161752194, 45.04470313851959], [37.917982957746766, 45.04470313851959], [37.917982957746766, 45.05368625026949], [37.90525362785918, 45.05368625026949], [37.90525362785918, 45.062669362019406], [37.86706563819643, 45.062669362019406]]]}}, {"type": "Feature", "properties": {"name": "Кропоткин", "value": 178}, "geometry": {"type": "MultiPolygon", "coordinates": [[[[40.59114223413962, 45.47589250251527], [40.59114223413962, 45.466909390765366], [40.6038715640272, 45.466909390765366], [40.6038715640272, 45.45792627901545], [40.616600893914786, 45.45792627901545], [40.616600893914786, 45.44894316726554], [40.62933022380238, 45.44894316726554], [40.62933022380238, 45.45792627901545], [40.654788883577545, 45.45792627901545], [40.654788883577545, 45.466909390765366], [40.68024754335271, 45.466909390765366], [40.68024754335271, 45.45792627901545], [40.70570620312788, 45.45792627901545], [40.70570620312788, 45.44894316726554], [40.718435533015466, 45.44894316726554], [40.718435533015466, 45.43097694376572], [40.6929768732403, 45.43097694376572], [40.6929768732403, 45.421993832015815], [40.68024754335271, 45.421993832015815], [40.68024754335271, 45.4130107202659], [40.66751821346513, 45.4130107202659], [40.66751821346513, 45.404027608515996], [40.654788883577545, 45.404027608515996], [40.654788883577545, 45.39504449676608], [40.64205955368996, 45.39504449676608], [40.64205955368996, 45.38606138501617], [40.62933022380238, 45.38606138501617], [40.62933022380238, 45.377078273266264], [40.56568357436445, 45.377078273266264], [40.56568357436445, 45.36809516151635], [40.5274955847017, 45.36809516151635], [40.5274955847017, 45.359112049766445], [40.50203692492652, 45.359112049766445], [40.50203692492652, 45.36809516151635], [40.47657826515135, 45.36809516151635], [40.47657826515135, 45.359112049766445], [40.46384893526377, 45.359112049766445], [40.46384893526377, 45.35012893801653], [40.4383902754886, 45.35012893801653], [40.4383902754886, 45.34114582626662], [40.40020228582584, 45.34114582626662], [40.40020228582584, 45.35012893801653], [40.36201429616309, 45.35012893801653], [40.36201429616309, 45.36809516151635], [40.37474362605067, 45.36809516151635], [40.37474362605067, 45.377078273266264], [40.38747295593826, 45.377078273266264], [40.38747295593826, 45.38606138501617], [40.40020228582584, 45.38606138501617], [40.40020228582584, 45.39504449676608], [40.38747295593826, 45.39504449676608], [40.38747295593826, 45.4130107202659], [40.40020228582584, 45.4130107202659], [40.40020228582584, 45.421993832015815], [40.412931615713426, 45.421993832015815], [40.412931615713426, 45.43097694376572], [40.451119605376185, 45.43097694376572], [40.451119605376185, 45.421993832015815], [40.48930759503894, 45.421993832015815], [40.48930759503894, 45.4130107202659], [40.50203692492652, 45.4130107202659], [40.50203692492652, 45.421993832015815], [40.514766254814106, 45.421993832015815], [40.514766254814106, 45.43097694376572], [40.5274955847017, 45.43097694376572], [40.5274955847017, 45.439960055515634], [40.54022491458928, 45.439960055515634], [40.54022491458928, 45.466909390765366], [40.57841290425203, 45.466909390765366], [40.57841290425203, 45.47589250251527], [40.59114223413962, 45.47589250251527]]], [[[40.412931615713426, 45.565723620014374], [40.412931615713426, 45.55674050826447], [40.42566094560102, 45.55674050826447], [40.42566094560102, 45.547757396514555], [40.451119605376185, 45.547757396514555], [40.451119605376185, 45.55674050826447], [40.46384893526377, 45.55674050826447], [40.46384893526377, 45.565723620014374], [40.54022491458928, 45.565723620014374], [40.54022491458928, 45.55674050826447], [40.552954244476865, 45.55674050826447], [40.552954244476865, 45.53877428476464], [40.514766254814106, 45.53877428476464], [40.514766254814106, 45.547757396514555], [40.50203692492652, 45.547757396514555], [40.50203692492652, 45.53877428476464], [40.48930759503894, 45.53877428476464], [40.48930759503894, 45.529791173014736], [40.47657826515135, 45.529791173014736], [40.47657826515135, 45.52080806126482], [40.46384893526377, 45.52080806126482], [40.46384893526377, 45.502841837765004], [40.451119605376185, 45.502841837765004], [40.451119605376185, 45.51182494951492], [40.4383902754886, 45.51182494951492], [40.4383902754886, 45.52080806126482], [40.40020228582584, 45.52080806126482], [40.40020228582584, 45.529791173014736], [40.38747295593826, 45.529791173014736], [40.38747295593826, 45.53877428476464], [40.37474362605067, 45.53877428476464], [40.37474362605067, 45.55674050826447], [40.38747295593826, 45.55674050826447], [40.38747295593826, 45.565723620014374], [40.412931615713426, 45.565723620014374]]]]}}, {"type": "Feature", "properties": {"name": "Тимашевск", "value": 178}, "geometry": {"type": "Polygon", "coordinates": [[[38.92360001886598, 45.63758851401366], [38.92360001886598, 45.628605402263744], [38.9108706889784, 45.628605402263744], [38.9108706889784, 45.61962229051384], [38.898141359090815, 45.61962229051384], [38.898141359090815, 45.610639178763925], [38.9108706889784, 45.610639178763925], [38.9108706889784, 45.60165606701402], [38.92360001886598, 45.60165606701402], [38.92360001886598, 45.592672955264106], [38.93632934875357, 45.592672955264106], [38.93632934875357, 45.60165606701402], [38.94905867864115, 45.60165606701402], [38.94905867864115, 45.610639178763925], [38.961788008528735, 45.610639178763925], [38.961788008528735, 45.61962229051384], [38.94905867864115, 45.61962229051384], [38.94905867864115, 45.628605402263744], [38.93632934875357, 45.628605402263744], [38.93632934875357, 45.63758851401366], [38.92360001886598, 45.63758851401366]]]}}, {"type": "Feature", "properties": {"name": "Горячий Ключ", "value": 244}, "geometry": {"type": "MultiPolygon", "coordinates": [[[[38.97451733841633, 44.54164888052462], [38.94905867864115, 44.54164888052462], [38.94905867864115, 44.550631992274525], [38.97451733841633, 44.550631992274525], [38.97451733841633, 44.54164888052462]]], [[[39.31820924538112, 44.550631992274525], [39.305479915493535, 44.550631992274525], [39.305479915493535, 44.532665768774706], [39.29275058560595, 44.532665768774706], [39.29275058560595, 44.54164888052462], [39.28002125571837, 44.54164888052462], [39.28002125571837, 44.550631992274525], [39.29275058560595, 44.550631992274525], [39.29275058560595, 44.568598215774344], [39.31820924538112, 44.568598215774344], [39.31820924538112, 44.550631992274525]]], [[[39.22910393616802, 44.721311115522816], [39.24183326605561, 44.721311115522816], [39.24183326605561, 44.69436178027309], [39.22910393616802, 44.69436178027309], [39.22910393616802, 44.67639555677327], [39.21637460628044, 44.67639555677327], [39.21637460628044, 44.66741244502336], [39.203645276392855, 44.66741244502336], [39.203645276392855, 44.658429333273446], [39.19091594650527, 44.658429333273446], [39.19091594650527, 44.64046310977363], [39.165457286730096, 44.64046310977363], [39.165457286730096, 44.63147999802372], [39.15272795684251, 44.63147999802372], [39.15272795684251, 44.62249688627381], [39.13999862695493, 44.62249688627381], [39.13999862695493, 44.613513774523895], [39.12726929706734, 44.613513774523895], [39.12726929706734, 44.62249688627381], [39.11453996717976, 44.62249688627381], [39.11453996717976, 44.63147999802372], [39.101810637292175, 44.63147999802372], [39.101810637292175, 44.62249688627381], [39.08908130740459, 44.62249688627381], [39.08908130740459, 44.64944622152354], [39.12726929706734, 44.64944622152354], [39.12726929706734, 44.658429333273446], [39.13999862695493, 44.658429333273446], [39.13999862695493, 44.64944622152354], [39.15272795684251, 44.64944622152354], [39.15272795684251, 44.658429333273446], [39.165457286730096, 44.658429333273446], [39.165457286730096, 44.66741244502336], [39.17818661661769, 44.66741244502336], [39.17818661661769, 44.67639555677327], [39.19091594650527, 44.67639555677327], [39.19091594650527, 44.68537866852318], [39.203645276392855, 44.68537866852318], [39.203645276392855, 44.69436178027309], [39.19091594650527, 44.69436178027309], [39.19091594650527, 44.703344892023], [39.203645276392855, 44.703344892023], [39.203645276392855, 44.721311115522816], [39.21637460628044, 44.721311115522816], [39.21637460628044, 44.73029422727273], [39.22910393616802, 44.73029422727273], [39.22910393616802, 44.721311115522816]]], [[[39.29275058560595, 44.74826045077255], [39.28002125571837, 44.74826045077255], [39.28002125571837, 44.75724356252246], [39.29275058560595, 44.75724356252246], [39.29275058560595, 44.74826045077255]]]]}}, {"type": "Feature", "properties": {"name": "Темрюк", "value": 228}, "geometry": {"type": "MultiPolygon", "coordinates": [[[[37.20514048404201, 45.24233159701761], [37.20514048404201, 45.2333484852677], [37.217869813929596, 45.2333484852677], [37.217869813929596, 45.21538226176788], [37.20514048404201, 45.21538226176788], [37.20514048404201, 45.206399150017965], [37.19241115415442, 45.206399150017965], [37.19241115415442, 45.19741603826806], [37.16695249437925, 45.19741603826806], [37.16695249437925, 45.188432926518146], [37.141493834604084, 45.188432926518146], [37.141493834604084, 45.19741603826806], [37.1287645047165, 45.19741603826806], [37.1287645047165, 45.21538226176788], [37.116035174828916, 45.21538226176788], [37.116035174828916, 45.22436537351779], [37.1287645047165, 45.22436537351779], [37.1287645047165, 45.2333484852677], [37.15422316449167, 45.2333484852677], [37.15422316449167, 45.24233159701761], [37.20514048404201, 45.24233159701761]]], [[[37.319704453030276, 45.3231796027668], [37.33243378291786, 45.3231796027668], [37.33243378291786, 45.314196491016894], [37.345163112805444, 45.314196491016894], [37.345163112805444, 45.30521337926698], [37.37062177258061, 45.30521337926698], [37.37062177258061, 45.29623026751707], [37.3833511024682, 45.29623026751707], [37.3833511024682, 45.28724715576716], [37.408809762243365, 45.28724715576716], [37.408809762243365, 45.27826404401725], [37.421539092130956, 45.27826404401725], [37.421539092130956, 45.26928093226734], [37.47245641168129, 45.26928093226734], [37.47245641168129, 45.26029782051743], [37.48518574156888, 45.26029782051743], [37.48518574156888, 45.25131470876752], [37.510644401344045, 45.25131470876752], [37.510644401344045, 45.24233159701761], [37.548832391006805, 45.24233159701761], [37.548832391006805, 45.22436537351779], [37.523373731231636, 45.22436537351779], [37.523373731231636, 45.2333484852677], [37.49791507145646, 45.2333484852677], [37.49791507145646, 45.24233159701761], [37.47245641168129, 45.24233159701761], [37.47245641168129, 45.2333484852677], [37.45972708179371, 45.2333484852677], [37.45972708179371, 45.22436537351779], [37.43426842201854, 45.22436537351779], [37.43426842201854, 45.2333484852677], [37.408809762243365, 45.2333484852677], [37.408809762243365, 45.24233159701761], [37.39608043235578, 45.24233159701761], [37.39608043235578, 45.25131470876752], [37.3833511024682, 45.25131470876752], [37.3833511024682, 45.26029782051743], [37.35789244269303, 45.26029782051743], [37.35789244269303, 45.25131470876752], [37.345163112805444, 45.25131470876752], [37.345163112805444, 45.24233159701761], [37.33243378291786, 45.24233159701761], [37.33243378291786, 45.2333484852677], [37.319704453030276, 45.2333484852677], [37.319704453030276, 45.21538226176788], [37.33243378291786, 45.21538226176788], [37.33243378291786, 45.19741603826806], [37.319704453030276, 45.19741603826806], [37.319704453030276, 45.188432926518146], [37.306975123142685, 45.188432926518146], [37.306975123142685, 45.17046670301833], [37.28151646336752, 45.17046670301833], [37.28151646336752, 45.16148359126842], [37.25605780359235, 45.16148359126842], [37.25605780359235, 45.17944981476824], [37.26878713347993, 45.17944981476824], [37.26878713347993, 45.19741603826806], [37.25605780359235, 45.19741603826806], [37.25605780359235, 45.21538226176788], [37.26878713347993, 45.21538226176788], [37.26878713347993, 45.22436537351779], [37.28151646336752, 45.22436537351779], [37.28151646336752, 45.2333484852677], [37.2942457932551, 45.2333484852677], [37.2942457932551, 45.24233159701761], [37.306975123142685, 45.24233159701761], [37.306975123142685, 45.26029782051743], [37.319704453030276, 45.26029782051743], [37.319704453030276, 45.26928093226734], [37.33243378291786, 45.26928093226734], [37.33243378291786, 45.28724715576716], [37.319704453030276, 45.28724715576716], [37.319704453030276, 45.29623026751707], [37.306975123142685, 45.29623026751707], [37.306975123142685, 45.30521337926698], [37.2942457932551, 45.30521337926698], [37.2942457932551, 45.314196491016894], [37.25605780359235, 45.314196491016894], [37.25605780359235, 45.3231796027668], [37.23059914381718, 45.3231796027668], [37.23059914381718, 45.33216271451671], [37.319704453030276, 45.33216271451671], [37.319704453030276, 45.3231796027668]]], [[[37.45972708179371, 45.34114582626662], [37.446997751906125, 45.34114582626662], [37.446997751906125, 45.35012893801653], [37.45972708179371, 45.35012893801653], [37.45972708179371, 45.34114582626662]]]]}}, {"type": "Feature", "properties": {"name": "Абинск", "value": 224}, "geometry": {"type": "MultiPolygon", "coordinates": [[[[38.223486875048806, 44.999787579770036], [38.223486875048806, 44.98182135627022], [38.185298885386054, 44.98182135627022], [38.185298885386054, 44.972838244520304], [38.17256955549847, 44.972838244520304], [38.17256955549847, 44.96385513277039], [38.159840225610886, 44.96385513277039], [38.159840225610886, 44.954872021020485], [38.1471108957233, 44.954872021020485], [38.1471108957233, 44.936905797520666], [38.13438156583571, 44.936905797520666], [38.13438156583571, 44.92792268577075], [38.1471108957233, 44.92792268577075], [38.1471108957233, 44.91893957402085], [38.159840225610886, 44.91893957402085], [38.159840225610886, 44.909956462270934], [38.17256955549847, 44.909956462270934], [38.17256955549847, 44.90097335052102], [38.185298885386054, 44.90097335052102], [38.185298885386054, 44.891990238771115], [38.19802821527364, 44.891990238771115], [38.19802821527364, 44.8830071270212], [38.21075754516122, 44.8830071270212], [38.21075754516122, 44.874024015271296], [38.223486875048806, 44.874024015271296], [38.223486875048806, 44.86504090352138], [38.23621620493639, 44.86504090352138], [38.23621620493639, 44.85605779177147], [38.261674864711566, 44.85605779177147], [38.261674864711566, 44.86504090352138], [38.27440419459915, 44.86504090352138], [38.27440419459915, 44.874024015271296], [38.35078017392466, 44.874024015271296], [38.35078017392466, 44.85605779177147], [38.33805084403707, 44.85605779177147], [38.33805084403707, 44.847074680021564], [38.325321514149486, 44.847074680021564], [38.325321514149486, 44.82012534477183], [38.287133524486734, 44.82012534477183], [38.287133524486734, 44.81114223302192], [38.27440419459915, 44.81114223302192], [38.27440419459915, 44.82012534477183], [38.261674864711566, 44.82012534477183], [38.261674864711566, 44.829108456521745], [38.24894553482398, 44.829108456521745], [38.24894553482398, 44.83809156827165], [38.223486875048806, 44.83809156827165], [38.223486875048806, 44.829108456521745], [38.21075754516122, 44.829108456521745], [38.21075754516122, 44.83809156827165], [38.185298885386054, 44.83809156827165], [38.185298885386054, 44.829108456521745], [38.159840225610886, 44.829108456521745], [38.159840225610886, 44.83809156827165], [38.1471108957233, 44.83809156827165], [38.1471108957233, 44.847074680021564], [38.121652235948126, 44.847074680021564], [38.121652235948126, 44.85605779177147], [38.10892290606054, 44.85605779177147], [38.10892290606054, 44.86504090352138], [38.09619357617296, 44.86504090352138], [38.09619357617296, 44.874024015271296], [38.083464246285374, 44.874024015271296], [38.083464246285374, 44.86504090352138], [38.07073491639779, 44.86504090352138], [38.07073491639779, 44.891990238771115], [38.083464246285374, 44.891990238771115], [38.083464246285374, 44.90097335052102], [38.09619357617296, 44.90097335052102], [38.09619357617296, 44.909956462270934], [38.10892290606054, 44.909956462270934], [38.10892290606054, 44.91893957402085], [38.09619357617296, 44.91893957402085], [38.09619357617296, 44.936905797520666], [38.10892290606054, 44.936905797520666], [38.10892290606054, 44.954872021020485], [38.121652235948126, 44.954872021020485], [38.121652235948126, 44.96385513277039], [38.13438156583571, 44.96385513277039], [38.13438156583571, 44.972838244520304], [38.1471108957233, 44.972838244520304], [38.1471108957233, 44.98182135627022], [38.159840225610886, 44.98182135627022], [38.159840225610886, 44.99080446802012], [38.17256955549847, 44.99080446802012], [38.17256955549847, 44.999787579770036], [38.223486875048806, 44.999787579770036]]], [[[38.261674864711566, 44.94588890927057], [38.261674864711566, 44.92792268577075], [38.24894553482398, 44.92792268577075], [38.24894553482398, 44.94588890927057], [38.261674864711566, 44.94588890927057]]]]}}, {"type": "Feature", "properties": {"name": "Усть-Лабинск", "value": 212}, "geometry": {"type": "MultiPolygon", "coordinates": [[[[39.87829976043486, 45.125551144268776], [39.89102909032244, 45.125551144268776], [39.89102909032244, 45.098601809019044], [39.87829976043486, 45.098601809019044], [39.87829976043486, 45.10758492076896], [39.86557043054727, 45.10758492076896], [39.86557043054727, 45.11656803251887], [39.85284110065969, 45.11656803251887], [39.85284110065969, 45.13453425601869], [39.87829976043486, 45.13453425601869], [39.87829976043486, 45.125551144268776]]], [[[39.76373579144659, 45.24233159701761], [39.76373579144659, 45.2333484852677], [39.776465121334176, 45.2333484852677], [39.776465121334176, 45.22436537351779], [39.78919445122176, 45.22436537351779], [39.78919445122176, 45.2333484852677], [39.80192378110935, 45.2333484852677], [39.80192378110935, 45.24233159701761], [39.814653110996936, 45.24233159701761], [39.814653110996936, 45.25131470876752], [39.82738244088452, 45.25131470876752], [39.82738244088452, 45.24233159701761], [39.86557043054727, 45.24233159701761], [39.86557043054727, 45.25131470876752], [39.87829976043486, 45.25131470876752], [39.87829976043486, 45.24233159701761], [39.89102909032244, 45.24233159701761], [39.89102909032244, 45.25131470876752], [39.90375842021003, 45.25131470876752], [39.90375842021003, 45.24233159701761], [39.916487750097616, 45.24233159701761], [39.916487750097616, 45.22436537351779], [39.87829976043486, 45.22436537351779], [39.87829976043486, 45.2333484852677], [39.85284110065969, 45.2333484852677], [39.85284110065969, 45.22436537351779], [39.840111770772104, 45.22436537351779], [39.840111770772104, 45.21538226176788], [39.82738244088452, 45.21538226176788], [39.82738244088452, 45.206399150017965], [39.814653110996936, 45.206399150017965], [39.814653110996936, 45.19741603826806], [39.82738244088452, 45.19741603826806], [39.82738244088452, 45.17944981476824], [39.814653110996936, 45.17944981476824], [39.814653110996936, 45.17046670301833], [39.80192378110935, 45.17046670301833], [39.80192378110935, 45.16148359126842], [39.78919445122176, 45.16148359126842], [39.78919445122176, 45.15250047951851], [39.776465121334176, 45.15250047951851], [39.776465121334176, 45.143517367768595], [39.78919445122176, 45.143517367768595], [39.78919445122176, 45.13453425601869], [39.776465121334176, 45.13453425601869], [39.776465121334176, 45.125551144268776], [39.76373579144659, 45.125551144268776], [39.76373579144659, 45.11656803251887], [39.75100646155901, 45.11656803251887], [39.75100646155901, 45.098601809019044], [39.76373579144659, 45.098601809019044], [39.76373579144659, 45.08961869726914], [39.776465121334176, 45.08961869726914], [39.776465121334176, 45.080635585519225], [39.78919445122176, 45.080635585519225], [39.78919445122176, 45.062669362019406], [39.76373579144659, 45.062669362019406], [39.76373579144659, 45.07165247376932], [39.75100646155901, 45.07165247376932], [39.75100646155901, 45.080635585519225], [39.72554780178384, 45.080635585519225], [39.72554780178384, 45.08961869726914], [39.68735981212108, 45.08961869726914], [39.68735981212108, 45.098601809019044], [39.66190115234591, 45.098601809019044], [39.66190115234591, 45.08961869726914], [39.64917182245833, 45.08961869726914], [39.64917182245833, 45.080635585519225], [39.636442492570744, 45.080635585519225], [39.636442492570744, 45.07165247376932], [39.610983832795576, 45.07165247376932], [39.610983832795576, 45.080635585519225], [39.59825450290799, 45.080635585519225], [39.59825450290799, 45.08961869726914], [39.5855251730204, 45.08961869726914], [39.5855251730204, 45.098601809019044], [39.56006651324523, 45.098601809019044], [39.56006651324523, 45.08961869726914], [39.52187852358248, 45.08961869726914], [39.52187852358248, 45.098601809019044], [39.534607853470064, 45.098601809019044], [39.534607853470064, 45.11656803251887], [39.54733718335765, 45.11656803251887], [39.54733718335765, 45.125551144268776], [39.56006651324523, 45.125551144268776], [39.56006651324523, 45.143517367768595], [39.572795843132816, 45.143517367768595], [39.572795843132816, 45.15250047951851], [39.5855251730204, 45.15250047951851], [39.5855251730204, 45.16148359126842], [39.59825450290799, 45.16148359126842], [39.59825450290799, 45.17046670301833], [39.5855251730204, 45.17046670301833], [39.5855251730204, 45.17944981476824], [39.572795843132816, 45.17944981476824], [39.572795843132816, 45.188432926518146], [39.56006651324523, 45.188432926518146], [39.56006651324523, 45.19741603826806], [39.534607853470064, 45.19741603826806], [39.534607853470064, 45.21538226176788], [39.54733718335765, 45.21538226176788], [39.54733718335765, 45.22436537351779], [39.610983832795576, 45.22436537351779], [39.610983832795576, 45.2333484852677], [39.62371316268316, 45.2333484852677], [39.62371316268316, 45.24233159701761], [39.636442492570744, 45.24233159701761], [39.636442492570744, 45.25131470876752], [39.75100646155901, 45.25131470876752], [39.75100646155901, 45.24233159701761], [39.76373579144659, 45.24233159701761]]], [[[39.48369053391972, 45.28724715576716], [39.48369053391972, 45.27826404401725], [39.470961204032136, 45.27826404401725], [39.470961204032136, 45.29623026751707], [39.509149193694896, 45.29623026751707], [39.509149193694896, 45.30521337926698], [39.52187852358248, 45.30521337926698], [39.52187852358248, 45.28724715576716], [39.48369053391972, 45.28724715576716]]], [[[39.572795843132816, 45.29623026751707], [39.5855251730204, 45.29623026751707], [39.5855251730204, 45.28724715576716], [39.534607853470064, 45.28724715576716], [39.534607853470064, 45.29623026751707], [39.54733718335765, 45.29623026751707], [39.54733718335765, 45.30521337926698], [39.572795843132816, 45.30521337926698], [39.572795843132816, 45.29623026751707]]], [[[39.78919445122176, 45.29623026751707], [39.78919445122176, 45.30521337926698], [39.814653110996936, 45.30521337926698], [39.814653110996936, 45.29623026751707], [39.78919445122176, 45.29623026751707]]], [[[39.64917182245833, 45.33216271451671], [39.64917182245833, 45.3231796027668], [39.66190115234591, 45.3231796027668], [39.66190115234591, 45.314196491016894], [39.636442492570744, 45.314196491016894], [39.636442492570744, 45.3231796027668], [39.62371316268316, 45.3231796027668], [39.62371316268316, 45.34114582626662], [39.636442492570744, 45.34114582626662], [39.636442492570744, 45.33216271451671], [39.64917182245833, 45.33216271451671]]]]}}, {"type": "Feature", "properties": {"name": "Гулькевичи", "value": 208}, "geometry": {"type": "MultiPolygon", "coordinates": [[[[40.84572883189132, 45.26029782051743], [40.84572883189132, 45.25131470876752], [40.858458161778906, 45.25131470876752], [40.858458161778906, 45.2333484852677], [40.84572883189132, 45.2333484852677], [40.84572883189132, 45.22436537351779], [40.83299950200374, 45.22436537351779], [40.83299950200374, 45.2333484852677], [40.820270172116146, 45.2333484852677], [40.820270172116146, 45.24233159701761], [40.80754084222856, 45.24233159701761], [40.80754084222856, 45.25131470876752], [40.820270172116146, 45.25131470876752], [40.820270172116146, 45.26029782051743], [40.84572883189132, 45.26029782051743]]], [[[40.54022491458928, 45.29623026751707], [40.514766254814106, 45.29623026751707], [40.514766254814106, 45.314196491016894], [40.54022491458928, 45.314196491016894], [40.54022491458928, 45.29623026751707]]], [[[40.858458161778906, 45.466909390765366], [40.87118749166649, 45.466909390765366], [40.87118749166649, 45.45792627901545], [40.89664615144166, 45.45792627901545], [40.89664615144166, 45.439960055515634], [40.883916821554074, 45.439960055515634], [40.883916821554074, 45.43097694376572], [40.87118749166649, 45.43097694376572], [40.87118749166649, 45.421993832015815], [40.858458161778906, 45.421993832015815], [40.858458161778906, 45.4130107202659], [40.84572883189132, 45.4130107202659], [40.84572883189132, 45.404027608515996], [40.83299950200374, 45.404027608515996], [40.83299950200374, 45.39504449676608], [40.84572883189132, 45.39504449676608], [40.84572883189132, 45.38606138501617], [40.858458161778906, 45.38606138501617], [40.858458161778906, 45.36809516151635], [40.87118749166649, 45.36809516151635], [40.87118749166649, 45.35012893801653], [40.84572883189132, 45.35012893801653], [40.84572883189132, 45.359112049766445], [40.820270172116146, 45.359112049766445], [40.820270172116146, 45.36809516151635], [40.80754084222856, 45.36809516151635], [40.80754084222856, 45.377078273266264], [40.79481151234098, 45.377078273266264], [40.79481151234098, 45.38606138501617], [40.782082182453394, 45.38606138501617], [40.782082182453394, 45.377078273266264], [40.76935285256581, 45.377078273266264], [40.76935285256581, 45.36809516151635], [40.756623522678225, 45.36809516151635], [40.756623522678225, 45.359112049766445], [40.74389419279064, 45.359112049766445], [40.74389419279064, 45.34114582626662], [40.73116486290306, 45.34114582626662], [40.73116486290306, 45.33216271451671], [40.718435533015466, 45.33216271451671], [40.718435533015466, 45.3231796027668], [40.70570620312788, 45.3231796027668], [40.70570620312788, 45.314196491016894], [40.6929768732403, 45.314196491016894], [40.6929768732403, 45.29623026751707], [40.70570620312788, 45.29623026751707], [40.70570620312788, 45.26928093226734], [40.718435533015466, 45.26928093226734], [40.718435533015466, 45.26029782051743], [40.73116486290306, 45.26029782051743], [40.73116486290306, 45.25131470876752], [40.74389419279064, 45.25131470876752], [40.74389419279064, 45.2333484852677], [40.6929768732403, 45.2333484852677], [40.6929768732403, 45.24233159701761], [40.66751821346513, 45.24233159701761], [40.66751821346513, 45.25131470876752], [40.6038715640272, 45.25131470876752], [40.6038715640272, 45.26029782051743], [40.62933022380238, 45.26029782051743], [40.62933022380238, 45.26928093226734], [40.64205955368996, 45.26928093226734], [40.64205955368996, 45.27826404401725], [40.654788883577545, 45.27826404401725], [40.654788883577545, 45.28724715576716], [40.66751821346513, 45.28724715576716], [40.66751821346513, 45.314196491016894], [40.68024754335271, 45.314196491016894], [40.68024754335271, 45.3231796027668], [40.66751821346513, 45.3231796027668], [40.66751821346513, 45.33216271451671], [40.654788883577545, 45.33216271451671], [40.654788883577545, 45.34114582626662], [40.64205955368996, 45.34114582626662], [40.64205955368996, 45.35012893801653], [40.616600893914786, 45.35012893801653], [40.616600893914786, 45.359112049766445], [40.59114223413962, 45.359112049766445], [40.59114223413962, 45.377078273266264], [40.6038715640272, 45.377078273266264], [40.6038715640272, 45.38606138501617], [40.616600893914786, 45.38606138501617], [40.616600893914786, 45.39504449676608], [40.62933022380238, 45.39504449676608], [40.62933022380238, 45.4130107202659], [40.64205955368996, 45.4130107202659], [40.64205955368996, 45.421993832015815], [40.718435533015466, 45.421993832015815], [40.718435533015466, 45.43097694376572], [40.73116486290306, 45.43097694376572], [40.73116486290306, 45.421993832015815], [40.74389419279064, 45.421993832015815], [40.74389419279064, 45.4130107202659], [40.756623522678225, 45.4130107202659], [40.756623522678225, 45.421993832015815], [40.76935285256581, 45.421993832015815], [40.76935285256581, 45.43097694376572], [40.782082182453394, 45.43097694376572], [40.782082182453394, 45.439960055515634], [40.79481151234098, 45.439960055515634], [40.79481151234098, 45.45792627901545], [40.820270172116146, 45.45792627901545], [40.820270172116146, 45.466909390765366], [40.83299950200374, 45.466909390765366], [40.83299950200374, 45.47589250251527], [40.858458161778906, 45.47589250251527], [40.858458161778906, 45.466909390765366]]]]}}, {"type": "Feature", "properties": {"name": "Новокубанск", "value": 180}, "geometry": {"type": "MultiPolygon", "coordinates": [[[[40.93483414110441, 44.99080446802012], [40.90937548132924, 44.99080446802012], [40.90937548132924, 45.00877069151994], [40.93483414110441, 45.00877069151994], [40.93483414110441, 44.99080446802012]]], [[[40.93483414110441, 45.02673691501977], [40.93483414110441, 45.035720026769674], [40.947563470992, 45.035720026769674], [40.947563470992, 45.02673691501977], [40.93483414110441, 45.02673691501977]]], [[[40.83299950200374, 45.02673691501977], [40.83299950200374, 45.04470313851959], [40.84572883189132, 45.04470313851959], [40.84572883189132, 45.02673691501977], [40.83299950200374, 45.02673691501977]]], [[[40.83299950200374, 45.08961869726914], [40.83299950200374, 45.098601809019044], [40.858458161778906, 45.098601809019044], [40.858458161778906, 45.08961869726914], [40.83299950200374, 45.08961869726914]]], [[[41.01121012042992, 45.2333484852677], [41.01121012042992, 45.22436537351779], [41.023939450317506, 45.22436537351779], [41.023939450317506, 45.21538226176788], [41.03666878020509, 45.21538226176788], [41.03666878020509, 45.22436537351779], [41.062127439980266, 45.22436537351779], [41.062127439980266, 45.206399150017965], [41.04939811009268, 45.206399150017965], [41.04939811009268, 45.19741603826806], [41.03666878020509, 45.19741603826806], [41.03666878020509, 45.188432926518146], [41.023939450317506, 45.188432926518146], [41.023939450317506, 45.17944981476824], [41.03666878020509, 45.17944981476824], [41.03666878020509, 45.17046670301833], [41.04939811009268, 45.17046670301833], [41.04939811009268, 45.16148359126842], [41.062127439980266, 45.16148359126842], [41.062127439980266, 45.15250047951851], [41.087586099755434, 45.15250047951851], [41.087586099755434, 45.16148359126842], [41.10031542964302, 45.16148359126842], [41.10031542964302, 45.17046670301833], [41.1130447595306, 45.17046670301833], [41.1130447595306, 45.17944981476824], [41.12577408941819, 45.17944981476824], [41.12577408941819, 45.17046670301833], [41.13850341930577, 45.17046670301833], [41.13850341930577, 45.16148359126842], [41.15123274919336, 45.16148359126842], [41.15123274919336, 45.143517367768595], [41.1130447595306, 45.143517367768595], [41.1130447595306, 45.13453425601869], [41.10031542964302, 45.13453425601869], [41.10031542964302, 45.125551144268776], [41.087586099755434, 45.125551144268776], [41.087586099755434, 45.11656803251887], [41.07485676986785, 45.11656803251887], [41.07485676986785, 45.10758492076896], [41.087586099755434, 45.10758492076896], [41.087586099755434, 45.080635585519225], [41.10031542964302, 45.080635585519225], [41.10031542964302, 45.05368625026949], [41.087586099755434, 45.05368625026949], [41.087586099755434, 45.062669362019406], [41.07485676986785, 45.062669362019406], [41.07485676986785, 45.07165247376932], [41.03666878020509, 45.07165247376932], [41.03666878020509, 45.080635585519225], [41.023939450317506, 45.080635585519225], [41.023939450317506, 45.08961869726914], [40.99848079054234, 45.08961869726914], [40.99848079054234, 45.098601809019044], [40.960292800879586, 45.098601809019044], [40.960292800879586, 45.08961869726914], [40.947563470992, 45.08961869726914], [40.947563470992, 45.098601809019044], [40.93483414110441, 45.098601809019044], [40.93483414110441, 45.10758492076896], [40.922104811216826, 45.10758492076896], [40.922104811216826, 45.11656803251887], [40.90937548132924, 45.11656803251887], [40.90937548132924, 45.125551144268776], [40.89664615144166, 45.125551144268776], [40.89664615144166, 45.13453425601869], [40.883916821554074, 45.13453425601869], [40.883916821554074, 45.125551144268776], [40.87118749166649, 45.125551144268776], [40.87118749166649, 45.11656803251887], [40.858458161778906, 45.11656803251887], [40.858458161778906, 45.10758492076896], [40.84572883189132, 45.10758492076896], [40.84572883189132, 45.11656803251887], [40.83299950200374, 45.11656803251887], [40.83299950200374, 45.13453425601869], [40.84572883189132, 45.13453425601869], [40.84572883189132, 45.143517367768595], [40.858458161778906, 45.143517367768595], [40.858458161778906, 45.15250047951851], [40.84572883189132, 45.15250047951851], [40.84572883189132, 45.17046670301833], [40.858458161778906, 45.17046670301833], [40.858458161778906, 45.17944981476824], [40.87118749166649, 45.17944981476824], [40.87118749166649, 45.188432926518146], [40.883916821554074, 45.188432926518146], [40.883916821554074, 45.19741603826806], [40.87118749166649, 45.19741603826806], [40.87118749166649, 45.206399150017965], [40.858458161778906, 45.206399150017965], [40.858458161778906, 45.22436537351779], [40.87118749166649, 45.22436537351779], [40.87118749166649, 45.21538226176788], [40.883916821554074, 45.21538226176788], [40.883916821554074, 45.206399150017965], [40.89664615144166, 45.206399150017965], [40.89664615144166, 45.19741603826806], [40.90937548132924, 45.19741603826806], [40.90937548132924, 45.188432926518146], [40.922104811216826, 45.188432926518146], [40.922104811216826, 45.19741603826806], [40.93483414110441, 45.19741603826806], [40.93483414110441, 45.206399150017965], [40.947563470992, 45.206399150017965], [40.947563470992, 45.21538226176788], [40.960292800879586, 45.21538226176788], [40.960292800879586, 45.24233159701761], [40.99848079054234, 45.24233159701761], [40.99848079054234, 45.2333484852677], [41.01121012042992, 45.2333484852677]]], [[[41.21487939863128, 45.15250047951851], [41.21487939863128, 45.16148359126842], [41.22760872851887, 45.16148359126842], [41.22760872851887, 45.15250047951851], [41.21487939863128, 45.15250047951851]]], [[[41.12577408941819, 45.19741603826806], [41.12577408941819, 45.21538226176788], [41.15123274919336, 45.21538226176788], [41.15123274919336, 45.19741603826806], [41.12577408941819, 45.19741603826806]]]]}}, {"type": "Feature", "properties": {"name": "Приморско-Ахтарск", "value": 180}, "geometry": {"type": "MultiPolygon", "coordinates": [[[[38.121652235948126, 45.93403120176069], [38.10892290606054, 45.93403120176069], [38.10892290606054, 45.92504809001078], [38.09619357617296, 45.92504809001078], [38.09619357617296, 45.93403120176069], [38.07073491639779, 45.93403120176069], [38.07073491639779, 45.9430143135106], [38.083464246285374, 45.9430143135106], [38.083464246285374, 45.951997425260515], [38.09619357617296, 45.951997425260515], [38.09619357617296, 45.96098053701042], [38.121652235948126, 45.96098053701042], [38.121652235948126, 45.93403120176069]]], [[[38.363509503812246, 46.014879207509885], [38.363509503812246, 45.98792987226015], [38.37623883369983, 45.98792987226015], [38.37623883369983, 45.96098053701042], [38.363509503812246, 45.96098053701042], [38.363509503812246, 45.951997425260515], [38.37623883369983, 45.951997425260515], [38.37623883369983, 45.92504809001078], [38.363509503812246, 45.92504809001078], [38.363509503812246, 45.93403120176069], [38.35078017392466, 45.93403120176069], [38.35078017392466, 45.951997425260515], [38.33805084403707, 45.951997425260515], [38.33805084403707, 45.969963648760334], [38.35078017392466, 45.969963648760334], [38.35078017392466, 45.97894676051024], [38.33805084403707, 45.97894676051024], [38.33805084403707, 45.98792987226015], [38.325321514149486, 45.98792987226015], [38.325321514149486, 45.996912984010066], [38.3125921842619, 45.996912984010066], [38.3125921842619, 46.00589609575997], [38.325321514149486, 46.00589609575997], [38.325321514149486, 46.014879207509885], [38.33805084403707, 46.014879207509885], [38.33805084403707, 46.02386231925979], [38.35078017392466, 46.02386231925979], [38.35078017392466, 46.014879207509885], [38.363509503812246, 46.014879207509885]]], [[[38.24894553482398, 45.97894676051024], [38.24894553482398, 45.996912984010066], [38.27440419459915, 45.996912984010066], [38.27440419459915, 45.97894676051024], [38.24894553482398, 45.97894676051024]]], [[[38.261674864711566, 46.11369343675889], [38.27440419459915, 46.11369343675889], [38.27440419459915, 46.095727213259075], [38.287133524486734, 46.095727213259075], [38.287133524486734, 46.08674410150917], [38.29986285437432, 46.08674410150917], [38.29986285437432, 46.077760989759255], [38.3125921842619, 46.077760989759255], [38.3125921842619, 46.06877787800934], [38.325321514149486, 46.06877787800934], [38.325321514149486, 46.05081165450952], [38.29986285437432, 46.05081165450952], [38.29986285437432, 46.05979476625944], [38.287133524486734, 46.05979476625944], [38.287133524486734, 46.06877787800934], [38.27440419459915, 46.06877787800934], [38.27440419459915, 46.05979476625944], [38.261674864711566, 46.05979476625944], [38.261674864711566, 46.05081165450952], [38.24894553482398, 46.05081165450952], [38.24894553482398, 46.04182854275962], [38.23621620493639, 46.04182854275962], [38.23621620493639, 46.032845431009704], [38.17256955549847, 46.032845431009704], [38.17256955549847, 46.02386231925979], [38.159840225610886, 46.02386231925979], [38.159840225610886, 46.014879207509885], [38.1471108957233, 46.014879207509885], [38.1471108957233, 46.04182854275962], [38.13438156583571, 46.04182854275962], [38.13438156583571, 46.05081165450952], [38.1471108957233, 46.05081165450952], [38.1471108957233, 46.05979476625944], [38.159840225610886, 46.05979476625944], [38.159840225610886, 46.06877787800934], [38.17256955549847, 46.06877787800934], [38.17256955549847, 46.077760989759255], [38.19802821527364, 46.077760989759255], [38.19802821527364, 46.08674410150917], [38.21075754516122, 46.08674410150917], [38.21075754516122, 46.095727213259075], [38.223486875048806, 46.095727213259075], [38.223486875048806, 46.10471032500899], [38.23621620493639, 46.10471032500899], [38.23621620493639, 46.11369343675889], [38.24894553482398, 46.11369343675889], [38.24894553482398, 46.12267654850881], [38.261674864711566, 46.12267654850881], [38.261674864711566, 46.11369343675889]]], [[[38.23621620493639, 46.12267654850881], [38.23621620493639, 46.13165966025872], [38.24894553482398, 46.13165966025872], [38.24894553482398, 46.12267654850881], [38.23621620493639, 46.12267654850881]]], [[[38.24894553482398, 46.14962588375854], [38.24894553482398, 46.140642772008626], [38.23621620493639, 46.140642772008626], [38.23621620493639, 46.13165966025872], [38.223486875048806, 46.13165966025872], [38.223486875048806, 46.14962588375854], [38.24894553482398, 46.14962588375854]]]]}}, {"type": "Feature", "properties": {"name": "Кореновск", "value": 179}, "geometry": {"type": "MultiPolygon", "coordinates": [[[[39.534607853470064, 45.359112049766445], [39.54733718335765, 45.359112049766445], [39.54733718335765, 45.35012893801653], [39.534607853470064, 45.35012893801653], [39.534607853470064, 45.34114582626662], [39.52187852358248, 45.34114582626662], [39.52187852358248, 45.36809516151635], [39.534607853470064, 45.36809516151635], [39.534607853470064, 45.359112049766445]]], [[[39.59825450290799, 45.36809516151635], [39.59825450290799, 45.38606138501617], [39.610983832795576, 45.38606138501617], [39.610983832795576, 45.36809516151635], [39.59825450290799, 45.36809516151635]]], [[[39.636442492570744, 45.36809516151635], [39.636442492570744, 45.38606138501617], [39.64917182245833, 45.38606138501617], [39.64917182245833, 45.36809516151635], [39.636442492570744, 45.36809516151635]]], [[[39.52187852358248, 45.439960055515634], [39.509149193694896, 45.439960055515634], [39.509149193694896, 45.43097694376572], [39.470961204032136, 45.43097694376572], [39.470961204032136, 45.421993832015815], [39.45823187414455, 45.421993832015815], [39.45823187414455, 45.4130107202659], [39.44550254425697, 45.4130107202659], [39.44550254425697, 45.404027608515996], [39.432773214369384, 45.404027608515996], [39.432773214369384, 45.38606138501617], [39.44550254425697, 45.38606138501617], [39.44550254425697, 45.377078273266264], [39.407314554594215, 45.377078273266264], [39.407314554594215, 45.36809516151635], [39.39458522470663, 45.36809516151635], [39.39458522470663, 45.377078273266264], [39.34366790515629, 45.377078273266264], [39.34366790515629, 45.4130107202659], [39.35639723504387, 45.4130107202659], [39.35639723504387, 45.421993832015815], [39.369126564931456, 45.421993832015815], [39.369126564931456, 45.43097694376572], [39.38185589481905, 45.43097694376572], [39.38185589481905, 45.439960055515634], [39.39458522470663, 45.439960055515634], [39.39458522470663, 45.45792627901545], [39.38185589481905, 45.45792627901545], [39.38185589481905, 45.47589250251527], [39.39458522470663, 45.47589250251527], [39.39458522470663, 45.484875614265185], [39.407314554594215, 45.484875614265185], [39.407314554594215, 45.49385872601509], [39.470961204032136, 45.49385872601509], [39.470961204032136, 45.484875614265185], [39.49641986380731, 45.484875614265185], [39.49641986380731, 45.47589250251527], [39.509149193694896, 45.47589250251527], [39.509149193694896, 45.466909390765366], [39.52187852358248, 45.466909390765366], [39.52187852358248, 45.45792627901545], [39.534607853470064, 45.45792627901545], [39.534607853470064, 45.44894316726554], [39.52187852358248, 45.44894316726554], [39.52187852358248, 45.439960055515634]]], [[[39.54733718335765, 45.47589250251527], [39.56006651324523, 45.47589250251527], [39.56006651324523, 45.484875614265185], [39.572795843132816, 45.484875614265185], [39.572795843132816, 45.47589250251527], [39.5855251730204, 45.47589250251527], [39.5855251730204, 45.466909390765366], [39.59825450290799, 45.466909390765366], [39.59825450290799, 45.47589250251527], [39.66190115234591, 45.47589250251527], [39.66190115234591, 45.45792627901545], [39.64917182245833, 45.45792627901545], [39.64917182245833, 45.44894316726554], [39.56006651324523, 45.44894316726554], [39.56006651324523, 45.45792627901545], [39.534607853470064, 45.45792627901545], [39.534607853470064, 45.466909390765366], [39.54733718335765, 45.466909390765366], [39.54733718335765, 45.47589250251527]]], [[[39.68735981212108, 45.60165606701402], [39.68735981212108, 45.592672955264106], [39.70008914200867, 45.592672955264106], [39.70008914200867, 45.565723620014374], [39.68735981212108, 45.565723620014374], [39.68735981212108, 45.55674050826447], [39.64917182245833, 45.55674050826447], [39.64917182245833, 45.565723620014374], [39.610983832795576, 45.565723620014374], [39.610983832795576, 45.55674050826447], [39.59825450290799, 45.55674050826447], [39.59825450290799, 45.547757396514555], [39.5855251730204, 45.547757396514555], [39.5855251730204, 45.53877428476464], [39.572795843132816, 45.53877428476464], [39.572795843132816, 45.52080806126482], [39.56006651324523, 45.52080806126482], [39.56006651324523, 45.51182494951492], [39.534607853470064, 45.51182494951492], [39.534607853470064, 45.52080806126482], [39.52187852358248, 45.52080806126482], [39.52187852358248, 45.53877428476464], [39.509149193694896, 45.53877428476464], [39.509149193694896, 45.547757396514555], [39.49641986380731, 45.547757396514555], [39.49641986380731, 45.55674050826447], [39.48369053391972, 45.55674050826447], [39.48369053391972, 45.565723620014374], [39.470961204032136, 45.565723620014374], [39.470961204032136, 45.58368984351419], [39.52187852358248, 45.58368984351419], [39.52187852358248, 45.592672955264106], [39.572795843132816, 45.592672955264106], [39.572795843132816, 45.58368984351419], [39.59825450290799, 45.58368984351419], [39.59825450290799, 45.592672955264106], [39.610983832795576, 45.592672955264106], [39.610983832795576, 45.60165606701402], [39.62371316268316, 45.60165606701402], [39.62371316268316, 45.610639178763925], [39.674630482233496, 45.610639178763925], [39.674630482233496, 45.60165606701402], [39.68735981212108, 45.60165606701402]]], [[[39.38185589481905, 45.592672955264106], [39.38185589481905, 45.57470673176429], [39.3309385752687, 45.57470673176429], [39.3309385752687, 45.58368984351419], [39.29275058560595, 45.58368984351419], [39.29275058560595, 45.60165606701402], [39.34366790515629, 45.60165606701402], [39.34366790515629, 45.592672955264106], [39.38185589481905, 45.592672955264106]]]]}}, {"type": "Feature", "properties": {"name": "Апшеронск", "value": 178}, "geometry": {"type": "MultiPolygon", "coordinates": [[[[39.78919445122176, 44.344020422026595], [39.78919445122176, 44.361986645526414], [39.814653110996936, 44.361986645526414], [39.814653110996936, 44.344020422026595], [39.78919445122176, 44.344020422026595]]], [[[39.738277131671424, 44.39791909252605], [39.738277131671424, 44.38893598077615], [39.72554780178384, 44.38893598077615], [39.72554780178384, 44.37995286902623], [39.738277131671424, 44.37995286902623], [39.738277131671424, 44.37096975727632], [39.75100646155901, 44.37096975727632], [39.75100646155901, 44.3530035337765], [39.738277131671424, 44.3530035337765], [39.738277131671424, 44.344020422026595], [39.712818471896256, 44.344020422026595], [39.712818471896256, 44.33503731027668], [39.70008914200867, 44.33503731027668], [39.70008914200867, 44.344020422026595], [39.68735981212108, 44.344020422026595], [39.68735981212108, 44.37995286902623], [39.674630482233496, 44.37995286902623], [39.674630482233496, 44.38893598077615], [39.68735981212108, 44.38893598077615], [39.68735981212108, 44.39791909252605], [39.70008914200867, 44.39791909252605], [39.70008914200867, 44.406902204275966], [39.72554780178384, 44.406902204275966], [39.72554780178384, 44.39791909252605], [39.738277131671424, 44.39791909252605]]], [[[39.78919445122176, 44.4338515395257], [39.78919445122176, 44.442834651275604], [39.80192378110935, 44.442834651275604], [39.80192378110935, 44.4338515395257], [39.78919445122176, 44.4338515395257]]], [[[39.78919445122176, 44.45181776302552], [39.78919445122176, 44.442834651275604], [39.776465121334176, 44.442834651275604], [39.776465121334176, 44.45181776302552], [39.78919445122176, 44.45181776302552]]], [[[39.76373579144659, 44.45181776302552], [39.76373579144659, 44.46080087477542], [39.776465121334176, 44.46080087477542], [39.776465121334176, 44.45181776302552], [39.76373579144659, 44.45181776302552]]], [[[39.738277131671424, 44.45181776302552], [39.738277131671424, 44.442834651275604], [39.72554780178384, 44.442834651275604], [39.72554780178384, 44.4338515395257], [39.712818471896256, 44.4338515395257], [39.712818471896256, 44.424868427775785], [39.70008914200867, 44.424868427775785], [39.70008914200867, 44.4338515395257], [39.68735981212108, 44.4338515395257], [39.68735981212108, 44.442834651275604], [39.70008914200867, 44.442834651275604], [39.70008914200867, 44.46080087477542], [39.68735981212108, 44.46080087477542], [39.68735981212108, 44.469783986525336], [39.70008914200867, 44.469783986525336], [39.70008914200867, 44.487750210025155], [39.712818471896256, 44.487750210025155], [39.712818471896256, 44.49673332177507], [39.72554780178384, 44.49673332177507], [39.72554780178384, 44.487750210025155], [39.738277131671424, 44.487750210025155], [39.738277131671424, 44.47876709827524], [39.75100646155901, 44.47876709827524], [39.75100646155901, 44.469783986525336], [39.76373579144659, 44.469783986525336], [39.76373579144659, 44.46080087477542], [39.75100646155901, 44.46080087477542], [39.75100646155901, 44.45181776302552], [39.738277131671424, 44.45181776302552]]], [[[39.80192378110935, 44.52368265702479], [39.80192378110935, 44.532665768774706], [39.814653110996936, 44.532665768774706], [39.814653110996936, 44.52368265702479], [39.80192378110935, 44.52368265702479]]], [[[39.72554780178384, 44.52368265702479], [39.712818471896256, 44.52368265702479], [39.712818471896256, 44.51469954527489], [39.70008914200867, 44.51469954527489], [39.70008914200867, 44.52368265702479], [39.68735981212108, 44.52368265702479], [39.68735981212108, 44.55961510402444], [39.70008914200867, 44.55961510402444], [39.70008914200867, 44.57758132752426], [39.712818471896256, 44.57758132752426], [39.712818471896256, 44.54164888052462], [39.72554780178384, 44.54164888052462], [39.72554780178384, 44.52368265702479]]], [[[39.636442492570744, 44.595547551024076], [39.62371316268316, 44.595547551024076], [39.62371316268316, 44.58656443927417], [39.610983832795576, 44.58656443927417], [39.610983832795576, 44.57758132752426], [39.59825450290799, 44.57758132752426], [39.59825450290799, 44.58656443927417], [39.5855251730204, 44.58656443927417], [39.5855251730204, 44.60453066277399], [39.59825450290799, 44.60453066277399], [39.59825450290799, 44.613513774523895], [39.610983832795576, 44.613513774523895], [39.610983832795576, 44.63147999802372], [39.62371316268316, 44.63147999802372], [39.62371316268316, 44.62249688627381], [39.636442492570744, 44.62249688627381], [39.636442492570744, 44.595547551024076]]]]}}, {"type": "Feature", "properties": {"name": "Курганинск", "value": 178}, "geometry": {"type": "MultiPolygon", "coordinates": [[[[40.66751821346513, 44.77520978602228], [40.68024754335271, 44.77520978602228], [40.68024754335271, 44.74826045077255], [40.66751821346513, 44.74826045077255], [40.66751821346513, 44.73029422727273], [40.68024754335271, 44.73029422727273], [40.68024754335271, 44.71232800377291], [40.654788883577545, 44.71232800377291], [40.654788883577545, 44.74826045077255], [40.64205955368996, 44.74826045077255], [40.64205955368996, 44.7931760095221], [40.66751821346513, 44.7931760095221], [40.66751821346513, 44.77520978602228]]], [[[40.40020228582584, 44.74826045077255], [40.40020228582584, 44.77520978602228], [40.42566094560102, 44.77520978602228], [40.42566094560102, 44.74826045077255], [40.40020228582584, 44.74826045077255]]], [[[40.514766254814106, 44.76622667427237], [40.514766254814106, 44.78419289777219], [40.5274955847017, 44.78419289777219], [40.5274955847017, 44.76622667427237], [40.514766254814106, 44.76622667427237]]], [[[40.616600893914786, 44.891990238771115], [40.62933022380238, 44.891990238771115], [40.62933022380238, 44.847074680021564], [40.59114223413962, 44.847074680021564], [40.59114223413962, 44.85605779177147], [40.57841290425203, 44.85605779177147], [40.57841290425203, 44.86504090352138], [40.56568357436445, 44.86504090352138], [40.56568357436445, 44.874024015271296], [40.552954244476865, 44.874024015271296], [40.552954244476865, 44.8830071270212], [40.54022491458928, 44.8830071270212], [40.54022491458928, 44.891990238771115], [40.5274955847017, 44.891990238771115], [40.5274955847017, 44.8830071270212], [40.514766254814106, 44.8830071270212], [40.514766254814106, 44.874024015271296], [40.50203692492652, 44.874024015271296], [40.50203692492652, 44.86504090352138], [40.48930759503894, 44.86504090352138], [40.48930759503894, 44.85605779177147], [40.47657826515135, 44.85605779177147], [40.47657826515135, 44.847074680021564], [40.48930759503894, 44.847074680021564], [40.48930759503894, 44.83809156827165], [40.50203692492652, 44.83809156827165], [40.50203692492652, 44.829108456521745], [40.514766254814106, 44.829108456521745], [40.514766254814106, 44.82012534477183], [40.5274955847017, 44.82012534477183], [40.5274955847017, 44.81114223302192], [40.514766254814106, 44.81114223302192], [40.514766254814106, 44.80215912127201], [40.48930759503894, 44.80215912127201], [40.48930759503894, 44.81114223302192], [40.47657826515135, 44.81114223302192], [40.47657826515135, 44.82012534477183], [40.46384893526377, 44.82012534477183], [40.46384893526377, 44.829108456521745], [40.451119605376185, 44.829108456521745], [40.451119605376185, 44.83809156827165], [40.4383902754886, 44.83809156827165], [40.4383902754886, 44.847074680021564], [40.42566094560102, 44.847074680021564], [40.42566094560102, 44.85605779177147], [40.412931615713426, 44.85605779177147], [40.412931615713426, 44.86504090352138], [40.40020228582584, 44.86504090352138], [40.40020228582584, 44.8830071270212], [40.38747295593826, 44.8830071270212], [40.38747295593826, 44.891990238771115], [40.40020228582584, 44.891990238771115], [40.40020228582584, 44.90097335052102], [40.412931615713426, 44.90097335052102], [40.412931615713426, 44.909956462270934], [40.42566094560102, 44.909956462270934], [40.42566094560102, 44.90097335052102], [40.4383902754886, 44.90097335052102], [40.4383902754886, 44.891990238771115], [40.451119605376185, 44.891990238771115], [40.451119605376185, 44.90097335052102], [40.46384893526377, 44.90097335052102], [40.46384893526377, 44.909956462270934], [40.48930759503894, 44.909956462270934], [40.48930759503894, 44.91893957402085], [40.514766254814106, 44.91893957402085], [40.514766254814106, 44.909956462270934], [40.57841290425203, 44.909956462270934], [40.57841290425203, 44.91893957402085], [40.59114223413962, 44.91893957402085], [40.59114223413962, 44.92792268577075], [40.616600893914786, 44.92792268577075], [40.616600893914786, 44.891990238771115]]], [[[40.76935285256581, 44.96385513277039], [40.76935285256581, 44.94588890927057], [40.756623522678225, 44.94588890927057], [40.756623522678225, 44.936905797520666], [40.74389419279064, 44.936905797520666], [40.74389419279064, 44.92792268577075], [40.756623522678225, 44.92792268577075], [40.756623522678225, 44.90097335052102], [40.74389419279064, 44.90097335052102], [40.74389419279064, 44.909956462270934], [40.718435533015466, 44.909956462270934], [40.718435533015466, 44.91893957402085], [40.70570620312788, 44.91893957402085], [40.70570620312788, 44.936905797520666], [40.718435533015466, 44.936905797520666], [40.718435533015466, 44.94588890927057], [40.73116486290306, 44.94588890927057], [40.73116486290306, 44.954872021020485], [40.718435533015466, 44.954872021020485], [40.718435533015466, 44.96385513277039], [40.70570620312788, 44.96385513277039], [40.70570620312788, 44.972838244520304], [40.756623522678225, 44.972838244520304], [40.756623522678225, 44.96385513277039], [40.76935285256581, 44.96385513277039]]], [[[40.54022491458928, 45.017753803269855], [40.54022491458928, 45.00877069151994], [40.552954244476865, 45.00877069151994], [40.552954244476865, 45.017753803269855], [40.56568357436445, 45.017753803269855], [40.56568357436445, 45.02673691501977], [40.57841290425203, 45.02673691501977], [40.57841290425203, 45.017753803269855], [40.59114223413962, 45.017753803269855], [40.59114223413962, 45.02673691501977], [40.6038715640272, 45.02673691501977], [40.6038715640272, 45.017753803269855], [40.616600893914786, 45.017753803269855], [40.616600893914786, 45.00877069151994], [40.62933022380238, 45.00877069151994], [40.62933022380238, 44.999787579770036], [40.64205955368996, 44.999787579770036], [40.64205955368996, 44.99080446802012], [40.654788883577545, 44.99080446802012], [40.654788883577545, 44.972838244520304], [40.62933022380238, 44.972838244520304], [40.62933022380238, 44.96385513277039], [40.6038715640272, 44.96385513277039], [40.6038715640272, 44.972838244520304], [40.59114223413962, 44.972838244520304], [40.59114223413962, 44.98182135627022], [40.56568357436445, 44.98182135627022], [40.56568357436445, 44.99080446802012], [40.552954244476865, 44.99080446802012], [40.552954244476865, 44.999787579770036], [40.50203692492652, 44.999787579770036], [40.50203692492652, 45.017753803269855], [40.514766254814106, 45.017753803269855], [40.514766254814106, 45.02673691501977], [40.5274955847017, 45.02673691501977], [40.5274955847017, 45.017753803269855], [40.54022491458928, 45.017753803269855]]]]}}, {"type": "Feature", "properties": {"name": "Хадыженск", "value": 178}, "geometry": {"type": "Polygon", "coordinates": [[[39.470961204032136, 44.52368265702479], [39.470961204032136, 44.51469954527489], [39.45823187414455, 44.51469954527489], [39.45823187414455, 44.505716433524974], [39.44550254425697, 44.505716433524974], [39.44550254425697, 44.49673332177507], [39.38185589481905, 44.49673332177507], [39.38185589481905, 44.487750210025155], [39.39458522470663, 44.487750210025155], [39.39458522470663, 44.47876709827524], [39.407314554594215, 44.47876709827524], [39.407314554594215, 44.469783986525336], [39.4200438844818, 44.469783986525336], [39.4200438844818, 44.46080087477542], [39.432773214369384, 44.46080087477542], [39.432773214369384, 44.45181776302552], [39.44550254425697, 44.45181776302552], [39.44550254425697, 44.442834651275604], [39.432773214369384, 44.442834651275604], [39.432773214369384, 44.4338515395257], [39.4200438844818, 44.4338515395257], [39.4200438844818, 44.424868427775785], [39.407314554594215, 44.424868427775785], [39.407314554594215, 44.41588531602587], [39.39458522470663, 44.41588531602587], [39.39458522470663, 44.406902204275966], [39.38185589481905, 44.406902204275966], [39.38185589481905, 44.39791909252605], [39.369126564931456, 44.39791909252605], [39.369126564931456, 44.38893598077615], [39.35639723504387, 44.38893598077615], [39.35639723504387, 44.37995286902623], [39.34366790515629, 44.37995286902623], [39.34366790515629, 44.37096975727632], [39.31820924538112, 44.37096975727632], [39.31820924538112, 44.361986645526414], [39.35639723504387, 44.361986645526414], [39.35639723504387, 44.37096975727632], [39.369126564931456, 44.37096975727632], [39.369126564931456, 44.37995286902623], [39.39458522470663, 44.37995286902623], [39.39458522470663, 44.37096975727632], [39.407314554594215, 44.37096975727632], [39.407314554594215, 44.37995286902623], [39.4200438844818, 44.37995286902623], [39.4200438844818, 44.39791909252605], [39.432773214369384, 44.39791909252605], [39.432773214369384, 44.406902204275966], [39.44550254425697, 44.406902204275966], [39.44550254425697, 44.41588531602587], [39.45823187414455, 44.41588531602587], [39.45823187414455, 44.424868427775785], [39.470961204032136, 44.424868427775785], [39.470961204032136, 44.41588531602587], [39.48369053391972, 44.41588531602587], [39.48369053391972, 44.406902204275966], [39.49641986380731, 44.406902204275966], [39.49641986380731, 44.39791909252605], [39.509149193694896, 44.39791909252605], [39.509149193694896, 44.37995286902623], [39.534607853470064, 44.37995286902623], [39.534607853470064, 44.38893598077615], [39.54733718335765, 44.38893598077615], [39.54733718335765, 44.39791909252605], [39.56006651324523, 44.39791909252605], [39.56006651324523, 44.41588531602587], [39.572795843132816, 44.41588531602587], [39.572795843132816, 44.424868427775785], [39.56006651324523, 44.424868427775785], [39.56006651324523, 44.4338515395257], [39.54733718335765, 44.4338515395257], [39.54733718335765, 44.46080087477542], [39.534607853470064, 44.46080087477542], [39.534607853470064, 44.469783986525336], [39.52187852358248, 44.469783986525336], [39.52187852358248, 44.47876709827524], [39.509149193694896, 44.47876709827524], [39.509149193694896, 44.505716433524974], [39.49641986380731, 44.505716433524974], [39.49641986380731, 44.52368265702479], [39.470961204032136, 44.52368265702479]]]}}]}