{"type": "FeatureCollection", "features": [{"type": "Feature", "properties": {"name": "Балашиха", "value": 268}, "geometry": {"type": "Polygon", "coordinates": [[[37.947444835341294, 55.86257216651096], [37.947444835341294, 55.853589054761045], [37.93154171411776, 55.853589054761045], [37.93154171411776, 55.84460594301114], [37.91563859289423, 55.84460594301114], [37.91563859289423, 55.835622831261226], [37.88383235044717, 55.835622831261226], [37.88383235044717, 55.84460594301114], [37.86792922922364, 55.84460594301114], [37.86792922922364, 55.835622831261226], [37.85202610800011, 55.835622831261226], [37.85202610800011, 55.84460594301114], [37.82021986555305, 55.84460594301114], [37.82021986555305, 55.82663971951131], [37.83612298677658, 55.82663971951131], [37.83612298677658, 55.808673496011494], [37.85202610800011, 55.808673496011494], [37.85202610800011, 55.79969038426159], [37.86792922922364, 55.79969038426159], [37.86792922922364, 55.78172416076176], [37.88383235044717, 55.78172416076176], [37.88383235044717, 55.772741049011856], [37.8997354716707, 55.772741049011856], [37.8997354716707, 55.76375793726194], [37.91563859289423, 55.76375793726194], [37.91563859289423, 55.75477482551204], [37.93154171411776, 55.75477482551204], [37.93154171411776, 55.745791713762124], [37.947444835341294, 55.745791713762124], [37.947444835341294, 55.73680860201221], [37.979251077788355, 55.73680860201221], [37.979251077788355, 55.727825490262305], [38.01105732023541, 55.727825490262305], [38.01105732023541, 55.71884237851239], [38.058766683906, 55.71884237851239], [38.058766683906, 55.727825490262305], [38.07466980512953, 55.727825490262305], [38.07466980512953, 55.76375793726194], [38.058766683906, 55.76375793726194], [38.058766683906, 55.808673496011494], [38.07466980512953, 55.808673496011494], [38.07466980512953, 55.81765660776141], [38.058766683906, 55.81765660776141], [38.058766683906, 55.82663971951131], [38.04286356268247, 55.82663971951131], [38.04286356268247, 55.835622831261226], [38.02696044145894, 55.835622831261226], [38.02696044145894, 55.84460594301114], [38.04286356268247, 55.84460594301114], [38.04286356268247, 55.853589054761045], [37.995154199011886, 55.853589054761045], [37.995154199011886, 55.86257216651096], [37.947444835341294, 55.86257216651096]]]}}, {"type": "Feature", "properties": {"name": "Мытищи", "value": 267}, "geometry": {"type": "Polygon", "coordinates": [[[37.64528553209422, 56.01528506625943], [37.64528553209422, 55.979352619259785], [37.62938241087069, 55.979352619259785], [37.62938241087069, 55.934437060510234], [37.61347928964716, 55.934437060510234], [37.61347928964716, 55.92545394876033], [37.62938241087069, 55.92545394876033], [37.62938241087069, 55.916470837010415], [37.61347928964716, 55.916470837010415], [37.61347928964716, 55.898504613510596], [37.59757616842363, 55.898504613510596], [37.59757616842363, 55.84460594301114], [37.61347928964716, 55.84460594301114], [37.61347928964716, 55.835622831261226], [37.59757616842363, 55.835622831261226], [37.59757616842363, 55.78172416076176], [37.62938241087069, 55.78172416076176], [37.62938241087069, 55.790707272511675], [37.64528553209422, 55.790707272511675], [37.64528553209422, 55.79969038426159], [37.66118865331775, 55.79969038426159], [37.66118865331775, 55.808673496011494], [37.740704259435404, 55.808673496011494], [37.740704259435404, 55.81765660776141], [37.77251050188246, 55.81765660776141], [37.77251050188246, 55.835622831261226], [37.756607380658934, 55.835622831261226], [37.756607380658934, 55.84460594301114], [37.740704259435404, 55.84460594301114], [37.740704259435404, 55.853589054761045], [37.72480113821187, 55.853589054761045], [37.72480113821187, 55.86257216651096], [37.740704259435404, 55.86257216651096], [37.740704259435404, 55.871555278260864], [37.756607380658934, 55.871555278260864], [37.756607380658934, 55.88053839001078], [37.77251050188246, 55.88053839001078], [37.77251050188246, 55.88952150176068], [37.78841362310599, 55.88952150176068], [37.78841362310599, 55.898504613510596], [37.77251050188246, 55.898504613510596], [37.77251050188246, 55.90748772526051], [37.78841362310599, 55.90748772526051], [37.78841362310599, 55.916470837010415], [37.77251050188246, 55.916470837010415], [37.77251050188246, 55.934437060510234], [37.756607380658934, 55.934437060510234], [37.756607380658934, 55.97036950750988], [37.77251050188246, 55.97036950750988], [37.77251050188246, 55.979352619259785], [37.740704259435404, 55.979352619259785], [37.740704259435404, 55.9883357310097], [37.70889801698834, 55.9883357310097], [37.70889801698834, 55.99731884275961], [37.69299489576481, 55.99731884275961], [37.69299489576481, 56.00630195450952], [37.67709177454128, 56.00630195450952], [37.67709177454128, 56.01528506625943], [37.64528553209422, 56.01528506625943]]]}}, {"type": "Feature", "properties": {"name": "Химки", "value": 263}, "geometry": {"type": "Polygon", "coordinates": [[[37.24770750150597, 55.97036950750988], [37.24770750150597, 55.92545394876033], [37.2636106227295, 55.92545394876033], [37.2636106227295, 55.916470837010415], [37.27951374395303, 55.916470837010415], [37.27951374395303, 55.898504613510596], [37.29541686517656, 55.898504613510596], [37.29541686517656, 55.88952150176068], [37.31131998640009, 55.88952150176068], [37.31131998640009, 55.88053839001078], [37.32722310762362, 55.88053839001078], [37.32722310762362, 55.871555278260864], [37.34312622884715, 55.871555278260864], [37.34312622884715, 55.86257216651096], [37.35902935007068, 55.86257216651096], [37.35902935007068, 55.853589054761045], [37.37493247129421, 55.853589054761045], [37.37493247129421, 55.84460594301114], [37.39083559251774, 55.84460594301114], [37.39083559251774, 55.835622831261226], [37.40673871374127, 55.835622831261226], [37.40673871374127, 55.82663971951131], [37.4226418349648, 55.82663971951131], [37.4226418349648, 55.81765660776141], [37.43854495618833, 55.81765660776141], [37.43854495618833, 55.808673496011494], [37.45444807741186, 55.808673496011494], [37.45444807741186, 55.79969038426159], [37.47035119863539, 55.79969038426159], [37.47035119863539, 55.790707272511675], [37.48625431985892, 55.790707272511675], [37.48625431985892, 55.78172416076176], [37.50215744108245, 55.78172416076176], [37.50215744108245, 55.772741049011856], [37.533963683529514, 55.772741049011856], [37.533963683529514, 55.76375793726194], [37.59757616842363, 55.76375793726194], [37.59757616842363, 55.772741049011856], [37.61347928964716, 55.772741049011856], [37.61347928964716, 55.835622831261226], [37.59757616842363, 55.835622831261226], [37.59757616842363, 55.853589054761045], [37.5816730472001, 55.853589054761045], [37.5816730472001, 55.871555278260864], [37.56576992597657, 55.871555278260864], [37.56576992597657, 55.88053839001078], [37.54986680475304, 55.88053839001078], [37.54986680475304, 55.88952150176068], [37.533963683529514, 55.88952150176068], [37.533963683529514, 55.898504613510596], [37.50215744108245, 55.898504613510596], [37.50215744108245, 55.90748772526051], [37.48625431985892, 55.90748772526051], [37.48625431985892, 55.916470837010415], [37.47035119863539, 55.916470837010415], [37.47035119863539, 55.92545394876033], [37.45444807741186, 55.92545394876033], [37.45444807741186, 55.934437060510234], [37.43854495618833, 55.934437060510234], [37.43854495618833, 55.94342017226015], [37.4226418349648, 55.94342017226015], [37.4226418349648, 55.95240328401006], [37.40673871374127, 55.95240328401006], [37.40673871374127, 55.961386395759966], [37.39083559251774, 55.961386395759966], [37.39083559251774, 55.95240328401006], [37.37493247129421, 55.95240328401006], [37.37493247129421, 55.961386395759966], [37.32722310762362, 55.961386395759966], [37.32722310762362, 55.97036950750988], [37.24770750150597, 55.97036950750988]]]}}, {"type": "Feature", "properties": {"name": "Подольск", "value": 253}, "geometry": {"type": "Polygon", "coordinates": [[[37.43854495618833, 55.57511259051383], [37.43854495618833, 55.56612947876392], [37.4226418349648, 55.56612947876392], [37.4226418349648, 55.55714636701401], [37.40673871374127, 55.55714636701401], [37.40673871374127, 55.5481632552641], [37.35902935007068, 55.5481632552641], [37.35902935007068, 55.53918014351419], [37.34312622884715, 55.53918014351419], [37.34312622884715, 55.52121392001437], [37.32722310762362, 55.52121392001437], [37.32722310762362, 55.50324769651455], [37.34312622884715, 55.50324769651455], [37.34312622884715, 55.494264584764636], [37.35902935007068, 55.494264584764636], [37.35902935007068, 55.48528147301473], [37.37493247129421, 55.48528147301473], [37.37493247129421, 55.47629836126482], [37.35902935007068, 55.47629836126482], [37.35902935007068, 55.46731524951491], [37.34312622884715, 55.46731524951491], [37.34312622884715, 55.449349026015085], [37.35902935007068, 55.449349026015085], [37.35902935007068, 55.44036591426518], [37.34312622884715, 55.44036591426518], [37.34312622884715, 55.368501020265896], [37.35902935007068, 55.368501020265896], [37.35902935007068, 55.35951790851599], [37.34312622884715, 55.35951790851599], [37.34312622884715, 55.31460234976644], [37.35902935007068, 55.31460234976644], [37.35902935007068, 55.305619238016526], [37.40673871374127, 55.305619238016526], [37.40673871374127, 55.31460234976644], [37.43854495618833, 55.31460234976644], [37.43854495618833, 55.305619238016526], [37.45444807741186, 55.305619238016526], [37.45444807741186, 55.31460234976644], [37.47035119863539, 55.31460234976644], [37.47035119863539, 55.323585461516345], [37.48625431985892, 55.323585461516345], [37.48625431985892, 55.31460234976644], [37.50215744108245, 55.31460234976644], [37.50215744108245, 55.305619238016526], [37.59757616842363, 55.305619238016526], [37.59757616842363, 55.31460234976644], [37.62938241087069, 55.31460234976644], [37.62938241087069, 55.305619238016526], [37.67709177454128, 55.305619238016526], [37.67709177454128, 55.31460234976644], [37.66118865331775, 55.31460234976644], [37.66118865331775, 55.323585461516345], [37.64528553209422, 55.323585461516345], [37.64528553209422, 55.341551685016164], [37.66118865331775, 55.341551685016164], [37.66118865331775, 55.368501020265896], [37.64528553209422, 55.368501020265896], [37.64528553209422, 55.39545035551563], [37.66118865331775, 55.39545035551563], [37.66118865331775, 55.404433467265534], [37.67709177454128, 55.404433467265534], [37.67709177454128, 55.41341657901545], [37.66118865331775, 55.41341657901545], [37.66118865331775, 55.44036591426518], [37.64528553209422, 55.44036591426518], [37.64528553209422, 55.449349026015085], [37.66118865331775, 55.449349026015085], [37.66118865331775, 55.47629836126482], [37.64528553209422, 55.47629836126482], [37.64528553209422, 55.48528147301473], [37.62938241087069, 55.48528147301473], [37.62938241087069, 55.494264584764636], [37.61347928964716, 55.494264584764636], [37.61347928964716, 55.51223080826446], [37.5816730472001, 55.51223080826446], [37.5816730472001, 55.52121392001437], [37.56576992597657, 55.52121392001437], [37.56576992597657, 55.53019703176428], [37.533963683529514, 55.53019703176428], [37.533963683529514, 55.53918014351419], [37.51806056230598, 55.53918014351419], [37.51806056230598, 55.5481632552641], [37.50215744108245, 55.5481632552641], [37.50215744108245, 55.55714636701401], [37.47035119863539, 55.55714636701401], [37.47035119863539, 55.56612947876392], [37.45444807741186, 55.56612947876392], [37.45444807741186, 55.57511259051383], [37.43854495618833, 55.57511259051383]]]}}, {"type": "Feature", "properties": {"name": "Реутов", "value": 301}, "geometry": {"type": "Polygon", "coordinates": [[[37.756607380658934, 55.835622831261226], [37.756607380658934, 55.82663971951131], [37.70889801698834, 55.82663971951131], [37.70889801698834, 55.81765660776141], [37.69299489576481, 55.81765660776141], [37.69299489576481, 55.808673496011494], [37.67709177454128, 55.808673496011494], [37.67709177454128, 55.79969038426159], [37.61347928964716, 55.79969038426159], [37.61347928964716, 55.790707272511675], [37.59757616842363, 55.790707272511675], [37.59757616842363, 55.78172416076176], [37.5816730472001, 55.78172416076176], [37.5816730472001, 55.76375793726194], [37.59757616842363, 55.76375793726194], [37.59757616842363, 55.75477482551204], [37.61347928964716, 55.75477482551204], [37.61347928964716, 55.745791713762124], [37.62938241087069, 55.745791713762124], [37.62938241087069, 55.73680860201221], [37.64528553209422, 55.73680860201221], [37.64528553209422, 55.70087615501257], [37.69299489576481, 55.70087615501257], [37.69299489576481, 55.709859266762486], [37.72480113821187, 55.709859266762486], [37.72480113821187, 55.70087615501257], [37.82021986555305, 55.70087615501257], [37.82021986555305, 55.709859266762486], [37.86792922922364, 55.709859266762486], [37.86792922922364, 55.71884237851239], [37.88383235044717, 55.71884237851239], [37.88383235044717, 55.727825490262305], [37.8997354716707, 55.727825490262305], [37.8997354716707, 55.73680860201221], [37.947444835341294, 55.73680860201221], [37.947444835341294, 55.727825490262305], [37.963347956564824, 55.727825490262305], [37.963347956564824, 55.75477482551204], [37.947444835341294, 55.75477482551204], [37.947444835341294, 55.76375793726194], [37.93154171411776, 55.76375793726194], [37.93154171411776, 55.772741049011856], [37.91563859289423, 55.772741049011856], [37.91563859289423, 55.78172416076176], [37.8997354716707, 55.78172416076176], [37.8997354716707, 55.790707272511675], [37.88383235044717, 55.790707272511675], [37.88383235044717, 55.79969038426159], [37.86792922922364, 55.79969038426159], [37.86792922922364, 55.808673496011494], [37.85202610800011, 55.808673496011494], [37.85202610800011, 55.81765660776141], [37.83612298677658, 55.81765660776141], [37.83612298677658, 55.835622831261226], [37.80431674432952, 55.835622831261226], [37.80431674432952, 55.82663971951131], [37.78841362310599, 55.82663971951131], [37.78841362310599, 55.835622831261226], [37.756607380658934, 55.835622831261226]]]}}, {"type": "Feature", "properties": {"name": "Красногорск", "value": 294}, "geometry": {"type": "MultiPolygon", "coordinates": [[[[37.51806056230598, 55.727825490262305], [37.51806056230598, 55.71884237851239], [37.50215744108245, 55.71884237851239], [37.50215744108245, 55.727825490262305], [37.51806056230598, 55.727825490262305]]], [[[37.48625431985892, 55.727825490262305], [37.48625431985892, 55.71884237851239], [37.47035119863539, 55.71884237851239], [37.47035119863539, 55.727825490262305], [37.39083559251774, 55.727825490262305], [37.39083559251774, 55.73680860201221], [37.37493247129421, 55.73680860201221], [37.37493247129421, 55.745791713762124], [37.35902935007068, 55.745791713762124], [37.35902935007068, 55.75477482551204], [37.34312622884715, 55.75477482551204], [37.34312622884715, 55.745791713762124], [37.27951374395303, 55.745791713762124], [37.27951374395303, 55.75477482551204], [37.24770750150597, 55.75477482551204], [37.24770750150597, 55.745791713762124], [37.23180438028244, 55.745791713762124], [37.23180438028244, 55.75477482551204], [37.18409501661185, 55.75477482551204], [37.18409501661185, 55.78172416076176], [37.19999813783538, 55.78172416076176], [37.19999813783538, 55.790707272511675], [37.18409501661185, 55.790707272511675], [37.18409501661185, 55.808673496011494], [37.19999813783538, 55.808673496011494], [37.19999813783538, 55.835622831261226], [37.21590125905891, 55.835622831261226], [37.21590125905891, 55.84460594301114], [37.23180438028244, 55.84460594301114], [37.23180438028244, 55.853589054761045], [37.24770750150597, 55.853589054761045], [37.24770750150597, 55.916470837010415], [37.29541686517656, 55.916470837010415], [37.29541686517656, 55.90748772526051], [37.31131998640009, 55.90748772526051], [37.31131998640009, 55.898504613510596], [37.32722310762362, 55.898504613510596], [37.32722310762362, 55.88952150176068], [37.34312622884715, 55.88952150176068], [37.34312622884715, 55.88053839001078], [37.35902935007068, 55.88053839001078], [37.35902935007068, 55.871555278260864], [37.37493247129421, 55.871555278260864], [37.37493247129421, 55.86257216651096], [37.39083559251774, 55.86257216651096], [37.39083559251774, 55.853589054761045], [37.40673871374127, 55.853589054761045], [37.40673871374127, 55.84460594301114], [37.4226418349648, 55.84460594301114], [37.4226418349648, 55.835622831261226], [37.43854495618833, 55.835622831261226], [37.43854495618833, 55.82663971951131], [37.45444807741186, 55.82663971951131], [37.45444807741186, 55.81765660776141], [37.47035119863539, 55.81765660776141], [37.47035119863539, 55.808673496011494], [37.48625431985892, 55.808673496011494], [37.48625431985892, 55.79969038426159], [37.51806056230598, 55.79969038426159], [37.51806056230598, 55.78172416076176], [37.533963683529514, 55.78172416076176], [37.533963683529514, 55.76375793726194], [37.51806056230598, 55.76375793726194], [37.51806056230598, 55.73680860201221], [37.50215744108245, 55.73680860201221], [37.50215744108245, 55.727825490262305], [37.48625431985892, 55.727825490262305]]]]}}, {"type": "Feature", "properties": {"name": "Одинцово", "value": 285}, "geometry": {"type": "Polygon", "coordinates": [[[37.13638565294126, 55.76375793726194], [37.13638565294126, 55.75477482551204], [37.104579410494196, 55.75477482551204], [37.104579410494196, 55.745791713762124], [37.088676289270666, 55.745791713762124], [37.088676289270666, 55.71884237851239], [37.07277316804714, 55.71884237851239], [37.07277316804714, 55.69189304326266], [37.088676289270666, 55.69189304326266], [37.088676289270666, 55.682909931512754], [37.104579410494196, 55.682909931512754], [37.104579410494196, 55.67392681976284], [37.12048253171773, 55.67392681976284], [37.12048253171773, 55.64697748451311], [37.13638565294126, 55.64697748451311], [37.13638565294126, 55.6379943727632], [37.15228877416479, 55.6379943727632], [37.15228877416479, 55.62901126101329], [37.16819189538832, 55.62901126101329], [37.16819189538832, 55.62002814926338], [37.18409501661185, 55.62002814926338], [37.18409501661185, 55.59307881401365], [37.19999813783538, 55.59307881401365], [37.19999813783538, 55.58409570226374], [37.23180438028244, 55.58409570226374], [37.23180438028244, 55.57511259051383], [37.24770750150597, 55.57511259051383], [37.24770750150597, 55.56612947876392], [37.2636106227295, 55.56612947876392], [37.2636106227295, 55.55714636701401], [37.31131998640009, 55.55714636701401], [37.31131998640009, 55.5481632552641], [37.32722310762362, 55.5481632552641], [37.32722310762362, 55.53918014351419], [37.34312622884715, 55.53918014351419], [37.34312622884715, 55.53019703176428], [37.37493247129421, 55.53019703176428], [37.37493247129421, 55.53918014351419], [37.39083559251774, 55.53918014351419], [37.39083559251774, 55.5481632552641], [37.4226418349648, 55.5481632552641], [37.4226418349648, 55.55714636701401], [37.43854495618833, 55.55714636701401], [37.43854495618833, 55.56612947876392], [37.45444807741186, 55.56612947876392], [37.45444807741186, 55.58409570226374], [37.47035119863539, 55.58409570226374], [37.47035119863539, 55.602061925763564], [37.45444807741186, 55.602061925763564], [37.45444807741186, 55.62002814926338], [37.47035119863539, 55.62002814926338], [37.47035119863539, 55.62901126101329], [37.48625431985892, 55.62901126101329], [37.48625431985892, 55.6379943727632], [37.50215744108245, 55.6379943727632], [37.50215744108245, 55.64697748451311], [37.51806056230598, 55.64697748451311], [37.51806056230598, 55.65596059626302], [37.533963683529514, 55.65596059626302], [37.533963683529514, 55.664943708012935], [37.54986680475304, 55.664943708012935], [37.54986680475304, 55.69189304326266], [37.533963683529514, 55.69189304326266], [37.533963683529514, 55.70087615501257], [37.51806056230598, 55.70087615501257], [37.51806056230598, 55.709859266762486], [37.533963683529514, 55.709859266762486], [37.533963683529514, 55.71884237851239], [37.51806056230598, 55.71884237851239], [37.51806056230598, 55.727825490262305], [37.47035119863539, 55.727825490262305], [37.47035119863539, 55.73680860201221], [37.40673871374127, 55.73680860201221], [37.40673871374127, 55.745791713762124], [37.37493247129421, 55.745791713762124], [37.37493247129421, 55.73680860201221], [37.35902935007068, 55.73680860201221], [37.35902935007068, 55.745791713762124], [37.31131998640009, 55.745791713762124], [37.31131998640009, 55.75477482551204], [37.2636106227295, 55.75477482551204], [37.2636106227295, 55.76375793726194], [37.18409501661185, 55.76375793726194], [37.18409501661185, 55.75477482551204], [37.16819189538832, 55.75477482551204], [37.16819189538832, 55.76375793726194], [37.13638565294126, 55.76375793726194]]]}}, {"type": "Feature", "properties": {"name": "Долгопрудный", "value": 282}, "geometry": {"type": "Polygon", "coordinates": [[[37.61347928964716, 56.00630195450952], [37.61347928964716, 55.99731884275961], [37.56576992597657, 55.99731884275961], [37.56576992597657, 55.9883357310097], [37.54986680475304, 55.9883357310097], [37.54986680475304, 55.979352619259785], [37.48625431985892, 55.979352619259785], [37.48625431985892, 55.97036950750988], [37.43854495618833, 55.97036950750988], [37.43854495618833, 55.961386395759966], [37.39083559251774, 55.961386395759966], [37.39083559251774, 55.95240328401006], [37.40673871374127, 55.95240328401006], [37.40673871374127, 55.94342017226015], [37.4226418349648, 55.94342017226015], [37.4226418349648, 55.934437060510234], [37.43854495618833, 55.934437060510234], [37.43854495618833, 55.92545394876033], [37.45444807741186, 55.92545394876033], [37.45444807741186, 55.916470837010415], [37.47035119863539, 55.916470837010415], [37.47035119863539, 55.90748772526051], [37.48625431985892, 55.90748772526051], [37.48625431985892, 55.898504613510596], [37.50215744108245, 55.898504613510596], [37.50215744108245, 55.88952150176068], [37.51806056230598, 55.88952150176068], [37.51806056230598, 55.88053839001078], [37.533963683529514, 55.88053839001078], [37.533963683529514, 55.871555278260864], [37.54986680475304, 55.871555278260864], [37.54986680475304, 55.86257216651096], [37.56576992597657, 55.86257216651096], [37.56576992597657, 55.853589054761045], [37.5816730472001, 55.853589054761045], [37.5816730472001, 55.84460594301114], [37.59757616842363, 55.84460594301114], [37.59757616842363, 55.853589054761045], [37.61347928964716, 55.853589054761045], [37.61347928964716, 55.86257216651096], [37.62938241087069, 55.86257216651096], [37.62938241087069, 55.92545394876033], [37.64528553209422, 55.92545394876033], [37.64528553209422, 55.934437060510234], [37.62938241087069, 55.934437060510234], [37.62938241087069, 55.94342017226015], [37.61347928964716, 55.94342017226015], [37.61347928964716, 55.95240328401006], [37.62938241087069, 55.95240328401006], [37.62938241087069, 55.961386395759966], [37.64528553209422, 55.961386395759966], [37.64528553209422, 55.97036950750988], [37.62938241087069, 55.97036950750988], [37.62938241087069, 55.9883357310097], [37.64528553209422, 55.9883357310097], [37.64528553209422, 55.99731884275961], [37.66118865331775, 55.99731884275961], [37.66118865331775, 56.00630195450952], [37.61347928964716, 56.00630195450952]]]}}, {"type": "Feature", "properties": {"name": "Люберцы", "value": 279}, "geometry": {"type": "Polygon", "coordinates": [[[37.947444835341294, 55.73680860201221], [37.947444835341294, 55.727825490262305], [37.88383235044717, 55.727825490262305], [37.88383235044717, 55.71884237851239], [37.80431674432952, 55.71884237851239], [37.80431674432952, 55.70087615501257], [37.82021986555305, 55.70087615501257], [37.82021986555305, 55.69189304326266], [37.83612298677658, 55.69189304326266], [37.83612298677658, 55.682909931512754], [37.85202610800011, 55.682909931512754], [37.85202610800011, 55.67392681976284], [37.86792922922364, 55.67392681976284], [37.86792922922364, 55.664943708012935], [37.88383235044717, 55.664943708012935], [37.88383235044717, 55.65596059626302], [37.91563859289423, 55.65596059626302], [37.91563859289423, 55.64697748451311], [37.93154171411776, 55.64697748451311], [37.93154171411776, 55.6379943727632], [37.947444835341294, 55.6379943727632], [37.947444835341294, 55.62901126101329], [38.01105732023541, 55.62901126101329], [38.01105732023541, 55.6379943727632], [38.02696044145894, 55.6379943727632], [38.02696044145894, 55.64697748451311], [38.04286356268247, 55.64697748451311], [38.04286356268247, 55.682909931512754], [38.058766683906, 55.682909931512754], [38.058766683906, 55.69189304326266], [38.07466980512953, 55.69189304326266], [38.07466980512953, 55.709859266762486], [38.058766683906, 55.709859266762486], [38.058766683906, 55.71884237851239], [38.04286356268247, 55.71884237851239], [38.04286356268247, 55.727825490262305], [38.02696044145894, 55.727825490262305], [38.02696044145894, 55.73680860201221], [38.01105732023541, 55.73680860201221], [38.01105732023541, 55.727825490262305], [37.979251077788355, 55.727825490262305], [37.979251077788355, 55.73680860201221], [37.947444835341294, 55.73680860201221]]]}}, {"type": "Feature", "properties": {"name": "Видное", "value": 275}, "geometry": {"type": "Polygon", "coordinates": [[[37.54986680475304, 55.69189304326266], [37.54986680475304, 55.682909931512754], [37.533963683529514, 55.682909931512754], [37.533963683529514, 55.664943708012935], [37.51806056230598, 55.664943708012935], [37.51806056230598, 55.65596059626302], [37.50215744108245, 55.65596059626302], [37.50215744108245, 55.602061925763564], [37.48625431985892, 55.602061925763564], [37.48625431985892, 55.59307881401365], [37.47035119863539, 55.59307881401365], [37.47035119863539, 55.58409570226374], [37.45444807741186, 55.58409570226374], [37.45444807741186, 55.55714636701401], [37.47035119863539, 55.55714636701401], [37.47035119863539, 55.53918014351419], [37.51806056230598, 55.53918014351419], [37.51806056230598, 55.53019703176428], [37.54986680475304, 55.53019703176428], [37.54986680475304, 55.52121392001437], [37.56576992597657, 55.52121392001437], [37.56576992597657, 55.51223080826446], [37.5816730472001, 55.51223080826446], [37.5816730472001, 55.50324769651455], [37.59757616842363, 55.50324769651455], [37.59757616842363, 55.494264584764636], [37.64528553209422, 55.494264584764636], [37.64528553209422, 55.48528147301473], [37.69299489576481, 55.48528147301473], [37.69299489576481, 55.494264584764636], [37.77251050188246, 55.494264584764636], [37.77251050188246, 55.50324769651455], [37.78841362310599, 55.50324769651455], [37.78841362310599, 55.51223080826446], [37.80431674432952, 55.51223080826446], [37.80431674432952, 55.52121392001437], [37.82021986555305, 55.52121392001437], [37.82021986555305, 55.51223080826446], [37.83612298677658, 55.51223080826446], [37.83612298677658, 55.53918014351419], [37.82021986555305, 55.53918014351419], [37.82021986555305, 55.57511259051383], [37.80431674432952, 55.57511259051383], [37.80431674432952, 55.59307881401365], [37.78841362310599, 55.59307881401365], [37.78841362310599, 55.602061925763564], [37.77251050188246, 55.602061925763564], [37.77251050188246, 55.61104503751347], [37.756607380658934, 55.61104503751347], [37.756607380658934, 55.62901126101329], [37.72480113821187, 55.62901126101329], [37.72480113821187, 55.6379943727632], [37.70889801698834, 55.6379943727632], [37.70889801698834, 55.64697748451311], [37.69299489576481, 55.64697748451311], [37.69299489576481, 55.65596059626302], [37.67709177454128, 55.65596059626302], [37.67709177454128, 55.664943708012935], [37.66118865331775, 55.664943708012935], [37.66118865331775, 55.67392681976284], [37.64528553209422, 55.67392681976284], [37.64528553209422, 55.682909931512754], [37.59757616842363, 55.682909931512754], [37.59757616842363, 55.69189304326266], [37.54986680475304, 55.69189304326266]]]}}, {"type": "Feature", "properties": {"name": "Королев", "value": 275}, "geometry": {"type": "Polygon", "coordinates": [[[37.756607380658934, 55.979352619259785], [37.756607380658934, 55.97036950750988], [37.740704259435404, 55.97036950750988], [37.740704259435404, 55.961386395759966], [37.756607380658934, 55.961386395759966], [37.756607380658934, 55.934437060510234], [37.77251050188246, 55.934437060510234], [37.77251050188246, 55.916470837010415], [37.756607380658934, 55.916470837010415], [37.756607380658934, 55.898504613510596], [37.78841362310599, 55.898504613510596], [37.78841362310599, 55.88952150176068], [37.80431674432952, 55.88952150176068], [37.80431674432952, 55.898504613510596], [37.82021986555305, 55.898504613510596], [37.82021986555305, 55.88952150176068], [37.83612298677658, 55.88952150176068], [37.83612298677658, 55.88053839001078], [37.88383235044717, 55.88053839001078], [37.88383235044717, 55.871555278260864], [37.91563859289423, 55.871555278260864], [37.91563859289423, 55.898504613510596], [37.93154171411776, 55.898504613510596], [37.93154171411776, 55.916470837010415], [37.91563859289423, 55.916470837010415], [37.91563859289423, 55.934437060510234], [37.8997354716707, 55.934437060510234], [37.8997354716707, 55.94342017226015], [37.88383235044717, 55.94342017226015], [37.88383235044717, 55.95240328401006], [37.85202610800011, 55.95240328401006], [37.85202610800011, 55.961386395759966], [37.83612298677658, 55.961386395759966], [37.83612298677658, 55.97036950750988], [37.78841362310599, 55.97036950750988], [37.78841362310599, 55.979352619259785], [37.756607380658934, 55.979352619259785]]]}}, {"type": "Feature", "properties": {"name": "Ногинск", "value": 268}, "geometry": {"type": "Polygon", "coordinates": [[[38.55176344183543, 55.95240328401006], [38.55176344183543, 55.94342017226015], [38.5358603206119, 55.94342017226015], [38.5358603206119, 55.934437060510234], [38.51995719938837, 55.934437060510234], [38.51995719938837, 55.92545394876033], [38.50405407816484, 55.92545394876033], [38.50405407816484, 55.916470837010415], [38.45634471449425, 55.916470837010415], [38.45634471449425, 55.92545394876033], [38.44044159327073, 55.92545394876033], [38.44044159327073, 55.934437060510234], [38.392732229600135, 55.934437060510234], [38.392732229600135, 55.92545394876033], [38.376829108376604, 55.92545394876033], [38.376829108376604, 55.90748772526051], [38.360925987153074, 55.90748772526051], [38.360925987153074, 55.88053839001078], [38.376829108376604, 55.88053839001078], [38.376829108376604, 55.871555278260864], [38.360925987153074, 55.871555278260864], [38.360925987153074, 55.86257216651096], [38.34502286592954, 55.86257216651096], [38.34502286592954, 55.853589054761045], [38.32911974470601, 55.853589054761045], [38.32911974470601, 55.84460594301114], [38.31321662348248, 55.84460594301114], [38.31321662348248, 55.835622831261226], [38.32911974470601, 55.835622831261226], [38.32911974470601, 55.81765660776141], [38.392732229600135, 55.81765660776141], [38.392732229600135, 55.82663971951131], [38.47224783571778, 55.82663971951131], [38.47224783571778, 55.81765660776141], [38.50405407816484, 55.81765660776141], [38.50405407816484, 55.82663971951131], [38.51995719938837, 55.82663971951131], [38.51995719938837, 55.835622831261226], [38.5358603206119, 55.835622831261226], [38.5358603206119, 55.84460594301114], [38.55176344183543, 55.84460594301114], [38.55176344183543, 55.835622831261226], [38.583569684282494, 55.835622831261226], [38.583569684282494, 55.853589054761045], [38.599472805506025, 55.853589054761045], [38.599472805506025, 55.86257216651096], [38.615375926729556, 55.86257216651096], [38.615375926729556, 55.88952150176068], [38.599472805506025, 55.88952150176068], [38.599472805506025, 55.898504613510596], [38.583569684282494, 55.898504613510596], [38.583569684282494, 55.934437060510234], [38.599472805506025, 55.934437060510234], [38.599472805506025, 55.95240328401006], [38.583569684282494, 55.95240328401006], [38.583569684282494, 55.94342017226015], [38.567666563058964, 55.94342017226015], [38.567666563058964, 55.95240328401006], [38.55176344183543, 55.95240328401006]]]}}, {"type": "Feature", "properties": {"name": "Раменское", "value": 268}, "geometry": {"type": "Polygon", "coordinates": [[[38.376829108376604, 55.65596059626302], [38.376829108376604, 55.64697748451311], [38.360925987153074, 55.64697748451311], [38.360925987153074, 55.6379943727632], [38.32911974470601, 55.6379943727632], [38.32911974470601, 55.64697748451311], [38.29731350225895, 55.64697748451311], [38.29731350225895, 55.6379943727632], [38.26550725981189, 55.6379943727632], [38.26550725981189, 55.62901126101329], [38.28141038103542, 55.62901126101329], [38.28141038103542, 55.62002814926338], [38.26550725981189, 55.62002814926338], [38.26550725981189, 55.61104503751347], [38.24960413858836, 55.61104503751347], [38.24960413858836, 55.602061925763564], [38.23370101736483, 55.602061925763564], [38.23370101736483, 55.59307881401365], [38.217797896141306, 55.59307881401365], [38.217797896141306, 55.602061925763564], [38.201894774917776, 55.602061925763564], [38.201894774917776, 55.61104503751347], [38.170088532470714, 55.61104503751347], [38.170088532470714, 55.56612947876392], [38.154185411247184, 55.56612947876392], [38.154185411247184, 55.55714636701401], [38.13828229002365, 55.55714636701401], [38.13828229002365, 55.5481632552641], [38.12237916880012, 55.5481632552641], [38.12237916880012, 55.53918014351419], [38.10647604757659, 55.53918014351419], [38.10647604757659, 55.50324769651455], [38.09057292635306, 55.50324769651455], [38.09057292635306, 55.48528147301473], [38.13828229002365, 55.48528147301473], [38.13828229002365, 55.494264584764636], [38.154185411247184, 55.494264584764636], [38.154185411247184, 55.48528147301473], [38.201894774917776, 55.48528147301473], [38.201894774917776, 55.50324769651455], [38.217797896141306, 55.50324769651455], [38.217797896141306, 55.51223080826446], [38.23370101736483, 55.51223080826446], [38.23370101736483, 55.52121392001437], [38.24960413858836, 55.52121392001437], [38.24960413858836, 55.53019703176428], [38.26550725981189, 55.53019703176428], [38.26550725981189, 55.52121392001437], [38.28141038103542, 55.52121392001437], [38.28141038103542, 55.51223080826446], [38.29731350225895, 55.51223080826446], [38.29731350225895, 55.50324769651455], [38.32911974470601, 55.50324769651455], [38.32911974470601, 55.51223080826446], [38.34502286592954, 55.51223080826446], [38.34502286592954, 55.52121392001437], [38.360925987153074, 55.52121392001437], [38.360925987153074, 55.53019703176428], [38.392732229600135, 55.53019703176428], [38.392732229600135, 55.5481632552641], [38.376829108376604, 55.5481632552641], [38.376829108376604, 55.55714636701401], [38.392732229600135, 55.55714636701401], [38.392732229600135, 55.56612947876392], [38.408635350823666, 55.56612947876392], [38.408635350823666, 55.57511259051383], [38.424538472047196, 55.57511259051383], [38.424538472047196, 55.58409570226374], [38.44044159327073, 55.58409570226374], [38.44044159327073, 55.602061925763564], [38.424538472047196, 55.602061925763564], [38.424538472047196, 55.64697748451311], [38.408635350823666, 55.64697748451311], [38.408635350823666, 55.65596059626302], [38.376829108376604, 55.65596059626302]]]}}, {"type": "Feature", "properties": {"name": "Серпухов", "value": 268}, "geometry": {"type": "Polygon", "coordinates": [[[37.23180438028244, 55.04510899726913], [37.23180438028244, 55.03612588551922], [37.21590125905891, 55.03612588551922], [37.21590125905891, 55.0181596620194], [37.23180438028244, 55.0181596620194], [37.23180438028244, 55.00917655026949], [37.24770750150597, 55.00917655026949], [37.24770750150597, 54.99121032676967], [37.2636106227295, 54.99121032676967], [37.2636106227295, 54.98222721501976], [37.24770750150597, 54.98222721501976], [37.24770750150597, 54.97324410326985], [37.2636106227295, 54.97324410326985], [37.2636106227295, 54.964260991519936], [37.29541686517656, 54.964260991519936], [37.29541686517656, 54.95527787977003], [37.31131998640009, 54.95527787977003], [37.31131998640009, 54.94629476802012], [37.32722310762362, 54.94629476802012], [37.32722310762362, 54.93731165627021], [37.34312622884715, 54.93731165627021], [37.34312622884715, 54.91036232102048], [37.32722310762362, 54.91036232102048], [37.32722310762362, 54.901379209270566], [37.31131998640009, 54.901379209270566], [37.31131998640009, 54.89239609752066], [37.32722310762362, 54.89239609752066], [37.32722310762362, 54.88341298577075], [37.34312622884715, 54.88341298577075], [37.34312622884715, 54.87442987402084], [37.32722310762362, 54.87442987402084], [37.32722310762362, 54.856463650521015], [37.34312622884715, 54.856463650521015], [37.34312622884715, 54.84748053877111], [37.35902935007068, 54.84748053877111], [37.35902935007068, 54.81154809177146], [37.37493247129421, 54.81154809177146], [37.37493247129421, 54.78459875652174], [37.39083559251774, 54.78459875652174], [37.39083559251774, 54.775615644771825], [37.40673871374127, 54.775615644771825], [37.40673871374127, 54.793581868271644], [37.4226418349648, 54.793581868271644], [37.4226418349648, 54.80256498002156], [37.43854495618833, 54.80256498002156], [37.43854495618833, 54.81154809177146], [37.45444807741186, 54.81154809177146], [37.45444807741186, 54.82053120352138], [37.47035119863539, 54.82053120352138], [37.47035119863539, 54.838497427021196], [37.48625431985892, 54.838497427021196], [37.48625431985892, 54.84748053877111], [37.50215744108245, 54.84748053877111], [37.50215744108245, 54.856463650521015], [37.48625431985892, 54.856463650521015], [37.48625431985892, 54.87442987402084], [37.50215744108245, 54.87442987402084], [37.50215744108245, 54.88341298577075], [37.51806056230598, 54.88341298577075], [37.51806056230598, 54.89239609752066], [37.533963683529514, 54.89239609752066], [37.533963683529514, 54.901379209270566], [37.56576992597657, 54.901379209270566], [37.56576992597657, 54.91036232102048], [37.5816730472001, 54.91036232102048], [37.5816730472001, 54.93731165627021], [37.59757616842363, 54.93731165627021], [37.59757616842363, 54.94629476802012], [37.61347928964716, 54.94629476802012], [37.61347928964716, 54.95527787977003], [37.62938241087069, 54.95527787977003], [37.62938241087069, 54.97324410326985], [37.61347928964716, 54.97324410326985], [37.61347928964716, 54.98222721501976], [37.59757616842363, 54.98222721501976], [37.59757616842363, 54.99121032676967], [37.5816730472001, 54.99121032676967], [37.5816730472001, 55.00019343851958], [37.56576992597657, 55.00019343851958], [37.56576992597657, 55.00917655026949], [37.5816730472001, 55.00917655026949], [37.5816730472001, 55.0181596620194], [37.59757616842363, 55.0181596620194], [37.59757616842363, 55.02714277376931], [37.56576992597657, 55.02714277376931], [37.56576992597657, 55.0181596620194], [37.54986680475304, 55.0181596620194], [37.54986680475304, 55.00917655026949], [37.51806056230598, 55.00917655026949], [37.51806056230598, 55.0181596620194], [37.50215744108245, 55.0181596620194], [37.50215744108245, 55.02714277376931], [37.47035119863539, 55.02714277376931], [37.47035119863539, 55.03612588551922], [37.4226418349648, 55.03612588551922], [37.4226418349648, 55.02714277376931], [37.39083559251774, 55.02714277376931], [37.39083559251774, 55.03612588551922], [37.31131998640009, 55.03612588551922], [37.31131998640009, 55.04510899726913], [37.29541686517656, 55.04510899726913], [37.29541686517656, 55.03612588551922], [37.27951374395303, 55.03612588551922], [37.27951374395303, 55.04510899726913], [37.23180438028244, 55.04510899726913]]]}}, {"type": "Feature", "properties": {"name": "Электросталь", "value": 262}, "geometry": {"type": "Polygon", "coordinates": [[[38.31321662348248, 55.81765660776141], [38.31321662348248, 55.808673496011494], [38.29731350225895, 55.808673496011494], [38.29731350225895, 55.79969038426159], [38.31321662348248, 55.79969038426159], [38.31321662348248, 55.790707272511675], [38.29731350225895, 55.790707272511675], [38.29731350225895, 55.78172416076176], [38.32911974470601, 55.78172416076176], [38.32911974470601, 55.772741049011856], [38.34502286592954, 55.772741049011856], [38.34502286592954, 55.76375793726194], [38.360925987153074, 55.76375793726194], [38.360925987153074, 55.75477482551204], [38.376829108376604, 55.75477482551204], [38.376829108376604, 55.745791713762124], [38.360925987153074, 55.745791713762124], [38.360925987153074, 55.73680860201221], [38.34502286592954, 55.73680860201221], [38.34502286592954, 55.71884237851239], [38.360925987153074, 55.71884237851239], [38.360925987153074, 55.709859266762486], [38.392732229600135, 55.709859266762486], [38.392732229600135, 55.71884237851239], [38.424538472047196, 55.71884237851239], [38.424538472047196, 55.709859266762486], [38.44044159327073, 55.709859266762486], [38.44044159327073, 55.70087615501257], [38.47224783571778, 55.70087615501257], [38.47224783571778, 55.69189304326266], [38.48815095694131, 55.69189304326266], [38.48815095694131, 55.70087615501257], [38.50405407816484, 55.70087615501257], [38.50405407816484, 55.709859266762486], [38.51995719938837, 55.709859266762486], [38.51995719938837, 55.71884237851239], [38.5358603206119, 55.71884237851239], [38.5358603206119, 55.727825490262305], [38.55176344183543, 55.727825490262305], [38.55176344183543, 55.75477482551204], [38.5358603206119, 55.75477482551204], [38.5358603206119, 55.76375793726194], [38.51995719938837, 55.76375793726194], [38.51995719938837, 55.772741049011856], [38.5358603206119, 55.772741049011856], [38.5358603206119, 55.78172416076176], [38.55176344183543, 55.78172416076176], [38.55176344183543, 55.79969038426159], [38.5358603206119, 55.79969038426159], [38.5358603206119, 55.790707272511675], [38.51995719938837, 55.790707272511675], [38.51995719938837, 55.79969038426159], [38.50405407816484, 55.79969038426159], [38.50405407816484, 55.808673496011494], [38.47224783571778, 55.808673496011494], [38.47224783571778, 55.81765660776141], [38.408635350823666, 55.81765660776141], [38.408635350823666, 55.808673496011494], [38.376829108376604, 55.808673496011494], [38.376829108376604, 55.79969038426159], [38.360925987153074, 55.79969038426159], [38.360925987153074, 55.808673496011494], [38.34502286592954, 55.808673496011494], [38.34502286592954, 55.81765660776141], [38.31321662348248, 55.81765660776141]]]}}, {"type": "Feature", "properties": {"name": "Жуковский", "value": 261}, "geometry": {"type": "MultiPolygon", "coordinates": [[[[38.058766683906, 55.46731524951491], [38.04286356268247, 55.46731524951491], [38.04286356268247, 55.47629836126482], [38.058766683906, 55.47629836126482], [38.058766683906, 55.46731524951491]]], [[[38.058766683906, 55.494264584764636], [38.04286356268247, 55.494264584764636], [38.04286356268247, 55.50324769651455], [38.02696044145894, 55.50324769651455], [38.02696044145894, 55.52121392001437], [38.01105732023541, 55.52121392001437], [38.01105732023541, 55.57511259051383], [38.02696044145894, 55.57511259051383], [38.02696044145894, 55.58409570226374], [38.04286356268247, 55.58409570226374], [38.04286356268247, 55.59307881401365], [38.02696044145894, 55.59307881401365], [38.02696044145894, 55.602061925763564], [38.01105732023541, 55.602061925763564], [38.01105732023541, 55.61104503751347], [37.995154199011886, 55.61104503751347], [37.995154199011886, 55.64697748451311], [38.01105732023541, 55.64697748451311], [38.01105732023541, 55.65596059626302], [38.02696044145894, 55.65596059626302], [38.02696044145894, 55.664943708012935], [38.058766683906, 55.664943708012935], [38.058766683906, 55.67392681976284], [38.09057292635306, 55.67392681976284], [38.09057292635306, 55.682909931512754], [38.12237916880012, 55.682909931512754], [38.12237916880012, 55.67392681976284], [38.154185411247184, 55.67392681976284], [38.154185411247184, 55.664943708012935], [38.170088532470714, 55.664943708012935], [38.170088532470714, 55.65596059626302], [38.185991653694245, 55.65596059626302], [38.185991653694245, 55.64697748451311], [38.217797896141306, 55.64697748451311], [38.217797896141306, 55.62901126101329], [38.201894774917776, 55.62901126101329], [38.201894774917776, 55.62002814926338], [38.185991653694245, 55.62002814926338], [38.185991653694245, 55.57511259051383], [38.170088532470714, 55.57511259051383], [38.170088532470714, 55.56612947876392], [38.154185411247184, 55.56612947876392], [38.154185411247184, 55.53918014351419], [38.13828229002365, 55.53918014351419], [38.13828229002365, 55.53019703176428], [38.12237916880012, 55.53019703176428], [38.12237916880012, 55.52121392001437], [38.13828229002365, 55.52121392001437], [38.13828229002365, 55.51223080826446], [38.12237916880012, 55.51223080826446], [38.12237916880012, 55.494264584764636], [38.10647604757659, 55.494264584764636], [38.10647604757659, 55.48528147301473], [38.07466980512953, 55.48528147301473], [38.07466980512953, 55.47629836126482], [38.058766683906, 55.47629836126482], [38.058766683906, 55.494264584764636]]]]}}, {"type": "Feature", "properties": {"name": "Орехово-Зуево", "value": 255}, "geometry": {"type": "Polygon", "coordinates": [[[39.028857078541336, 55.934437060510234], [39.028857078541336, 55.92545394876033], [39.012953957317805, 55.92545394876033], [39.012953957317805, 55.916470837010415], [38.997050836094274, 55.916470837010415], [38.997050836094274, 55.90748772526051], [38.96524459364721, 55.90748772526051], [38.96524459364721, 55.898504613510596], [38.94934147242368, 55.898504613510596], [38.94934147242368, 55.88053839001078], [38.93343835120015, 55.88053839001078], [38.93343835120015, 55.86257216651096], [38.91753522997662, 55.86257216651096], [38.91753522997662, 55.853589054761045], [38.9016321087531, 55.853589054761045], [38.9016321087531, 55.835622831261226], [38.88572898752957, 55.835622831261226], [38.88572898752957, 55.82663971951131], [38.86982586630604, 55.82663971951131], [38.86982586630604, 55.81765660776141], [38.85392274508251, 55.81765660776141], [38.85392274508251, 55.808673496011494], [38.86982586630604, 55.808673496011494], [38.86982586630604, 55.79969038426159], [38.88572898752957, 55.79969038426159], [38.88572898752957, 55.790707272511675], [38.9016321087531, 55.790707272511675], [38.9016321087531, 55.78172416076176], [38.91753522997662, 55.78172416076176], [38.91753522997662, 55.75477482551204], [38.96524459364721, 55.75477482551204], [38.96524459364721, 55.76375793726194], [38.981147714870744, 55.76375793726194], [38.981147714870744, 55.772741049011856], [39.044760199764866, 55.772741049011856], [39.044760199764866, 55.78172416076176], [39.0606633209884, 55.78172416076176], [39.0606633209884, 55.772741049011856], [39.07656644221193, 55.772741049011856], [39.07656644221193, 55.76375793726194], [39.09246956343546, 55.76375793726194], [39.09246956343546, 55.75477482551204], [39.10837268465899, 55.75477482551204], [39.10837268465899, 55.73680860201221], [39.12427580588252, 55.73680860201221], [39.12427580588252, 55.745791713762124], [39.14017892710604, 55.745791713762124], [39.14017892710604, 55.75477482551204], [39.15608204832957, 55.75477482551204], [39.15608204832957, 55.76375793726194], [39.1719851695531, 55.76375793726194], [39.1719851695531, 55.78172416076176], [39.15608204832957, 55.78172416076176], [39.15608204832957, 55.790707272511675], [39.14017892710604, 55.790707272511675], [39.14017892710604, 55.79969038426159], [39.12427580588252, 55.79969038426159], [39.12427580588252, 55.808673496011494], [39.10837268465899, 55.808673496011494], [39.10837268465899, 55.82663971951131], [39.09246956343546, 55.82663971951131], [39.09246956343546, 55.84460594301114], [39.10837268465899, 55.84460594301114], [39.10837268465899, 55.853589054761045], [39.12427580588252, 55.853589054761045], [39.12427580588252, 55.86257216651096], [39.14017892710604, 55.86257216651096], [39.14017892710604, 55.871555278260864], [39.15608204832957, 55.871555278260864], [39.15608204832957, 55.86257216651096], [39.187888290776634, 55.86257216651096], [39.187888290776634, 55.898504613510596], [39.203791412000164, 55.898504613510596], [39.203791412000164, 55.92545394876033], [39.187888290776634, 55.92545394876033], [39.187888290776634, 55.934437060510234], [39.15608204832957, 55.934437060510234], [39.15608204832957, 55.92545394876033], [39.10837268465899, 55.92545394876033], [39.10837268465899, 55.916470837010415], [39.0606633209884, 55.916470837010415], [39.0606633209884, 55.92545394876033], [39.044760199764866, 55.92545394876033], [39.044760199764866, 55.934437060510234], [39.028857078541336, 55.934437060510234]]]}}, {"type": "Feature", "properties": {"name": "Коломна", "value": 254}, "geometry": {"type": "Polygon", "coordinates": [[[38.822116502635446, 55.22477123226734], [38.822116502635446, 55.21578812051742], [38.72669777529426, 55.21578812051742], [38.72669777529426, 55.20680500876751], [38.71079465407073, 55.20680500876751], [38.71079465407073, 55.197821897017604], [38.6948915328472, 55.197821897017604], [38.6948915328472, 55.18883878526769], [38.67898841162367, 55.18883878526769], [38.67898841162367, 55.197821897017604], [38.66308529040015, 55.197821897017604], [38.66308529040015, 55.20680500876751], [38.631279047953086, 55.20680500876751], [38.631279047953086, 55.197821897017604], [38.599472805506025, 55.197821897017604], [38.599472805506025, 55.179855673517785], [38.583569684282494, 55.179855673517785], [38.583569684282494, 55.17087256176787], [38.567666563058964, 55.17087256176787], [38.567666563058964, 55.15290633826805], [38.583569684282494, 55.15290633826805], [38.583569684282494, 55.14392322651814], [38.567666563058964, 55.14392322651814], [38.567666563058964, 55.12595700301832], [38.583569684282494, 55.12595700301832], [38.583569684282494, 55.116973891268415], [38.599472805506025, 55.116973891268415], [38.599472805506025, 55.09900766776859], [38.583569684282494, 55.09900766776859], [38.583569684282494, 55.09002455601868], [38.567666563058964, 55.09002455601868], [38.567666563058964, 55.08104144426877], [38.583569684282494, 55.08104144426877], [38.583569684282494, 55.06307522076895], [38.567666563058964, 55.06307522076895], [38.567666563058964, 55.04510899726913], [38.583569684282494, 55.04510899726913], [38.583569684282494, 55.0181596620194], [38.599472805506025, 55.0181596620194], [38.599472805506025, 55.00917655026949], [38.615375926729556, 55.00917655026949], [38.615375926729556, 54.99121032676967], [38.64718216917662, 54.99121032676967], [38.64718216917662, 55.00019343851958], [38.66308529040015, 55.00019343851958], [38.66308529040015, 54.99121032676967], [38.67898841162367, 54.99121032676967], [38.67898841162367, 54.98222721501976], [38.6948915328472, 54.98222721501976], [38.6948915328472, 54.97324410326985], [38.71079465407073, 54.97324410326985], [38.71079465407073, 54.964260991519936], [38.72669777529426, 54.964260991519936], [38.72669777529426, 54.95527787977003], [38.74260089651779, 54.95527787977003], [38.74260089651779, 54.94629476802012], [38.75850401774132, 54.94629476802012], [38.75850401774132, 54.964260991519936], [38.774407138964854, 54.964260991519936], [38.774407138964854, 54.99121032676967], [38.75850401774132, 54.99121032676967], [38.75850401774132, 55.00019343851958], [38.74260089651779, 55.00019343851958], [38.74260089651779, 55.0181596620194], [38.75850401774132, 55.0181596620194], [38.75850401774132, 55.02714277376931], [38.774407138964854, 55.02714277376931], [38.774407138964854, 55.03612588551922], [38.790310260188384, 55.03612588551922], [38.790310260188384, 55.04510899726913], [38.806213381411915, 55.04510899726913], [38.806213381411915, 55.03612588551922], [38.85392274508251, 55.03612588551922], [38.85392274508251, 55.04510899726913], [38.88572898752957, 55.04510899726913], [38.88572898752957, 55.05409210901904], [38.9016321087531, 55.05409210901904], [38.9016321087531, 55.06307522076895], [38.96524459364721, 55.06307522076895], [38.96524459364721, 55.072058332518864], [38.981147714870744, 55.072058332518864], [38.981147714870744, 55.08104144426877], [38.96524459364721, 55.08104144426877], [38.96524459364721, 55.09900766776859], [38.93343835120015, 55.09900766776859], [38.93343835120015, 55.09002455601868], [38.91753522997662, 55.09002455601868], [38.91753522997662, 55.09900766776859], [38.9016321087531, 55.09900766776859], [38.9016321087531, 55.1079907795185], [38.88572898752957, 55.1079907795185], [38.88572898752957, 55.116973891268415], [38.86982586630604, 55.116973891268415], [38.86982586630604, 55.12595700301832], [38.85392274508251, 55.12595700301832], [38.85392274508251, 55.134940114768234], [38.838019623858976, 55.134940114768234], [38.838019623858976, 55.14392322651814], [38.822116502635446, 55.14392322651814], [38.822116502635446, 55.17087256176787], [38.838019623858976, 55.17087256176787], [38.838019623858976, 55.179855673517785], [38.85392274508251, 55.179855673517785], [38.85392274508251, 55.18883878526769], [38.86982586630604, 55.18883878526769], [38.86982586630604, 55.197821897017604], [38.93343835120015, 55.197821897017604], [38.93343835120015, 55.20680500876751], [38.91753522997662, 55.20680500876751], [38.91753522997662, 55.21578812051742], [38.88572898752957, 55.21578812051742], [38.88572898752957, 55.20680500876751], [38.85392274508251, 55.20680500876751], [38.85392274508251, 55.21578812051742], [38.838019623858976, 55.21578812051742], [38.838019623858976, 55.22477123226734], [38.822116502635446, 55.22477123226734]]]}}, {"type": "Feature", "properties": {"name": "Пушкино", "value": 250}, "geometry": {"type": "Polygon", "coordinates": [[[37.85202610800011, 56.150031742508084], [37.85202610800011, 56.14104863075817], [37.83612298677658, 56.14104863075817], [37.83612298677658, 56.13206551900826], [37.80431674432952, 56.13206551900826], [37.80431674432952, 56.14104863075817], [37.78841362310599, 56.14104863075817], [37.78841362310599, 56.13206551900826], [37.77251050188246, 56.13206551900826], [37.77251050188246, 56.12308240725835], [37.756607380658934, 56.12308240725835], [37.756607380658934, 56.13206551900826], [37.72480113821187, 56.13206551900826], [37.72480113821187, 56.14104863075817], [37.69299489576481, 56.14104863075817], [37.69299489576481, 56.12308240725835], [37.67709177454128, 56.12308240725835], [37.67709177454128, 56.11409929550844], [37.66118865331775, 56.11409929550844], [37.66118865331775, 56.10511618375853], [37.64528553209422, 56.10511618375853], [37.64528553209422, 56.09613307200862], [37.66118865331775, 56.09613307200862], [37.66118865331775, 56.087149960258714], [37.67709177454128, 56.087149960258714], [37.67709177454128, 56.0781668485088], [37.66118865331775, 56.0781668485088], [37.66118865331775, 56.06020062500898], [37.64528553209422, 56.06020062500898], [37.64528553209422, 56.04223440150916], [37.66118865331775, 56.04223440150916], [37.66118865331775, 56.01528506625943], [37.64528553209422, 56.01528506625943], [37.64528553209422, 56.00630195450952], [37.67709177454128, 56.00630195450952], [37.67709177454128, 55.99731884275961], [37.69299489576481, 55.99731884275961], [37.69299489576481, 55.9883357310097], [37.70889801698834, 55.9883357310097], [37.70889801698834, 55.979352619259785], [37.72480113821187, 55.979352619259785], [37.72480113821187, 55.97036950750988], [37.77251050188246, 55.97036950750988], [37.77251050188246, 55.961386395759966], [37.85202610800011, 55.961386395759966], [37.85202610800011, 55.97036950750988], [37.86792922922364, 55.97036950750988], [37.86792922922364, 55.979352619259785], [37.88383235044717, 55.979352619259785], [37.88383235044717, 55.99731884275961], [37.8997354716707, 55.99731884275961], [37.8997354716707, 56.00630195450952], [37.91563859289423, 56.00630195450952], [37.91563859289423, 56.024268178009336], [37.93154171411776, 56.024268178009336], [37.93154171411776, 56.03325128975925], [37.947444835341294, 56.03325128975925], [37.947444835341294, 56.04223440150916], [37.963347956564824, 56.04223440150916], [37.963347956564824, 56.05121751325907], [37.979251077788355, 56.05121751325907], [37.979251077788355, 56.06020062500898], [37.995154199011886, 56.06020062500898], [37.995154199011886, 56.06918373675889], [37.979251077788355, 56.06918373675889], [37.979251077788355, 56.087149960258714], [37.963347956564824, 56.087149960258714], [37.963347956564824, 56.09613307200862], [37.947444835341294, 56.09613307200862], [37.947444835341294, 56.12308240725835], [37.93154171411776, 56.12308240725835], [37.93154171411776, 56.13206551900826], [37.88383235044717, 56.13206551900826], [37.88383235044717, 56.14104863075817], [37.86792922922364, 56.14104863075817], [37.86792922922364, 56.150031742508084], [37.85202610800011, 56.150031742508084]]]}}, {"type": "Feature", "properties": {"name": "Щёлково", "value": 249}, "geometry": {"type": "Polygon", "coordinates": [[[37.93154171411776, 55.95240328401006], [37.93154171411776, 55.94342017226015], [37.91563859289423, 55.94342017226015], [37.91563859289423, 55.934437060510234], [37.8997354716707, 55.934437060510234], [37.8997354716707, 55.90748772526051], [37.91563859289423, 55.90748772526051], [37.91563859289423, 55.86257216651096], [37.963347956564824, 55.86257216651096], [37.963347956564824, 55.853589054761045], [37.995154199011886, 55.853589054761045], [37.995154199011886, 55.86257216651096], [38.02696044145894, 55.86257216651096], [38.02696044145894, 55.853589054761045], [38.058766683906, 55.853589054761045], [38.058766683906, 55.86257216651096], [38.07466980512953, 55.86257216651096], [38.07466980512953, 55.871555278260864], [38.09057292635306, 55.871555278260864], [38.09057292635306, 55.88053839001078], [38.10647604757659, 55.88053839001078], [38.10647604757659, 55.88952150176068], [38.09057292635306, 55.88952150176068], [38.09057292635306, 55.90748772526051], [38.07466980512953, 55.90748772526051], [38.07466980512953, 55.916470837010415], [38.058766683906, 55.916470837010415], [38.058766683906, 55.92545394876033], [38.04286356268247, 55.92545394876033], [38.04286356268247, 55.94342017226015], [37.995154199011886, 55.94342017226015], [37.995154199011886, 55.95240328401006], [37.93154171411776, 55.95240328401006]]]}}, {"type": "Feature", "properties": {"name": "Домодедово", "value": 235}, "geometry": {"type": "Polygon", "coordinates": [[[37.70889801698834, 55.50324769651455], [37.70889801698834, 55.494264584764636], [37.66118865331775, 55.494264584764636], [37.66118865331775, 55.46731524951491], [37.64528553209422, 55.46731524951491], [37.64528553209422, 55.449349026015085], [37.66118865331775, 55.449349026015085], [37.66118865331775, 55.44036591426518], [37.64528553209422, 55.44036591426518], [37.64528553209422, 55.404433467265534], [37.66118865331775, 55.404433467265534], [37.66118865331775, 55.39545035551563], [37.67709177454128, 55.39545035551563], [37.67709177454128, 55.37748413201581], [37.66118865331775, 55.37748413201581], [37.66118865331775, 55.368501020265896], [37.64528553209422, 55.368501020265896], [37.64528553209422, 55.35951790851599], [37.66118865331775, 55.35951790851599], [37.66118865331775, 55.35053479676608], [37.67709177454128, 55.35053479676608], [37.67709177454128, 55.33256857326626], [37.66118865331775, 55.33256857326626], [37.66118865331775, 55.31460234976644], [37.67709177454128, 55.31460234976644], [37.67709177454128, 55.305619238016526], [37.70889801698834, 55.305619238016526], [37.70889801698834, 55.31460234976644], [37.756607380658934, 55.31460234976644], [37.756607380658934, 55.323585461516345], [37.77251050188246, 55.323585461516345], [37.77251050188246, 55.31460234976644], [37.78841362310599, 55.31460234976644], [37.78841362310599, 55.305619238016526], [37.80431674432952, 55.305619238016526], [37.80431674432952, 55.31460234976644], [37.88383235044717, 55.31460234976644], [37.88383235044717, 55.305619238016526], [37.91563859289423, 55.305619238016526], [37.91563859289423, 55.323585461516345], [37.93154171411776, 55.323585461516345], [37.93154171411776, 55.33256857326626], [37.947444835341294, 55.33256857326626], [37.947444835341294, 55.341551685016164], [37.963347956564824, 55.341551685016164], [37.963347956564824, 55.35053479676608], [37.947444835341294, 55.35053479676608], [37.947444835341294, 55.35951790851599], [37.93154171411776, 55.35951790851599], [37.93154171411776, 55.39545035551563], [37.947444835341294, 55.39545035551563], [37.947444835341294, 55.404433467265534], [37.963347956564824, 55.404433467265534], [37.963347956564824, 55.41341657901545], [37.979251077788355, 55.41341657901545], [37.979251077788355, 55.431382802515266], [37.963347956564824, 55.431382802515266], [37.963347956564824, 55.449349026015085], [37.947444835341294, 55.449349026015085], [37.947444835341294, 55.46731524951491], [37.963347956564824, 55.46731524951491], [37.963347956564824, 55.47629836126482], [37.93154171411776, 55.47629836126482], [37.93154171411776, 55.48528147301473], [37.91563859289423, 55.48528147301473], [37.91563859289423, 55.494264584764636], [37.8997354716707, 55.494264584764636], [37.8997354716707, 55.50324769651455], [37.70889801698834, 55.50324769651455]]]}}, {"type": "Feature", "properties": {"name": "Котельники", "value": 288}, "geometry": {"type": "Polygon", "coordinates": [[[37.64528553209422, 55.709859266762486], [37.64528553209422, 55.682909931512754], [37.66118865331775, 55.682909931512754], [37.66118865331775, 55.67392681976284], [37.70889801698834, 55.67392681976284], [37.70889801698834, 55.664943708012935], [37.740704259435404, 55.664943708012935], [37.740704259435404, 55.65596059626302], [37.78841362310599, 55.65596059626302], [37.78841362310599, 55.664943708012935], [37.82021986555305, 55.664943708012935], [37.82021986555305, 55.65596059626302], [37.83612298677658, 55.65596059626302], [37.83612298677658, 55.64697748451311], [37.85202610800011, 55.64697748451311], [37.85202610800011, 55.6379943727632], [37.91563859289423, 55.6379943727632], [37.91563859289423, 55.62901126101329], [37.963347956564824, 55.62901126101329], [37.963347956564824, 55.6379943727632], [37.947444835341294, 55.6379943727632], [37.947444835341294, 55.64697748451311], [37.93154171411776, 55.64697748451311], [37.93154171411776, 55.65596059626302], [37.91563859289423, 55.65596059626302], [37.91563859289423, 55.664943708012935], [37.8997354716707, 55.664943708012935], [37.8997354716707, 55.67392681976284], [37.88383235044717, 55.67392681976284], [37.88383235044717, 55.682909931512754], [37.86792922922364, 55.682909931512754], [37.86792922922364, 55.69189304326266], [37.85202610800011, 55.69189304326266], [37.85202610800011, 55.70087615501257], [37.83612298677658, 55.70087615501257], [37.83612298677658, 55.709859266762486], [37.72480113821187, 55.709859266762486], [37.72480113821187, 55.70087615501257], [37.69299489576481, 55.70087615501257], [37.69299489576481, 55.709859266762486], [37.64528553209422, 55.709859266762486]]]}}, {"type": "Feature", "properties": {"name": "Лобня", "value": 283}, "geometry": {"type": "Polygon", "coordinates": [[[37.2636106227295, 56.14104863075817], [37.2636106227295, 56.12308240725835], [37.27951374395303, 56.12308240725835], [37.27951374395303, 56.11409929550844], [37.2636106227295, 56.11409929550844], [37.2636106227295, 56.087149960258714], [37.27951374395303, 56.087149960258714], [37.27951374395303, 56.06918373675889], [37.2636106227295, 56.06918373675889], [37.2636106227295, 56.05121751325907], [37.27951374395303, 56.05121751325907], [37.27951374395303, 56.04223440150916], [37.2636106227295, 56.04223440150916], [37.2636106227295, 56.024268178009336], [37.27951374395303, 56.024268178009336], [37.27951374395303, 56.01528506625943], [37.2636106227295, 56.01528506625943], [37.2636106227295, 56.00630195450952], [37.24770750150597, 56.00630195450952], [37.24770750150597, 55.9883357310097], [37.2636106227295, 55.9883357310097], [37.2636106227295, 55.979352619259785], [37.24770750150597, 55.979352619259785], [37.24770750150597, 55.961386395759966], [37.27951374395303, 55.961386395759966], [37.27951374395303, 55.97036950750988], [37.29541686517656, 55.97036950750988], [37.29541686517656, 55.961386395759966], [37.32722310762362, 55.961386395759966], [37.32722310762362, 55.95240328401006], [37.34312622884715, 55.95240328401006], [37.34312622884715, 55.961386395759966], [37.35902935007068, 55.961386395759966], [37.35902935007068, 55.97036950750988], [37.37493247129421, 55.97036950750988], [37.37493247129421, 55.961386395759966], [37.39083559251774, 55.961386395759966], [37.39083559251774, 55.95240328401006], [37.40673871374127, 55.95240328401006], [37.40673871374127, 55.961386395759966], [37.4226418349648, 55.961386395759966], [37.4226418349648, 55.97036950750988], [37.43854495618833, 55.97036950750988], [37.43854495618833, 55.961386395759966], [37.45444807741186, 55.961386395759966], [37.45444807741186, 55.97036950750988], [37.47035119863539, 55.97036950750988], [37.47035119863539, 55.961386395759966], [37.48625431985892, 55.961386395759966], [37.48625431985892, 55.97036950750988], [37.533963683529514, 55.97036950750988], [37.533963683529514, 55.979352619259785], [37.54986680475304, 55.979352619259785], [37.54986680475304, 55.9883357310097], [37.61347928964716, 55.9883357310097], [37.61347928964716, 55.99731884275961], [37.62938241087069, 55.99731884275961], [37.62938241087069, 55.9883357310097], [37.64528553209422, 55.9883357310097], [37.64528553209422, 55.99731884275961], [37.66118865331775, 55.99731884275961], [37.66118865331775, 56.03325128975925], [37.64528553209422, 56.03325128975925], [37.64528553209422, 56.04223440150916], [37.66118865331775, 56.04223440150916], [37.66118865331775, 56.06020062500898], [37.64528553209422, 56.06020062500898], [37.64528553209422, 56.06918373675889], [37.66118865331775, 56.06918373675889], [37.66118865331775, 56.12308240725835], [37.62938241087069, 56.12308240725835], [37.62938241087069, 56.13206551900826], [37.59757616842363, 56.13206551900826], [37.59757616842363, 56.12308240725835], [37.56576992597657, 56.12308240725835], [37.56576992597657, 56.13206551900826], [37.54986680475304, 56.13206551900826], [37.54986680475304, 56.14104863075817], [37.48625431985892, 56.14104863075817], [37.48625431985892, 56.13206551900826], [37.45444807741186, 56.13206551900826], [37.45444807741186, 56.14104863075817], [37.4226418349648, 56.14104863075817], [37.4226418349648, 56.13206551900826], [37.40673871374127, 56.13206551900826], [37.40673871374127, 56.14104863075817], [37.39083559251774, 56.14104863075817], [37.39083559251774, 56.13206551900826], [37.37493247129421, 56.13206551900826], [37.37493247129421, 56.12308240725835], [37.34312622884715, 56.12308240725835], [37.34312622884715, 56.11409929550844], [37.31131998640009, 56.11409929550844], [37.31131998640009, 56.12308240725835], [37.29541686517656, 56.12308240725835], [37.29541686517656, 56.13206551900826], [37.27951374395303, 56.13206551900826], [37.27951374395303, 56.14104863075817], [37.2636106227295, 56.14104863075817]]]}}, {"type": "Feature", "properties": {"name": "Ивантеевка", "value": 273}, "geometry": {"type": "Polygon", "coordinates": [[[37.979251077788355, 56.06020062500898], [37.979251077788355, 56.05121751325907], [37.963347956564824, 56.05121751325907], [37.963347956564824, 56.04223440150916], [37.947444835341294, 56.04223440150916], [37.947444835341294, 56.024268178009336], [37.93154171411776, 56.024268178009336], [37.93154171411776, 56.01528506625943], [37.91563859289423, 56.01528506625943], [37.91563859289423, 56.00630195450952], [37.8997354716707, 56.00630195450952], [37.8997354716707, 55.99731884275961], [37.86792922922364, 55.99731884275961], [37.86792922922364, 55.9883357310097], [37.85202610800011, 55.9883357310097], [37.85202610800011, 55.979352619259785], [37.83612298677658, 55.979352619259785], [37.83612298677658, 55.94342017226015], [37.85202610800011, 55.94342017226015], [37.85202610800011, 55.934437060510234], [37.86792922922364, 55.934437060510234], [37.86792922922364, 55.92545394876033], [37.88383235044717, 55.92545394876033], [37.88383235044717, 55.916470837010415], [37.8997354716707, 55.916470837010415], [37.8997354716707, 55.92545394876033], [37.93154171411776, 55.92545394876033], [37.93154171411776, 55.934437060510234], [37.947444835341294, 55.934437060510234], [37.947444835341294, 55.94342017226015], [37.963347956564824, 55.94342017226015], [37.963347956564824, 55.961386395759966], [37.979251077788355, 55.961386395759966], [37.979251077788355, 56.03325128975925], [37.995154199011886, 56.03325128975925], [37.995154199011886, 56.04223440150916], [38.01105732023541, 56.04223440150916], [38.01105732023541, 56.06020062500898], [37.979251077788355, 56.06020062500898]]]}}, {"type": "Feature", "properties": {"name": "Фрязино", "value": 273}, "geometry": {"type": "Polygon", "coordinates": [[[38.04286356268247, 56.05121751325907], [38.04286356268247, 56.03325128975925], [38.02696044145894, 56.03325128975925], [38.02696044145894, 56.01528506625943], [38.04286356268247, 56.01528506625943], [38.04286356268247, 56.00630195450952], [38.02696044145894, 56.00630195450952], [38.02696044145894, 55.9883357310097], [38.04286356268247, 55.9883357310097], [38.04286356268247, 55.979352619259785], [38.02696044145894, 55.979352619259785], [38.02696044145894, 55.97036950750988], [38.01105732023541, 55.97036950750988], [38.01105732023541, 55.95240328401006], [38.02696044145894, 55.95240328401006], [38.02696044145894, 55.94342017226015], [38.01105732023541, 55.94342017226015], [38.01105732023541, 55.934437060510234], [38.02696044145894, 55.934437060510234], [38.02696044145894, 55.92545394876033], [38.04286356268247, 55.92545394876033], [38.04286356268247, 55.90748772526051], [38.058766683906, 55.90748772526051], [38.058766683906, 55.898504613510596], [38.12237916880012, 55.898504613510596], [38.12237916880012, 55.90748772526051], [38.13828229002365, 55.90748772526051], [38.13828229002365, 55.916470837010415], [38.154185411247184, 55.916470837010415], [38.154185411247184, 55.934437060510234], [38.170088532470714, 55.934437060510234], [38.170088532470714, 55.94342017226015], [38.185991653694245, 55.94342017226015], [38.185991653694245, 55.95240328401006], [38.201894774917776, 55.95240328401006], [38.201894774917776, 55.961386395759966], [38.217797896141306, 55.961386395759966], [38.217797896141306, 55.97036950750988], [38.23370101736483, 55.97036950750988], [38.23370101736483, 55.9883357310097], [38.217797896141306, 55.9883357310097], [38.217797896141306, 55.99731884275961], [38.201894774917776, 55.99731884275961], [38.201894774917776, 56.00630195450952], [38.217797896141306, 56.00630195450952], [38.217797896141306, 56.01528506625943], [38.201894774917776, 56.01528506625943], [38.201894774917776, 56.024268178009336], [38.185991653694245, 56.024268178009336], [38.185991653694245, 56.03325128975925], [38.13828229002365, 56.03325128975925], [38.13828229002365, 56.04223440150916], [38.07466980512953, 56.04223440150916], [38.07466980512953, 56.05121751325907], [38.04286356268247, 56.05121751325907]]]}}, {"type": "Feature", "properties": {"name": "Дзержинский", "value": 267}, "geometry": {"type": "Polygon", "coordinates": [[[37.64528553209422, 55.69189304326266], [37.64528553209422, 55.664943708012935], [37.66118865331775, 55.664943708012935], [37.66118865331775, 55.65596059626302], [37.67709177454128, 55.65596059626302], [37.67709177454128, 55.64697748451311], [37.69299489576481, 55.64697748451311], [37.69299489576481, 55.6379943727632], [37.70889801698834, 55.6379943727632], [37.70889801698834, 55.62901126101329], [37.72480113821187, 55.62901126101329], [37.72480113821187, 55.62002814926338], [37.740704259435404, 55.62002814926338], [37.740704259435404, 55.602061925763564], [37.756607380658934, 55.602061925763564], [37.756607380658934, 55.59307881401365], [37.77251050188246, 55.59307881401365], [37.77251050188246, 55.58409570226374], [37.82021986555305, 55.58409570226374], [37.82021986555305, 55.59307881401365], [37.83612298677658, 55.59307881401365], [37.83612298677658, 55.602061925763564], [37.85202610800011, 55.602061925763564], [37.85202610800011, 55.61104503751347], [37.86792922922364, 55.61104503751347], [37.86792922922364, 55.62002814926338], [37.88383235044717, 55.62002814926338], [37.88383235044717, 55.62901126101329], [37.8997354716707, 55.62901126101329], [37.8997354716707, 55.62002814926338], [37.947444835341294, 55.62002814926338], [37.947444835341294, 55.6379943727632], [37.88383235044717, 55.6379943727632], [37.88383235044717, 55.64697748451311], [37.86792922922364, 55.64697748451311], [37.86792922922364, 55.65596059626302], [37.83612298677658, 55.65596059626302], [37.83612298677658, 55.64697748451311], [37.80431674432952, 55.64697748451311], [37.80431674432952, 55.65596059626302], [37.78841362310599, 55.65596059626302], [37.78841362310599, 55.664943708012935], [37.756607380658934, 55.664943708012935], [37.756607380658934, 55.67392681976284], [37.70889801698834, 55.67392681976284], [37.70889801698834, 55.682909931512754], [37.67709177454128, 55.682909931512754], [37.67709177454128, 55.69189304326266], [37.64528553209422, 55.69189304326266]]]}}, {"type": "Feature", "properties": {"name": "Дубна", "value": 267}, "geometry": {"type": "MultiPolygon", "coordinates": [[[[37.31131998640009, 56.850714459001075], [37.34312622884715, 56.850714459001075], [37.34312622884715, 56.85969757075098], [37.35902935007068, 56.85969757075098], [37.35902935007068, 56.84173134725116], [37.34312622884715, 56.84173134725116], [37.34312622884715, 56.82376512375134], [37.35902935007068, 56.82376512375134], [37.35902935007068, 56.79681578850161], [37.32722310762362, 56.79681578850161], [37.32722310762362, 56.787832676751705], [37.31131998640009, 56.787832676751705], [37.31131998640009, 56.77884956500179], [37.29541686517656, 56.77884956500179], [37.29541686517656, 56.769866453251886], [37.27951374395303, 56.769866453251886], [37.27951374395303, 56.76088334150197], [37.29541686517656, 56.76088334150197], [37.29541686517656, 56.75190022975206], [37.31131998640009, 56.75190022975206], [37.31131998640009, 56.742917118002154], [37.32722310762362, 56.742917118002154], [37.32722310762362, 56.724950894502335], [37.31131998640009, 56.724950894502335], [37.31131998640009, 56.71596778275242], [37.32722310762362, 56.71596778275242], [37.32722310762362, 56.70698467100251], [37.34312622884715, 56.70698467100251], [37.34312622884715, 56.6980015592526], [37.35902935007068, 56.6980015592526], [37.35902935007068, 56.68901844750269], [37.34312622884715, 56.68901844750269], [37.34312622884715, 56.680035335752784], [37.32722310762362, 56.680035335752784], [37.32722310762362, 56.67105222400287], [37.31131998640009, 56.67105222400287], [37.31131998640009, 56.66206911225296], [37.29541686517656, 56.66206911225296], [37.29541686517656, 56.65308600050305], [37.31131998640009, 56.65308600050305], [37.31131998640009, 56.62613666525332], [37.32722310762362, 56.62613666525332], [37.32722310762362, 56.61715355350341], [37.29541686517656, 56.61715355350341], [37.29541686517656, 56.62613666525332], [37.27951374395303, 56.62613666525332], [37.27951374395303, 56.63511977700323], [37.2636106227295, 56.63511977700323], [37.2636106227295, 56.64410288875314], [37.23180438028244, 56.64410288875314], [37.23180438028244, 56.65308600050305], [37.21590125905891, 56.65308600050305], [37.21590125905891, 56.66206911225296], [37.18409501661185, 56.66206911225296], [37.18409501661185, 56.65308600050305], [37.16819189538832, 56.65308600050305], [37.16819189538832, 56.64410288875314], [37.15228877416479, 56.64410288875314], [37.15228877416479, 56.63511977700323], [37.13638565294126, 56.63511977700323], [37.13638565294126, 56.62613666525332], [37.15228877416479, 56.62613666525332], [37.15228877416479, 56.61715355350341], [37.12048253171773, 56.61715355350341], [37.12048253171773, 56.62613666525332], [37.088676289270666, 56.62613666525332], [37.088676289270666, 56.61715355350341], [37.07277316804714, 56.61715355350341], [37.07277316804714, 56.6081704417535], [37.05687004682361, 56.6081704417535], [37.05687004682361, 56.62613666525332], [37.07277316804714, 56.62613666525332], [37.07277316804714, 56.63511977700323], [37.088676289270666, 56.63511977700323], [37.088676289270666, 56.64410288875314], [37.07277316804714, 56.64410288875314], [37.07277316804714, 56.65308600050305], [37.05687004682361, 56.65308600050305], [37.05687004682361, 56.66206911225296], [37.04096692560008, 56.66206911225296], [37.04096692560008, 56.67105222400287], [37.02506380437655, 56.67105222400287], [37.02506380437655, 56.66206911225296], [37.00916068315302, 56.66206911225296], [37.00916068315302, 56.65308600050305], [36.99325756192949, 56.65308600050305], [36.99325756192949, 56.64410288875314], [36.96145131948243, 56.64410288875314], [36.96145131948243, 56.67105222400287], [36.97735444070596, 56.67105222400287], [36.97735444070596, 56.68901844750269], [36.99325756192949, 56.68901844750269], [36.99325756192949, 56.6980015592526], [36.97735444070596, 56.6980015592526], [36.97735444070596, 56.70698467100251], [36.96145131948243, 56.70698467100251], [36.96145131948243, 56.71596778275242], [37.00916068315302, 56.71596778275242], [37.00916068315302, 56.724950894502335], [37.02506380437655, 56.724950894502335], [37.02506380437655, 56.71596778275242], [37.04096692560008, 56.71596778275242], [37.04096692560008, 56.70698467100251], [37.05687004682361, 56.70698467100251], [37.05687004682361, 56.6980015592526], [37.088676289270666, 56.6980015592526], [37.088676289270666, 56.70698467100251], [37.104579410494196, 56.70698467100251], [37.104579410494196, 56.71596778275242], [37.12048253171773, 56.71596778275242], [37.12048253171773, 56.724950894502335], [37.13638565294126, 56.724950894502335], [37.13638565294126, 56.73393400625224], [37.12048253171773, 56.73393400625224], [37.12048253171773, 56.769866453251886], [37.15228877416479, 56.769866453251886], [37.15228877416479, 56.77884956500179], [37.16819189538832, 56.77884956500179], [37.16819189538832, 56.787832676751705], [37.18409501661185, 56.787832676751705], [37.18409501661185, 56.79681578850161], [37.19999813783538, 56.79681578850161], [37.19999813783538, 56.81478201200144], [37.18409501661185, 56.81478201200144], [37.18409501661185, 56.832748235501256], [37.23180438028244, 56.832748235501256], [37.23180438028244, 56.82376512375134], [37.24770750150597, 56.82376512375134], [37.24770750150597, 56.832748235501256], [37.2636106227295, 56.832748235501256], [37.2636106227295, 56.84173134725116], [37.27951374395303, 56.84173134725116], [37.27951374395303, 56.850714459001075], [37.29541686517656, 56.850714459001075], [37.29541686517656, 56.85969757075098], [37.31131998640009, 56.85969757075098], [37.31131998640009, 56.850714459001075]]], [[[37.12048253171773, 56.82376512375134], [37.088676289270666, 56.82376512375134], [37.088676289270666, 56.832748235501256], [37.12048253171773, 56.832748235501256], [37.12048253171773, 56.82376512375134]]], [[[37.07277316804714, 56.82376512375134], [37.04096692560008, 56.82376512375134], [37.04096692560008, 56.84173134725116], [37.07277316804714, 56.84173134725116], [37.07277316804714, 56.82376512375134]]], [[[37.00916068315302, 56.832748235501256], [36.99325756192949, 56.832748235501256], [36.99325756192949, 56.84173134725116], [37.00916068315302, 56.84173134725116], [37.00916068315302, 56.832748235501256]]]]}}, {"type": "Feature", "properties": {"name": "Егорьевск", "value": 263}, "geometry": {"type": "Polygon", "coordinates": [[[39.14017892710604, 55.50324769651455], [39.14017892710604, 55.494264584764636], [39.12427580588252, 55.494264584764636], [39.12427580588252, 55.48528147301473], [39.0606633209884, 55.48528147301473], [39.0606633209884, 55.47629836126482], [39.012953957317805, 55.47629836126482], [39.012953957317805, 55.48528147301473], [38.96524459364721, 55.48528147301473], [38.96524459364721, 55.47629836126482], [38.94934147242368, 55.47629836126482], [38.94934147242368, 55.46731524951491], [38.9016321087531, 55.46731524951491], [38.9016321087531, 55.458332137765], [38.88572898752957, 55.458332137765], [38.88572898752957, 55.46731524951491], [38.85392274508251, 55.46731524951491], [38.85392274508251, 55.449349026015085], [38.86982586630604, 55.449349026015085], [38.86982586630604, 55.44036591426518], [38.85392274508251, 55.44036591426518], [38.85392274508251, 55.431382802515266], [38.838019623858976, 55.431382802515266], [38.838019623858976, 55.41341657901545], [38.85392274508251, 55.41341657901545], [38.85392274508251, 55.404433467265534], [38.86982586630604, 55.404433467265534], [38.86982586630604, 55.39545035551563], [38.88572898752957, 55.39545035551563], [38.88572898752957, 55.386467243765715], [38.9016321087531, 55.386467243765715], [38.9016321087531, 55.368501020265896], [38.91753522997662, 55.368501020265896], [38.91753522997662, 55.35951790851599], [38.9016321087531, 55.35951790851599], [38.9016321087531, 55.35053479676608], [38.88572898752957, 55.35053479676608], [38.88572898752957, 55.341551685016164], [38.86982586630604, 55.341551685016164], [38.86982586630604, 55.323585461516345], [38.91753522997662, 55.323585461516345], [38.91753522997662, 55.33256857326626], [38.93343835120015, 55.33256857326626], [38.93343835120015, 55.341551685016164], [38.96524459364721, 55.341551685016164], [38.96524459364721, 55.33256857326626], [38.981147714870744, 55.33256857326626], [38.981147714870744, 55.323585461516345], [38.997050836094274, 55.323585461516345], [38.997050836094274, 55.31460234976644], [39.012953957317805, 55.31460234976644], [39.012953957317805, 55.305619238016526], [39.028857078541336, 55.305619238016526], [39.028857078541336, 55.29663612626661], [39.044760199764866, 55.29663612626661], [39.044760199764866, 55.278669902766794], [39.028857078541336, 55.278669902766794], [39.028857078541336, 55.26968679101689], [39.012953957317805, 55.26968679101689], [39.012953957317805, 55.260703679266975], [39.044760199764866, 55.260703679266975], [39.044760199764866, 55.26968679101689], [39.09246956343546, 55.26968679101689], [39.09246956343546, 55.278669902766794], [39.10837268465899, 55.278669902766794], [39.10837268465899, 55.26968679101689], [39.12427580588252, 55.26968679101689], [39.12427580588252, 55.260703679266975], [39.1719851695531, 55.260703679266975], [39.1719851695531, 55.26968679101689], [39.187888290776634, 55.26968679101689], [39.187888290776634, 55.278669902766794], [39.203791412000164, 55.278669902766794], [39.203791412000164, 55.28765301451671], [39.219694533223695, 55.28765301451671], [39.219694533223695, 55.29663612626661], [39.235597654447226, 55.29663612626661], [39.235597654447226, 55.305619238016526], [39.219694533223695, 55.305619238016526], [39.219694533223695, 55.31460234976644], [39.203791412000164, 55.31460234976644], [39.203791412000164, 55.33256857326626], [39.219694533223695, 55.33256857326626], [39.219694533223695, 55.341551685016164], [39.203791412000164, 55.341551685016164], [39.203791412000164, 55.35951790851599], [39.219694533223695, 55.35951790851599], [39.219694533223695, 55.368501020265896], [39.235597654447226, 55.368501020265896], [39.235597654447226, 55.386467243765715], [39.219694533223695, 55.386467243765715], [39.219694533223695, 55.42239969076536], [39.235597654447226, 55.42239969076536], [39.235597654447226, 55.431382802515266], [39.219694533223695, 55.431382802515266], [39.219694533223695, 55.44036591426518], [39.203791412000164, 55.44036591426518], [39.203791412000164, 55.449349026015085], [39.187888290776634, 55.449349026015085], [39.187888290776634, 55.458332137765], [39.1719851695531, 55.458332137765], [39.1719851695531, 55.46731524951491], [39.187888290776634, 55.46731524951491], [39.187888290776634, 55.48528147301473], [39.203791412000164, 55.48528147301473], [39.203791412000164, 55.50324769651455], [39.187888290776634, 55.50324769651455], [39.187888290776634, 55.494264584764636], [39.15608204832957, 55.494264584764636], [39.15608204832957, 55.50324769651455], [39.14017892710604, 55.50324769651455]]]}}, {"type": "Feature", "properties": {"name": "Лыткарино", "value": 261}, "geometry": {"type": "Polygon", "coordinates": [[[37.93154171411776, 55.6379943727632], [37.93154171411776, 55.62901126101329], [37.91563859289423, 55.62901126101329], [37.91563859289423, 55.62002814926338], [37.8997354716707, 55.62002814926338], [37.8997354716707, 55.61104503751347], [37.88383235044717, 55.61104503751347], [37.88383235044717, 55.602061925763564], [37.86792922922364, 55.602061925763564], [37.86792922922364, 55.59307881401365], [37.82021986555305, 55.59307881401365], [37.82021986555305, 55.58409570226374], [37.80431674432952, 55.58409570226374], [37.80431674432952, 55.57511259051383], [37.82021986555305, 55.57511259051383], [37.82021986555305, 55.56612947876392], [37.80431674432952, 55.56612947876392], [37.80431674432952, 55.5481632552641], [37.82021986555305, 55.5481632552641], [37.82021986555305, 55.53019703176428], [37.83612298677658, 55.53019703176428], [37.83612298677658, 55.52121392001437], [37.82021986555305, 55.52121392001437], [37.82021986555305, 55.51223080826446], [37.83612298677658, 55.51223080826446], [37.83612298677658, 55.50324769651455], [37.85202610800011, 55.50324769651455], [37.85202610800011, 55.494264584764636], [37.88383235044717, 55.494264584764636], [37.88383235044717, 55.48528147301473], [37.93154171411776, 55.48528147301473], [37.93154171411776, 55.47629836126482], [37.947444835341294, 55.47629836126482], [37.947444835341294, 55.46731524951491], [37.963347956564824, 55.46731524951491], [37.963347956564824, 55.47629836126482], [37.995154199011886, 55.47629836126482], [37.995154199011886, 55.48528147301473], [38.02696044145894, 55.48528147301473], [38.02696044145894, 55.51223080826446], [38.04286356268247, 55.51223080826446], [38.04286356268247, 55.53918014351419], [38.02696044145894, 55.53918014351419], [38.02696044145894, 55.59307881401365], [38.01105732023541, 55.59307881401365], [38.01105732023541, 55.61104503751347], [38.02696044145894, 55.61104503751347], [38.02696044145894, 55.62002814926338], [38.01105732023541, 55.62002814926338], [38.01105732023541, 55.6379943727632], [37.93154171411776, 55.6379943727632]]]}}, {"type": "Feature", "properties": {"name": "Сергиев Посад", "value": 257}, "geometry": {"type": "Polygon", "coordinates": [[[37.979251077788355, 56.39257575975566], [37.979251077788355, 56.37460953625583], [37.995154199011886, 56.37460953625583], [37.995154199011886, 56.365626424505926], [38.01105732023541, 56.365626424505926], [38.01105732023541, 56.34766020100611], [38.02696044145894, 56.34766020100611], [38.02696044145894, 56.32969397750629], [38.01105732023541, 56.32969397750629], [38.01105732023541, 56.320710865756375], [38.02696044145894, 56.320710865756375], [38.02696044145894, 56.31172775400646], [38.04286356268247, 56.31172775400646], [38.04286356268247, 56.275795307006824], [38.058766683906, 56.275795307006824], [38.058766683906, 56.26681219525691], [38.07466980512953, 56.26681219525691], [38.07466980512953, 56.257829083507005], [38.09057292635306, 56.257829083507005], [38.09057292635306, 56.24884597175709], [38.10647604757659, 56.24884597175709], [38.10647604757659, 56.239862860007186], [38.12237916880012, 56.239862860007186], [38.12237916880012, 56.22189663650736], [38.154185411247184, 56.22189663650736], [38.154185411247184, 56.212913524757454], [38.185991653694245, 56.212913524757454], [38.185991653694245, 56.22189663650736], [38.217797896141306, 56.22189663650736], [38.217797896141306, 56.212913524757454], [38.23370101736483, 56.212913524757454], [38.23370101736483, 56.23087974825727], [38.24960413858836, 56.23087974825727], [38.24960413858836, 56.239862860007186], [38.26550725981189, 56.239862860007186], [38.26550725981189, 56.24884597175709], [38.28141038103542, 56.24884597175709], [38.28141038103542, 56.257829083507005], [38.32911974470601, 56.257829083507005], [38.32911974470601, 56.275795307006824], [38.31321662348248, 56.275795307006824], [38.31321662348248, 56.28477841875674], [38.32911974470601, 56.28477841875674], [38.32911974470601, 56.29376153050664], [38.34502286592954, 56.29376153050664], [38.34502286592954, 56.302744642256556], [38.360925987153074, 56.302744642256556], [38.360925987153074, 56.31172775400646], [38.34502286592954, 56.31172775400646], [38.34502286592954, 56.320710865756375], [38.32911974470601, 56.320710865756375], [38.32911974470601, 56.32969397750629], [38.31321662348248, 56.32969397750629], [38.31321662348248, 56.338677089256194], [38.28141038103542, 56.338677089256194], [38.28141038103542, 56.34766020100611], [38.26550725981189, 56.34766020100611], [38.26550725981189, 56.35664331275601], [38.24960413858836, 56.35664331275601], [38.24960413858836, 56.34766020100611], [38.23370101736483, 56.34766020100611], [38.23370101736483, 56.35664331275601], [38.201894774917776, 56.35664331275601], [38.201894774917776, 56.365626424505926], [38.154185411247184, 56.365626424505926], [38.154185411247184, 56.35664331275601], [38.13828229002365, 56.35664331275601], [38.13828229002365, 56.365626424505926], [38.10647604757659, 56.365626424505926], [38.10647604757659, 56.37460953625583], [38.07466980512953, 56.37460953625583], [38.07466980512953, 56.383592648005745], [38.058766683906, 56.383592648005745], [38.058766683906, 56.37460953625583], [38.02696044145894, 56.37460953625583], [38.02696044145894, 56.383592648005745], [37.995154199011886, 56.383592648005745], [37.995154199011886, 56.39257575975566], [37.979251077788355, 56.39257575975566]]]}}, {"type": "Feature", "properties": {"name": "Павловский Посад", "value": 254}, "geometry": {"type": "Polygon", "coordinates": [[[38.599472805506025, 55.88053839001078], [38.599472805506025, 55.871555278260864], [38.583569684282494, 55.871555278260864], [38.583569684282494, 55.835622831261226], [38.599472805506025, 55.835622831261226], [38.599472805506025, 55.82663971951131], [38.615375926729556, 55.82663971951131], [38.615375926729556, 55.81765660776141], [38.599472805506025, 55.81765660776141], [38.599472805506025, 55.808673496011494], [38.583569684282494, 55.808673496011494], [38.583569684282494, 55.79969038426159], [38.567666563058964, 55.79969038426159], [38.567666563058964, 55.790707272511675], [38.55176344183543, 55.790707272511675], [38.55176344183543, 55.79969038426159], [38.5358603206119, 55.79969038426159], [38.5358603206119, 55.78172416076176], [38.55176344183543, 55.78172416076176], [38.55176344183543, 55.772741049011856], [38.567666563058964, 55.772741049011856], [38.567666563058964, 55.75477482551204], [38.55176344183543, 55.75477482551204], [38.55176344183543, 55.745791713762124], [38.5358603206119, 55.745791713762124], [38.5358603206119, 55.73680860201221], [38.55176344183543, 55.73680860201221], [38.55176344183543, 55.727825490262305], [38.567666563058964, 55.727825490262305], [38.567666563058964, 55.709859266762486], [38.55176344183543, 55.709859266762486], [38.55176344183543, 55.69189304326266], [38.583569684282494, 55.69189304326266], [38.583569684282494, 55.682909931512754], [38.599472805506025, 55.682909931512754], [38.599472805506025, 55.67392681976284], [38.615375926729556, 55.67392681976284], [38.615375926729556, 55.664943708012935], [38.631279047953086, 55.664943708012935], [38.631279047953086, 55.65596059626302], [38.64718216917662, 55.65596059626302], [38.64718216917662, 55.64697748451311], [38.66308529040015, 55.64697748451311], [38.66308529040015, 55.6379943727632], [38.67898841162367, 55.6379943727632], [38.67898841162367, 55.664943708012935], [38.6948915328472, 55.664943708012935], [38.6948915328472, 55.67392681976284], [38.71079465407073, 55.67392681976284], [38.71079465407073, 55.682909931512754], [38.6948915328472, 55.682909931512754], [38.6948915328472, 55.70087615501257], [38.71079465407073, 55.70087615501257], [38.71079465407073, 55.709859266762486], [38.72669777529426, 55.709859266762486], [38.72669777529426, 55.73680860201221], [38.74260089651779, 55.73680860201221], [38.74260089651779, 55.745791713762124], [38.75850401774132, 55.745791713762124], [38.75850401774132, 55.79969038426159], [38.74260089651779, 55.79969038426159], [38.74260089651779, 55.808673496011494], [38.72669777529426, 55.808673496011494], [38.72669777529426, 55.81765660776141], [38.71079465407073, 55.81765660776141], [38.71079465407073, 55.82663971951131], [38.72669777529426, 55.82663971951131], [38.72669777529426, 55.835622831261226], [38.71079465407073, 55.835622831261226], [38.71079465407073, 55.84460594301114], [38.6948915328472, 55.84460594301114], [38.6948915328472, 55.853589054761045], [38.66308529040015, 55.853589054761045], [38.66308529040015, 55.86257216651096], [38.631279047953086, 55.86257216651096], [38.631279047953086, 55.871555278260864], [38.615375926729556, 55.871555278260864], [38.615375926729556, 55.88053839001078], [38.599472805506025, 55.88053839001078]]]}}, {"type": "Feature", "properties": {"name": "Воскресенск", "value": 253}, "geometry": {"type": "MultiPolygon", "coordinates": [[[[38.86982586630604, 55.23375434401724], [38.86982586630604, 55.22477123226734], [38.85392274508251, 55.22477123226734], [38.85392274508251, 55.23375434401724], [38.86982586630604, 55.23375434401724]]], [[[38.838019623858976, 55.23375434401724], [38.838019623858976, 55.22477123226734], [38.806213381411915, 55.22477123226734], [38.806213381411915, 55.21578812051742], [38.790310260188384, 55.21578812051742], [38.790310260188384, 55.20680500876751], [38.66308529040015, 55.20680500876751], [38.66308529040015, 55.197821897017604], [38.631279047953086, 55.197821897017604], [38.631279047953086, 55.18883878526769], [38.599472805506025, 55.18883878526769], [38.599472805506025, 55.197821897017604], [38.583569684282494, 55.197821897017604], [38.583569684282494, 55.20680500876751], [38.55176344183543, 55.20680500876751], [38.55176344183543, 55.197821897017604], [38.51995719938837, 55.197821897017604], [38.51995719938837, 55.20680500876751], [38.47224783571778, 55.20680500876751], [38.47224783571778, 55.22477123226734], [38.48815095694131, 55.22477123226734], [38.48815095694131, 55.242737455767156], [38.50405407816484, 55.242737455767156], [38.50405407816484, 55.260703679266975], [38.48815095694131, 55.260703679266975], [38.48815095694131, 55.278669902766794], [38.47224783571778, 55.278669902766794], [38.47224783571778, 55.28765301451671], [38.45634471449425, 55.28765301451671], [38.45634471449425, 55.29663612626661], [38.44044159327073, 55.29663612626661], [38.44044159327073, 55.305619238016526], [38.424538472047196, 55.305619238016526], [38.424538472047196, 55.323585461516345], [38.44044159327073, 55.323585461516345], [38.44044159327073, 55.33256857326626], [38.45634471449425, 55.33256857326626], [38.45634471449425, 55.341551685016164], [38.47224783571778, 55.341551685016164], [38.47224783571778, 55.35053479676608], [38.48815095694131, 55.35053479676608], [38.48815095694131, 55.35951790851599], [38.5358603206119, 55.35951790851599], [38.5358603206119, 55.368501020265896], [38.567666563058964, 55.368501020265896], [38.567666563058964, 55.35951790851599], [38.599472805506025, 55.35951790851599], [38.599472805506025, 55.368501020265896], [38.615375926729556, 55.368501020265896], [38.615375926729556, 55.37748413201581], [38.631279047953086, 55.37748413201581], [38.631279047953086, 55.386467243765715], [38.64718216917662, 55.386467243765715], [38.64718216917662, 55.41341657901545], [38.631279047953086, 55.41341657901545], [38.631279047953086, 55.431382802515266], [38.64718216917662, 55.431382802515266], [38.64718216917662, 55.44036591426518], [38.66308529040015, 55.44036591426518], [38.66308529040015, 55.449349026015085], [38.67898841162367, 55.449349026015085], [38.67898841162367, 55.44036591426518], [38.6948915328472, 55.44036591426518], [38.6948915328472, 55.449349026015085], [38.72669777529426, 55.449349026015085], [38.72669777529426, 55.458332137765], [38.74260089651779, 55.458332137765], [38.74260089651779, 55.46731524951491], [38.75850401774132, 55.46731524951491], [38.75850401774132, 55.449349026015085], [38.774407138964854, 55.449349026015085], [38.774407138964854, 55.431382802515266], [38.790310260188384, 55.431382802515266], [38.790310260188384, 55.42239969076536], [38.806213381411915, 55.42239969076536], [38.806213381411915, 55.41341657901545], [38.822116502635446, 55.41341657901545], [38.822116502635446, 55.404433467265534], [38.806213381411915, 55.404433467265534], [38.806213381411915, 55.39545035551563], [38.822116502635446, 55.39545035551563], [38.822116502635446, 55.386467243765715], [38.806213381411915, 55.386467243765715], [38.806213381411915, 55.35053479676608], [38.822116502635446, 55.35053479676608], [38.822116502635446, 55.341551685016164], [38.838019623858976, 55.341551685016164], [38.838019623858976, 55.33256857326626], [38.85392274508251, 55.33256857326626], [38.85392274508251, 55.323585461516345], [38.86982586630604, 55.323585461516345], [38.86982586630604, 55.31460234976644], [38.85392274508251, 55.31460234976644], [38.85392274508251, 55.305619238016526], [38.86982586630604, 55.305619238016526], [38.86982586630604, 55.29663612626661], [38.88572898752957, 55.29663612626661], [38.88572898752957, 55.278669902766794], [38.86982586630604, 55.278669902766794], [38.86982586630604, 55.26968679101689], [38.85392274508251, 55.26968679101689], [38.85392274508251, 55.260703679266975], [38.838019623858976, 55.260703679266975], [38.838019623858976, 55.25172056751706], [38.85392274508251, 55.25172056751706], [38.85392274508251, 55.23375434401724], [38.838019623858976, 55.23375434401724]]]]}}, {"type": "Feature", "properties": {"name": "Наро-Фоминск", "value": 252}, "geometry": {"type": "MultiPolygon", "coordinates": [[[[36.54797016767065, 55.33256857326626], [36.54797016767065, 55.323585461516345], [36.53206704644712, 55.323585461516345], [36.53206704644712, 55.33256857326626], [36.54797016767065, 55.33256857326626]]], [[[36.57977641011771, 55.46731524951491], [36.59567953134124, 55.46731524951491], [36.59567953134124, 55.47629836126482], [36.6274857737883, 55.47629836126482], [36.6274857737883, 55.46731524951491], [36.659292016235355, 55.46731524951491], [36.659292016235355, 55.47629836126482], [36.675195137458886, 55.47629836126482], [36.675195137458886, 55.48528147301473], [36.691098258682416, 55.48528147301473], [36.691098258682416, 55.47629836126482], [36.70700137990595, 55.47629836126482], [36.70700137990595, 55.458332137765], [36.691098258682416, 55.458332137765], [36.691098258682416, 55.449349026015085], [36.70700137990595, 55.449349026015085], [36.70700137990595, 55.44036591426518], [36.72290450112948, 55.44036591426518], [36.72290450112948, 55.431382802515266], [36.73880762235301, 55.431382802515266], [36.73880762235301, 55.42239969076536], [36.77061386480007, 55.42239969076536], [36.77061386480007, 55.431382802515266], [36.7865169860236, 55.431382802515266], [36.7865169860236, 55.44036591426518], [36.80242010724713, 55.44036591426518], [36.80242010724713, 55.449349026015085], [36.83422634969419, 55.449349026015085], [36.83422634969419, 55.458332137765], [36.85012947091772, 55.458332137765], [36.85012947091772, 55.46731524951491], [36.866032592141245, 55.46731524951491], [36.866032592141245, 55.47629836126482], [36.897838834588306, 55.47629836126482], [36.897838834588306, 55.449349026015085], [36.881935713364776, 55.449349026015085], [36.881935713364776, 55.431382802515266], [36.897838834588306, 55.431382802515266], [36.897838834588306, 55.42239969076536], [36.91374195581184, 55.42239969076536], [36.91374195581184, 55.41341657901545], [36.92964507703537, 55.41341657901545], [36.92964507703537, 55.39545035551563], [36.897838834588306, 55.39545035551563], [36.897838834588306, 55.404433467265534], [36.881935713364776, 55.404433467265534], [36.881935713364776, 55.41341657901545], [36.866032592141245, 55.41341657901545], [36.866032592141245, 55.404433467265534], [36.85012947091772, 55.404433467265534], [36.85012947091772, 55.39545035551563], [36.83422634969419, 55.39545035551563], [36.83422634969419, 55.386467243765715], [36.81832322847066, 55.386467243765715], [36.81832322847066, 55.37748413201581], [36.83422634969419, 55.37748413201581], [36.83422634969419, 55.368501020265896], [36.85012947091772, 55.368501020265896], [36.85012947091772, 55.35951790851599], [36.866032592141245, 55.35951790851599], [36.866032592141245, 55.35053479676608], [36.881935713364776, 55.35053479676608], [36.881935713364776, 55.35951790851599], [36.897838834588306, 55.35951790851599], [36.897838834588306, 55.368501020265896], [36.91374195581184, 55.368501020265896], [36.91374195581184, 55.35951790851599], [36.92964507703537, 55.35951790851599], [36.92964507703537, 55.341551685016164], [36.91374195581184, 55.341551685016164], [36.91374195581184, 55.33256857326626], [36.92964507703537, 55.33256857326626], [36.92964507703537, 55.31460234976644], [36.91374195581184, 55.31460234976644], [36.91374195581184, 55.305619238016526], [36.897838834588306, 55.305619238016526], [36.897838834588306, 55.29663612626661], [36.881935713364776, 55.29663612626661], [36.881935713364776, 55.28765301451671], [36.897838834588306, 55.28765301451671], [36.897838834588306, 55.278669902766794], [36.91374195581184, 55.278669902766794], [36.91374195581184, 55.26968679101689], [36.866032592141245, 55.26968679101689], [36.866032592141245, 55.260703679266975], [36.80242010724713, 55.260703679266975], [36.80242010724713, 55.26968679101689], [36.7865169860236, 55.26968679101689], [36.7865169860236, 55.278669902766794], [36.77061386480007, 55.278669902766794], [36.77061386480007, 55.28765301451671], [36.75471074357654, 55.28765301451671], [36.75471074357654, 55.278669902766794], [36.73880762235301, 55.278669902766794], [36.73880762235301, 55.26968679101689], [36.72290450112948, 55.26968679101689], [36.72290450112948, 55.260703679266975], [36.70700137990595, 55.260703679266975], [36.70700137990595, 55.26968679101689], [36.675195137458886, 55.26968679101689], [36.675195137458886, 55.278669902766794], [36.659292016235355, 55.278669902766794], [36.659292016235355, 55.28765301451671], [36.6274857737883, 55.28765301451671], [36.6274857737883, 55.278669902766794], [36.61158265256477, 55.278669902766794], [36.61158265256477, 55.26968679101689], [36.59567953134124, 55.26968679101689], [36.59567953134124, 55.260703679266975], [36.56387328889418, 55.260703679266975], [36.56387328889418, 55.26968679101689], [36.54797016767065, 55.26968679101689], [36.54797016767065, 55.260703679266975], [36.51616392522359, 55.260703679266975], [36.51616392522359, 55.278669902766794], [36.53206704644712, 55.278669902766794], [36.53206704644712, 55.28765301451671], [36.56387328889418, 55.28765301451671], [36.56387328889418, 55.278669902766794], [36.57977641011771, 55.278669902766794], [36.57977641011771, 55.28765301451671], [36.59567953134124, 55.28765301451671], [36.59567953134124, 55.29663612626661], [36.61158265256477, 55.29663612626661], [36.61158265256477, 55.305619238016526], [36.6274857737883, 55.305619238016526], [36.6274857737883, 55.31460234976644], [36.643388895011825, 55.31460234976644], [36.643388895011825, 55.323585461516345], [36.659292016235355, 55.323585461516345], [36.659292016235355, 55.33256857326626], [36.675195137458886, 55.33256857326626], [36.675195137458886, 55.35053479676608], [36.691098258682416, 55.35053479676608], [36.691098258682416, 55.368501020265896], [36.675195137458886, 55.368501020265896], [36.675195137458886, 55.37748413201581], [36.659292016235355, 55.37748413201581], [36.659292016235355, 55.386467243765715], [36.643388895011825, 55.386467243765715], [36.643388895011825, 55.39545035551563], [36.6274857737883, 55.39545035551563], [36.6274857737883, 55.386467243765715], [36.61158265256477, 55.386467243765715], [36.61158265256477, 55.37748413201581], [36.59567953134124, 55.37748413201581], [36.59567953134124, 55.368501020265896], [36.57977641011771, 55.368501020265896], [36.57977641011771, 55.35951790851599], [36.56387328889418, 55.35951790851599], [36.56387328889418, 55.35053479676608], [36.54797016767065, 55.35053479676608], [36.54797016767065, 55.341551685016164], [36.53206704644712, 55.341551685016164], [36.53206704644712, 55.368501020265896], [36.51616392522359, 55.368501020265896], [36.51616392522359, 55.386467243765715], [36.53206704644712, 55.386467243765715], [36.53206704644712, 55.39545035551563], [36.54797016767065, 55.39545035551563], [36.54797016767065, 55.404433467265534], [36.56387328889418, 55.404433467265534], [36.56387328889418, 55.41341657901545], [36.57977641011771, 55.41341657901545], [36.57977641011771, 55.42239969076536], [36.59567953134124, 55.42239969076536], [36.59567953134124, 55.431382802515266], [36.57977641011771, 55.431382802515266], [36.57977641011771, 55.44036591426518], [36.56387328889418, 55.44036591426518], [36.56387328889418, 55.449349026015085], [36.54797016767065, 55.449349026015085], [36.54797016767065, 55.458332137765], [36.57977641011771, 55.458332137765], [36.57977641011771, 55.46731524951491]]], [[[36.53206704644712, 55.449349026015085], [36.51616392522359, 55.449349026015085], [36.51616392522359, 55.46731524951491], [36.54797016767065, 55.46731524951491], [36.54797016767065, 55.458332137765], [36.53206704644712, 55.458332137765], [36.53206704644712, 55.449349026015085]]]]}}, {"type": "Feature", "properties": {"name": "Клин", "value": 250}, "geometry": {"type": "Polygon", "coordinates": [[[36.72290450112948, 56.464440653754934], [36.72290450112948, 56.45545754200503], [36.70700137990595, 56.45545754200503], [36.70700137990595, 56.446474430255115], [36.691098258682416, 56.446474430255115], [36.691098258682416, 56.43749131850521], [36.675195137458886, 56.43749131850521], [36.675195137458886, 56.446474430255115], [36.659292016235355, 56.446474430255115], [36.659292016235355, 56.428508206755296], [36.643388895011825, 56.428508206755296], [36.643388895011825, 56.39257575975566], [36.659292016235355, 56.39257575975566], [36.659292016235355, 56.365626424505926], [36.643388895011825, 56.365626424505926], [36.643388895011825, 56.35664331275601], [36.6274857737883, 56.35664331275601], [36.6274857737883, 56.338677089256194], [36.643388895011825, 56.338677089256194], [36.643388895011825, 56.29376153050664], [36.659292016235355, 56.29376153050664], [36.659292016235355, 56.275795307006824], [36.675195137458886, 56.275795307006824], [36.675195137458886, 56.26681219525691], [36.691098258682416, 56.26681219525691], [36.691098258682416, 56.24884597175709], [36.70700137990595, 56.24884597175709], [36.70700137990595, 56.239862860007186], [36.691098258682416, 56.239862860007186], [36.691098258682416, 56.22189663650736], [36.70700137990595, 56.22189663650736], [36.70700137990595, 56.194947301257635], [36.73880762235301, 56.194947301257635], [36.73880762235301, 56.212913524757454], [36.75471074357654, 56.212913524757454], [36.75471074357654, 56.22189663650736], [36.77061386480007, 56.22189663650736], [36.77061386480007, 56.23087974825727], [36.7865169860236, 56.23087974825727], [36.7865169860236, 56.239862860007186], [36.81832322847066, 56.239862860007186], [36.81832322847066, 56.24884597175709], [36.85012947091772, 56.24884597175709], [36.85012947091772, 56.257829083507005], [36.866032592141245, 56.257829083507005], [36.866032592141245, 56.26681219525691], [36.881935713364776, 56.26681219525691], [36.881935713364776, 56.275795307006824], [36.897838834588306, 56.275795307006824], [36.897838834588306, 56.28477841875674], [36.91374195581184, 56.28477841875674], [36.91374195581184, 56.302744642256556], [36.92964507703537, 56.302744642256556], [36.92964507703537, 56.320710865756375], [36.91374195581184, 56.320710865756375], [36.91374195581184, 56.32969397750629], [36.92964507703537, 56.32969397750629], [36.92964507703537, 56.338677089256194], [36.9455481982589, 56.338677089256194], [36.9455481982589, 56.34766020100611], [36.92964507703537, 56.34766020100611], [36.92964507703537, 56.383592648005745], [36.9455481982589, 56.383592648005745], [36.9455481982589, 56.39257575975566], [36.92964507703537, 56.39257575975566], [36.92964507703537, 56.401558871505564], [36.91374195581184, 56.401558871505564], [36.91374195581184, 56.428508206755296], [36.897838834588306, 56.428508206755296], [36.897838834588306, 56.43749131850521], [36.881935713364776, 56.43749131850521], [36.881935713364776, 56.446474430255115], [36.866032592141245, 56.446474430255115], [36.866032592141245, 56.45545754200503], [36.85012947091772, 56.45545754200503], [36.85012947091772, 56.464440653754934], [36.83422634969419, 56.464440653754934], [36.83422634969419, 56.45545754200503], [36.81832322847066, 56.45545754200503], [36.81832322847066, 56.446474430255115], [36.80242010724713, 56.446474430255115], [36.80242010724713, 56.43749131850521], [36.7865169860236, 56.43749131850521], [36.7865169860236, 56.446474430255115], [36.77061386480007, 56.446474430255115], [36.77061386480007, 56.45545754200503], [36.75471074357654, 56.45545754200503], [36.75471074357654, 56.464440653754934], [36.72290450112948, 56.464440653754934]]]}}, {"type": "Feature", "properties": {"name": "Дмитров", "value": 249}, "geometry": {"type": "MultiPolygon", "coordinates": [[[[37.29541686517656, 56.35664331275601], [37.27951374395303, 56.35664331275601], [37.27951374395303, 56.365626424505926], [37.29541686517656, 56.365626424505926], [37.29541686517656, 56.35664331275601]]], [[[37.29541686517656, 56.37460953625583], [37.27951374395303, 56.37460953625583], [37.27951374395303, 56.383592648005745], [37.29541686517656, 56.383592648005745], [37.29541686517656, 56.39257575975566], [37.31131998640009, 56.39257575975566], [37.31131998640009, 56.401558871505564], [37.32722310762362, 56.401558871505564], [37.32722310762362, 56.39257575975566], [37.34312622884715, 56.39257575975566], [37.34312622884715, 56.383592648005745], [37.35902935007068, 56.383592648005745], [37.35902935007068, 56.37460953625583], [37.37493247129421, 56.37460953625583], [37.37493247129421, 56.383592648005745], [37.39083559251774, 56.383592648005745], [37.39083559251774, 56.39257575975566], [37.40673871374127, 56.39257575975566], [37.40673871374127, 56.401558871505564], [37.4226418349648, 56.401558871505564], [37.4226418349648, 56.41054198325548], [37.43854495618833, 56.41054198325548], [37.43854495618833, 56.41952509500538], [37.4226418349648, 56.41952509500538], [37.4226418349648, 56.428508206755296], [37.40673871374127, 56.428508206755296], [37.40673871374127, 56.43749131850521], [37.39083559251774, 56.43749131850521], [37.39083559251774, 56.446474430255115], [37.37493247129421, 56.446474430255115], [37.37493247129421, 56.43749131850521], [37.35902935007068, 56.43749131850521], [37.35902935007068, 56.428508206755296], [37.34312622884715, 56.428508206755296], [37.34312622884715, 56.41952509500538], [37.32722310762362, 56.41952509500538], [37.32722310762362, 56.43749131850521], [37.31131998640009, 56.43749131850521], [37.31131998640009, 56.45545754200503], [37.32722310762362, 56.45545754200503], [37.32722310762362, 56.464440653754934], [37.35902935007068, 56.464440653754934], [37.35902935007068, 56.45545754200503], [37.37493247129421, 56.45545754200503], [37.37493247129421, 56.464440653754934], [37.39083559251774, 56.464440653754934], [37.39083559251774, 56.47342376550485], [37.40673871374127, 56.47342376550485], [37.40673871374127, 56.464440653754934], [37.43854495618833, 56.464440653754934], [37.43854495618833, 56.47342376550485], [37.45444807741186, 56.47342376550485], [37.45444807741186, 56.464440653754934], [37.47035119863539, 56.464440653754934], [37.47035119863539, 56.45545754200503], [37.48625431985892, 56.45545754200503], [37.48625431985892, 56.446474430255115], [37.51806056230598, 56.446474430255115], [37.51806056230598, 56.45545754200503], [37.533963683529514, 56.45545754200503], [37.533963683529514, 56.446474430255115], [37.59757616842363, 56.446474430255115], [37.59757616842363, 56.43749131850521], [37.61347928964716, 56.43749131850521], [37.61347928964716, 56.428508206755296], [37.62938241087069, 56.428508206755296], [37.62938241087069, 56.43749131850521], [37.64528553209422, 56.43749131850521], [37.64528553209422, 56.446474430255115], [37.66118865331775, 56.446474430255115], [37.66118865331775, 56.45545754200503], [37.67709177454128, 56.45545754200503], [37.67709177454128, 56.464440653754934], [37.69299489576481, 56.464440653754934], [37.69299489576481, 56.45545754200503], [37.70889801698834, 56.45545754200503], [37.70889801698834, 56.41054198325548], [37.72480113821187, 56.41054198325548], [37.72480113821187, 56.39257575975566], [37.70889801698834, 56.39257575975566], [37.70889801698834, 56.383592648005745], [37.69299489576481, 56.383592648005745], [37.69299489576481, 56.37460953625583], [37.70889801698834, 56.37460953625583], [37.70889801698834, 56.35664331275601], [37.69299489576481, 56.35664331275601], [37.69299489576481, 56.34766020100611], [37.67709177454128, 56.34766020100611], [37.67709177454128, 56.338677089256194], [37.69299489576481, 56.338677089256194], [37.69299489576481, 56.32969397750629], [37.70889801698834, 56.32969397750629], [37.70889801698834, 56.320710865756375], [37.72480113821187, 56.320710865756375], [37.72480113821187, 56.29376153050664], [37.70889801698834, 56.29376153050664], [37.70889801698834, 56.26681219525691], [37.69299489576481, 56.26681219525691], [37.69299489576481, 56.275795307006824], [37.67709177454128, 56.275795307006824], [37.67709177454128, 56.28477841875674], [37.66118865331775, 56.28477841875674], [37.66118865331775, 56.29376153050664], [37.62938241087069, 56.29376153050664], [37.62938241087069, 56.28477841875674], [37.59757616842363, 56.28477841875674], [37.59757616842363, 56.29376153050664], [37.5816730472001, 56.29376153050664], [37.5816730472001, 56.302744642256556], [37.56576992597657, 56.302744642256556], [37.56576992597657, 56.31172775400646], [37.54986680475304, 56.31172775400646], [37.54986680475304, 56.320710865756375], [37.45444807741186, 56.320710865756375], [37.45444807741186, 56.32969397750629], [37.43854495618833, 56.32969397750629], [37.43854495618833, 56.338677089256194], [37.4226418349648, 56.338677089256194], [37.4226418349648, 56.32969397750629], [37.40673871374127, 56.32969397750629], [37.40673871374127, 56.338677089256194], [37.37493247129421, 56.338677089256194], [37.37493247129421, 56.34766020100611], [37.35902935007068, 56.34766020100611], [37.35902935007068, 56.35664331275601], [37.34312622884715, 56.35664331275601], [37.34312622884715, 56.34766020100611], [37.32722310762362, 56.34766020100611], [37.32722310762362, 56.35664331275601], [37.31131998640009, 56.35664331275601], [37.31131998640009, 56.365626424505926], [37.29541686517656, 56.365626424505926], [37.29541686517656, 56.37460953625583]]]]}}, {"type": "Feature", "properties": {"name": "Чехов", "value": 247}, "geometry": {"type": "Polygon", "coordinates": [[[37.43854495618833, 55.26968679101689], [37.43854495618833, 55.260703679266975], [37.4226418349648, 55.260703679266975], [37.4226418349648, 55.25172056751706], [37.39083559251774, 55.25172056751706], [37.39083559251774, 55.242737455767156], [37.35902935007068, 55.242737455767156], [37.35902935007068, 55.25172056751706], [37.34312622884715, 55.25172056751706], [37.34312622884715, 55.260703679266975], [37.31131998640009, 55.260703679266975], [37.31131998640009, 55.25172056751706], [37.29541686517656, 55.25172056751706], [37.29541686517656, 55.260703679266975], [37.2636106227295, 55.260703679266975], [37.2636106227295, 55.25172056751706], [37.27951374395303, 55.25172056751706], [37.27951374395303, 55.242737455767156], [37.2636106227295, 55.242737455767156], [37.2636106227295, 55.23375434401724], [37.24770750150597, 55.23375434401724], [37.24770750150597, 55.17087256176787], [37.2636106227295, 55.17087256176787], [37.2636106227295, 55.16188945001796], [37.27951374395303, 55.16188945001796], [37.27951374395303, 55.15290633826805], [37.2636106227295, 55.15290633826805], [37.2636106227295, 55.134940114768234], [37.27951374395303, 55.134940114768234], [37.27951374395303, 55.12595700301832], [37.29541686517656, 55.12595700301832], [37.29541686517656, 55.116973891268415], [37.27951374395303, 55.116973891268415], [37.27951374395303, 55.1079907795185], [37.2636106227295, 55.1079907795185], [37.2636106227295, 55.09900766776859], [37.27951374395303, 55.09900766776859], [37.27951374395303, 55.08104144426877], [37.2636106227295, 55.08104144426877], [37.2636106227295, 55.06307522076895], [37.27951374395303, 55.06307522076895], [37.27951374395303, 55.05409210901904], [37.2636106227295, 55.05409210901904], [37.2636106227295, 55.04510899726913], [37.24770750150597, 55.04510899726913], [37.24770750150597, 55.03612588551922], [37.29541686517656, 55.03612588551922], [37.29541686517656, 55.02714277376931], [37.48625431985892, 55.02714277376931], [37.48625431985892, 55.03612588551922], [37.50215744108245, 55.03612588551922], [37.50215744108245, 55.04510899726913], [37.51806056230598, 55.04510899726913], [37.51806056230598, 55.05409210901904], [37.533963683529514, 55.05409210901904], [37.533963683529514, 55.04510899726913], [37.54986680475304, 55.04510899726913], [37.54986680475304, 55.03612588551922], [37.56576992597657, 55.03612588551922], [37.56576992597657, 55.02714277376931], [37.59757616842363, 55.02714277376931], [37.59757616842363, 55.03612588551922], [37.62938241087069, 55.03612588551922], [37.62938241087069, 55.05409210901904], [37.64528553209422, 55.05409210901904], [37.64528553209422, 55.06307522076895], [37.66118865331775, 55.06307522076895], [37.66118865331775, 55.09002455601868], [37.64528553209422, 55.09002455601868], [37.64528553209422, 55.09900766776859], [37.66118865331775, 55.09900766776859], [37.66118865331775, 55.12595700301832], [37.64528553209422, 55.12595700301832], [37.64528553209422, 55.16188945001796], [37.62938241087069, 55.16188945001796], [37.62938241087069, 55.17087256176787], [37.61347928964716, 55.17087256176787], [37.61347928964716, 55.179855673517785], [37.59757616842363, 55.179855673517785], [37.59757616842363, 55.18883878526769], [37.5816730472001, 55.18883878526769], [37.5816730472001, 55.197821897017604], [37.59757616842363, 55.197821897017604], [37.59757616842363, 55.20680500876751], [37.61347928964716, 55.20680500876751], [37.61347928964716, 55.21578812051742], [37.62938241087069, 55.21578812051742], [37.62938241087069, 55.23375434401724], [37.64528553209422, 55.23375434401724], [37.64528553209422, 55.242737455767156], [37.66118865331775, 55.242737455767156], [37.66118865331775, 55.260703679266975], [37.61347928964716, 55.260703679266975], [37.61347928964716, 55.26968679101689], [37.59757616842363, 55.26968679101689], [37.59757616842363, 55.260703679266975], [37.5816730472001, 55.260703679266975], [37.5816730472001, 55.25172056751706], [37.56576992597657, 55.25172056751706], [37.56576992597657, 55.260703679266975], [37.533963683529514, 55.260703679266975], [37.533963683529514, 55.25172056751706], [37.51806056230598, 55.25172056751706], [37.51806056230598, 55.260703679266975], [37.50215744108245, 55.260703679266975], [37.50215744108245, 55.26968679101689], [37.47035119863539, 55.26968679101689], [37.47035119863539, 55.260703679266975], [37.45444807741186, 55.260703679266975], [37.45444807741186, 55.26968679101689], [37.43854495618833, 55.26968679101689]]]}}, {"type": "Feature", "properties": {"name": "Ступино", "value": 240}, "geometry": {"type": "Polygon", "coordinates": [[[37.93154171411776, 55.00917655026949], [37.93154171411776, 54.99121032676967], [37.947444835341294, 54.99121032676967], [37.947444835341294, 54.94629476802012], [37.93154171411776, 54.94629476802012], [37.93154171411776, 54.93731165627021], [37.91563859289423, 54.93731165627021], [37.91563859289423, 54.91036232102048], [37.93154171411776, 54.91036232102048], [37.93154171411776, 54.901379209270566], [37.947444835341294, 54.901379209270566], [37.947444835341294, 54.89239609752066], [37.963347956564824, 54.89239609752066], [37.963347956564824, 54.88341298577075], [37.947444835341294, 54.88341298577075], [37.947444835341294, 54.87442987402084], [37.93154171411776, 54.87442987402084], [37.93154171411776, 54.86544676227093], [37.91563859289423, 54.86544676227093], [37.91563859289423, 54.856463650521015], [37.88383235044717, 54.856463650521015], [37.88383235044717, 54.84748053877111], [37.8997354716707, 54.84748053877111], [37.8997354716707, 54.82951431527129], [37.88383235044717, 54.82951431527129], [37.88383235044717, 54.81154809177146], [37.8997354716707, 54.81154809177146], [37.8997354716707, 54.80256498002156], [37.88383235044717, 54.80256498002156], [37.88383235044717, 54.793581868271644], [37.8997354716707, 54.793581868271644], [37.8997354716707, 54.78459875652174], [37.93154171411776, 54.78459875652174], [37.93154171411776, 54.793581868271644], [37.947444835341294, 54.793581868271644], [37.947444835341294, 54.78459875652174], [37.963347956564824, 54.78459875652174], [37.963347956564824, 54.793581868271644], [37.995154199011886, 54.793581868271644], [37.995154199011886, 54.80256498002156], [38.01105732023541, 54.80256498002156], [38.01105732023541, 54.81154809177146], [38.02696044145894, 54.81154809177146], [38.02696044145894, 54.82053120352138], [38.04286356268247, 54.82053120352138], [38.04286356268247, 54.82951431527129], [38.058766683906, 54.82951431527129], [38.058766683906, 54.838497427021196], [38.07466980512953, 54.838497427021196], [38.07466980512953, 54.84748053877111], [38.09057292635306, 54.84748053877111], [38.09057292635306, 54.838497427021196], [38.154185411247184, 54.838497427021196], [38.154185411247184, 54.84748053877111], [38.170088532470714, 54.84748053877111], [38.170088532470714, 54.856463650521015], [38.185991653694245, 54.856463650521015], [38.185991653694245, 54.86544676227093], [38.201894774917776, 54.86544676227093], [38.201894774917776, 54.901379209270566], [38.217797896141306, 54.901379209270566], [38.217797896141306, 54.91036232102048], [38.23370101736483, 54.91036232102048], [38.23370101736483, 54.919345432770385], [38.24960413858836, 54.919345432770385], [38.24960413858836, 54.9283285445203], [38.28141038103542, 54.9283285445203], [38.28141038103542, 54.93731165627021], [38.29731350225895, 54.93731165627021], [38.29731350225895, 54.964260991519936], [38.28141038103542, 54.964260991519936], [38.28141038103542, 54.97324410326985], [38.26550725981189, 54.97324410326985], [38.26550725981189, 54.98222721501976], [38.28141038103542, 54.98222721501976], [38.28141038103542, 55.00019343851958], [38.26550725981189, 55.00019343851958], [38.26550725981189, 54.99121032676967], [38.23370101736483, 54.99121032676967], [38.23370101736483, 55.00019343851958], [38.217797896141306, 55.00019343851958], [38.217797896141306, 54.99121032676967], [38.185991653694245, 54.99121032676967], [38.185991653694245, 54.98222721501976], [38.170088532470714, 54.98222721501976], [38.170088532470714, 54.99121032676967], [38.154185411247184, 54.99121032676967], [38.154185411247184, 55.00019343851958], [38.13828229002365, 55.00019343851958], [38.13828229002365, 55.00917655026949], [38.12237916880012, 55.00917655026949], [38.12237916880012, 55.00019343851958], [38.10647604757659, 55.00019343851958], [38.10647604757659, 55.00917655026949], [38.04286356268247, 55.00917655026949], [38.04286356268247, 55.00019343851958], [38.01105732023541, 55.00019343851958], [38.01105732023541, 54.99121032676967], [37.979251077788355, 54.99121032676967], [37.979251077788355, 55.00019343851958], [37.963347956564824, 55.00019343851958], [37.963347956564824, 55.00917655026949], [37.93154171411776, 55.00917655026949]]]}}, {"type": "Feature", "properties": {"name": "Истра", "value": 281}, "geometry": {"type": "MultiPolygon", "coordinates": [[[[36.80242010724713, 56.05121751325907], [36.81832322847066, 56.05121751325907], [36.81832322847066, 56.04223440150916], [36.83422634969419, 56.04223440150916], [36.83422634969419, 56.03325128975925], [36.85012947091772, 56.03325128975925], [36.85012947091772, 56.024268178009336], [36.866032592141245, 56.024268178009336], [36.866032592141245, 56.03325128975925], [36.881935713364776, 56.03325128975925], [36.881935713364776, 56.04223440150916], [36.92964507703537, 56.04223440150916], [36.92964507703537, 56.03325128975925], [36.9455481982589, 56.03325128975925], [36.9455481982589, 56.024268178009336], [36.96145131948243, 56.024268178009336], [36.96145131948243, 56.03325128975925], [37.00916068315302, 56.03325128975925], [37.00916068315302, 56.024268178009336], [37.04096692560008, 56.024268178009336], [37.04096692560008, 56.01528506625943], [37.02506380437655, 56.01528506625943], [37.02506380437655, 56.00630195450952], [37.04096692560008, 56.00630195450952], [37.04096692560008, 55.99731884275961], [37.05687004682361, 55.99731884275961], [37.05687004682361, 55.9883357310097], [37.04096692560008, 55.9883357310097], [37.04096692560008, 55.979352619259785], [37.02506380437655, 55.979352619259785], [37.02506380437655, 55.961386395759966], [37.04096692560008, 55.961386395759966], [37.04096692560008, 55.934437060510234], [37.02506380437655, 55.934437060510234], [37.02506380437655, 55.916470837010415], [37.00916068315302, 55.916470837010415], [37.00916068315302, 55.90748772526051], [36.99325756192949, 55.90748772526051], [36.99325756192949, 55.898504613510596], [36.97735444070596, 55.898504613510596], [36.97735444070596, 55.88952150176068], [36.99325756192949, 55.88952150176068], [36.99325756192949, 55.86257216651096], [36.97735444070596, 55.86257216651096], [36.97735444070596, 55.835622831261226], [36.96145131948243, 55.835622831261226], [36.96145131948243, 55.82663971951131], [36.866032592141245, 55.82663971951131], [36.866032592141245, 55.835622831261226], [36.85012947091772, 55.835622831261226], [36.85012947091772, 55.84460594301114], [36.83422634969419, 55.84460594301114], [36.83422634969419, 55.835622831261226], [36.81832322847066, 55.835622831261226], [36.81832322847066, 55.82663971951131], [36.80242010724713, 55.82663971951131], [36.80242010724713, 55.835622831261226], [36.77061386480007, 55.835622831261226], [36.77061386480007, 55.84460594301114], [36.72290450112948, 55.84460594301114], [36.72290450112948, 55.853589054761045], [36.70700137990595, 55.853589054761045], [36.70700137990595, 55.86257216651096], [36.691098258682416, 55.86257216651096], [36.691098258682416, 55.871555278260864], [36.659292016235355, 55.871555278260864], [36.659292016235355, 55.90748772526051], [36.643388895011825, 55.90748772526051], [36.643388895011825, 55.92545394876033], [36.659292016235355, 55.92545394876033], [36.659292016235355, 55.934437060510234], [36.675195137458886, 55.934437060510234], [36.675195137458886, 55.961386395759966], [36.659292016235355, 55.961386395759966], [36.659292016235355, 55.979352619259785], [36.675195137458886, 55.979352619259785], [36.675195137458886, 55.9883357310097], [36.691098258682416, 55.9883357310097], [36.691098258682416, 56.024268178009336], [36.70700137990595, 56.024268178009336], [36.70700137990595, 56.01528506625943], [36.72290450112948, 56.01528506625943], [36.72290450112948, 56.024268178009336], [36.73880762235301, 56.024268178009336], [36.73880762235301, 56.03325128975925], [36.75471074357654, 56.03325128975925], [36.75471074357654, 56.04223440150916], [36.77061386480007, 56.04223440150916], [36.77061386480007, 56.05121751325907], [36.7865169860236, 56.05121751325907], [36.7865169860236, 56.06020062500898], [36.80242010724713, 56.06020062500898], [36.80242010724713, 56.05121751325907]]], [[[36.80242010724713, 56.06918373675889], [36.81832322847066, 56.06918373675889], [36.81832322847066, 56.06020062500898], [36.80242010724713, 56.06020062500898], [36.80242010724713, 56.06918373675889]]]]}}, {"type": "Feature", "properties": {"name": "Можайск", "value": 279}, "geometry": {"type": "MultiPolygon", "coordinates": [[[[36.039070288517685, 55.46731524951491], [36.054973409741216, 55.46731524951491], [36.054973409741216, 55.458332137765], [36.070876530964746, 55.458332137765], [36.070876530964746, 55.449349026015085], [36.08677965218828, 55.449349026015085], [36.08677965218828, 55.44036591426518], [36.10268277341181, 55.44036591426518], [36.10268277341181, 55.449349026015085], [36.13448901585887, 55.449349026015085], [36.13448901585887, 55.44036591426518], [36.11858589463534, 55.44036591426518], [36.11858589463534, 55.431382802515266], [36.10268277341181, 55.431382802515266], [36.10268277341181, 55.42239969076536], [36.08677965218828, 55.42239969076536], [36.08677965218828, 55.41341657901545], [36.070876530964746, 55.41341657901545], [36.070876530964746, 55.404433467265534], [36.023167167294154, 55.404433467265534], [36.023167167294154, 55.39545035551563], [35.99136092484709, 55.39545035551563], [35.99136092484709, 55.404433467265534], [36.007264046070624, 55.404433467265534], [36.007264046070624, 55.41341657901545], [36.023167167294154, 55.41341657901545], [36.023167167294154, 55.42239969076536], [36.007264046070624, 55.42239969076536], [36.007264046070624, 55.431382802515266], [35.99136092484709, 55.431382802515266], [35.99136092484709, 55.44036591426518], [36.007264046070624, 55.44036591426518], [36.007264046070624, 55.46731524951491], [36.023167167294154, 55.46731524951491], [36.023167167294154, 55.47629836126482], [36.039070288517685, 55.47629836126482], [36.039070288517685, 55.46731524951491]]], [[[36.18219837952945, 55.449349026015085], [36.1503921370824, 55.449349026015085], [36.1503921370824, 55.458332137765], [36.18219837952945, 55.458332137765], [36.18219837952945, 55.449349026015085]]], [[[36.023167167294154, 55.52121392001437], [36.039070288517685, 55.52121392001437], [36.039070288517685, 55.51223080826446], [36.054973409741216, 55.51223080826446], [36.054973409741216, 55.50324769651455], [36.039070288517685, 55.50324769651455], [36.039070288517685, 55.494264584764636], [36.023167167294154, 55.494264584764636], [36.023167167294154, 55.48528147301473], [36.007264046070624, 55.48528147301473], [36.007264046070624, 55.494264584764636], [35.99136092484709, 55.494264584764636], [35.99136092484709, 55.50324769651455], [35.97545780362356, 55.50324769651455], [35.97545780362356, 55.51223080826446], [35.99136092484709, 55.51223080826446], [35.99136092484709, 55.52121392001437], [36.007264046070624, 55.52121392001437], [36.007264046070624, 55.53019703176428], [36.023167167294154, 55.53019703176428], [36.023167167294154, 55.52121392001437]]], [[[36.08677965218828, 55.61104503751347], [36.10268277341181, 55.61104503751347], [36.10268277341181, 55.602061925763564], [36.11858589463534, 55.602061925763564], [36.11858589463534, 55.59307881401365], [36.13448901585887, 55.59307881401365], [36.13448901585887, 55.602061925763564], [36.1503921370824, 55.602061925763564], [36.1503921370824, 55.58409570226374], [36.13448901585887, 55.58409570226374], [36.13448901585887, 55.57511259051383], [36.08677965218828, 55.57511259051383], [36.08677965218828, 55.58409570226374], [36.070876530964746, 55.58409570226374], [36.070876530964746, 55.57511259051383], [36.054973409741216, 55.57511259051383], [36.054973409741216, 55.58409570226374], [36.039070288517685, 55.58409570226374], [36.039070288517685, 55.57511259051383], [36.007264046070624, 55.57511259051383], [36.007264046070624, 55.58409570226374], [35.99136092484709, 55.58409570226374], [35.99136092484709, 55.59307881401365], [36.007264046070624, 55.59307881401365], [36.007264046070624, 55.602061925763564], [36.023167167294154, 55.602061925763564], [36.023167167294154, 55.61104503751347], [36.039070288517685, 55.61104503751347], [36.039070288517685, 55.62002814926338], [36.08677965218828, 55.62002814926338], [36.08677965218828, 55.61104503751347]]]]}}, {"type": "Feature", "properties": {"name": "Красноармейск", "value": 275}, "geometry": {"type": "Polygon", "coordinates": [[[38.154185411247184, 56.22189663650736], [38.154185411247184, 56.212913524757454], [38.13828229002365, 56.212913524757454], [38.13828229002365, 56.20393041300754], [38.12237916880012, 56.20393041300754], [38.12237916880012, 56.194947301257635], [38.10647604757659, 56.194947301257635], [38.10647604757659, 56.17698107775781], [38.09057292635306, 56.17698107775781], [38.09057292635306, 56.1679979660079], [38.07466980512953, 56.1679979660079], [38.07466980512953, 56.15901485425799], [38.058766683906, 56.15901485425799], [38.058766683906, 56.150031742508084], [38.04286356268247, 56.150031742508084], [38.04286356268247, 56.14104863075817], [38.01105732023541, 56.14104863075817], [38.01105732023541, 56.150031742508084], [37.995154199011886, 56.150031742508084], [37.995154199011886, 56.15901485425799], [37.979251077788355, 56.15901485425799], [37.979251077788355, 56.150031742508084], [37.963347956564824, 56.150031742508084], [37.963347956564824, 56.14104863075817], [37.93154171411776, 56.14104863075817], [37.93154171411776, 56.13206551900826], [37.91563859289423, 56.13206551900826], [37.91563859289423, 56.11409929550844], [37.963347956564824, 56.11409929550844], [37.963347956564824, 56.10511618375853], [37.979251077788355, 56.10511618375853], [37.979251077788355, 56.09613307200862], [37.995154199011886, 56.09613307200862], [37.995154199011886, 56.087149960258714], [38.01105732023541, 56.087149960258714], [38.01105732023541, 56.0781668485088], [37.995154199011886, 56.0781668485088], [37.995154199011886, 56.05121751325907], [38.04286356268247, 56.05121751325907], [38.04286356268247, 56.04223440150916], [38.07466980512953, 56.04223440150916], [38.07466980512953, 56.03325128975925], [38.09057292635306, 56.03325128975925], [38.09057292635306, 56.024268178009336], [38.10647604757659, 56.024268178009336], [38.10647604757659, 56.03325128975925], [38.154185411247184, 56.03325128975925], [38.154185411247184, 56.024268178009336], [38.185991653694245, 56.024268178009336], [38.185991653694245, 56.03325128975925], [38.201894774917776, 56.03325128975925], [38.201894774917776, 56.04223440150916], [38.217797896141306, 56.04223440150916], [38.217797896141306, 56.05121751325907], [38.26550725981189, 56.05121751325907], [38.26550725981189, 56.06020062500898], [38.28141038103542, 56.06020062500898], [38.28141038103542, 56.06918373675889], [38.29731350225895, 56.06918373675889], [38.29731350225895, 56.0781668485088], [38.31321662348248, 56.0781668485088], [38.31321662348248, 56.09613307200862], [38.32911974470601, 56.09613307200862], [38.32911974470601, 56.10511618375853], [38.34502286592954, 56.10511618375853], [38.34502286592954, 56.11409929550844], [38.360925987153074, 56.11409929550844], [38.360925987153074, 56.12308240725835], [38.32911974470601, 56.12308240725835], [38.32911974470601, 56.13206551900826], [38.31321662348248, 56.13206551900826], [38.31321662348248, 56.14104863075817], [38.28141038103542, 56.14104863075817], [38.28141038103542, 56.13206551900826], [38.26550725981189, 56.13206551900826], [38.26550725981189, 56.12308240725835], [38.24960413858836, 56.12308240725835], [38.24960413858836, 56.11409929550844], [38.23370101736483, 56.11409929550844], [38.23370101736483, 56.10511618375853], [38.217797896141306, 56.10511618375853], [38.217797896141306, 56.11409929550844], [38.201894774917776, 56.11409929550844], [38.201894774917776, 56.12308240725835], [38.185991653694245, 56.12308240725835], [38.185991653694245, 56.13206551900826], [38.170088532470714, 56.13206551900826], [38.170088532470714, 56.14104863075817], [38.154185411247184, 56.14104863075817], [38.154185411247184, 56.150031742508084], [38.13828229002365, 56.150031742508084], [38.13828229002365, 56.15901485425799], [38.154185411247184, 56.15901485425799], [38.154185411247184, 56.1679979660079], [38.170088532470714, 56.1679979660079], [38.170088532470714, 56.17698107775781], [38.185991653694245, 56.17698107775781], [38.185991653694245, 56.18596418950772], [38.170088532470714, 56.18596418950772], [38.170088532470714, 56.20393041300754], [38.185991653694245, 56.20393041300754], [38.185991653694245, 56.22189663650736], [38.154185411247184, 56.22189663650736]]]}}, {"type": "Feature", "properties": {"name": "Протвино", "value": 275}, "geometry": {"type": "MultiPolygon", "coordinates": [[[[37.088676289270666, 54.95527787977003], [37.07277316804714, 54.95527787977003], [37.07277316804714, 54.97324410326985], [37.104579410494196, 54.97324410326985], [37.104579410494196, 54.98222721501976], [37.12048253171773, 54.98222721501976], [37.12048253171773, 54.99121032676967], [37.13638565294126, 54.99121032676967], [37.13638565294126, 55.00019343851958], [37.16819189538832, 55.00019343851958], [37.16819189538832, 54.99121032676967], [37.19999813783538, 54.99121032676967], [37.19999813783538, 54.98222721501976], [37.21590125905891, 54.98222721501976], [37.21590125905891, 54.97324410326985], [37.23180438028244, 54.97324410326985], [37.23180438028244, 54.964260991519936], [37.24770750150597, 54.964260991519936], [37.24770750150597, 54.95527787977003], [37.2636106227295, 54.95527787977003], [37.2636106227295, 54.9283285445203], [37.27951374395303, 54.9283285445203], [37.27951374395303, 54.919345432770385], [37.29541686517656, 54.919345432770385], [37.29541686517656, 54.91036232102048], [37.31131998640009, 54.91036232102048], [37.31131998640009, 54.901379209270566], [37.32722310762362, 54.901379209270566], [37.32722310762362, 54.89239609752066], [37.31131998640009, 54.89239609752066], [37.31131998640009, 54.88341298577075], [37.32722310762362, 54.88341298577075], [37.32722310762362, 54.87442987402084], [37.34312622884715, 54.87442987402084], [37.34312622884715, 54.84748053877111], [37.35902935007068, 54.84748053877111], [37.35902935007068, 54.838497427021196], [37.37493247129421, 54.838497427021196], [37.37493247129421, 54.81154809177146], [37.39083559251774, 54.81154809177146], [37.39083559251774, 54.78459875652174], [37.40673871374127, 54.78459875652174], [37.40673871374127, 54.775615644771825], [37.39083559251774, 54.775615644771825], [37.39083559251774, 54.757649421272006], [37.37493247129421, 54.757649421272006], [37.37493247129421, 54.74866630952209], [37.34312622884715, 54.74866630952209], [37.34312622884715, 54.757649421272006], [37.32722310762362, 54.757649421272006], [37.32722310762362, 54.74866630952209], [37.29541686517656, 54.74866630952209], [37.29541686517656, 54.757649421272006], [37.2636106227295, 54.757649421272006], [37.2636106227295, 54.74866630952209], [37.23180438028244, 54.74866630952209], [37.23180438028244, 54.757649421272006], [37.21590125905891, 54.757649421272006], [37.21590125905891, 54.74866630952209], [37.15228877416479, 54.74866630952209], [37.15228877416479, 54.73968319777219], [37.13638565294126, 54.73968319777219], [37.13638565294126, 54.74866630952209], [37.12048253171773, 54.74866630952209], [37.12048253171773, 54.757649421272006], [37.104579410494196, 54.757649421272006], [37.104579410494196, 54.74866630952209], [37.088676289270666, 54.74866630952209], [37.088676289270666, 54.757649421272006], [37.07277316804714, 54.757649421272006], [37.07277316804714, 54.74866630952209], [37.04096692560008, 54.74866630952209], [37.04096692560008, 54.775615644771825], [37.05687004682361, 54.775615644771825], [37.05687004682361, 54.78459875652174], [37.07277316804714, 54.78459875652174], [37.07277316804714, 54.80256498002156], [37.05687004682361, 54.80256498002156], [37.05687004682361, 54.81154809177146], [37.04096692560008, 54.81154809177146], [37.04096692560008, 54.82951431527129], [37.02506380437655, 54.82951431527129], [37.02506380437655, 54.84748053877111], [37.04096692560008, 54.84748053877111], [37.04096692560008, 54.86544676227093], [37.02506380437655, 54.86544676227093], [37.02506380437655, 54.89239609752066], [37.00916068315302, 54.89239609752066], [37.00916068315302, 54.901379209270566], [37.02506380437655, 54.901379209270566], [37.02506380437655, 54.91036232102048], [37.05687004682361, 54.91036232102048], [37.05687004682361, 54.901379209270566], [37.07277316804714, 54.901379209270566], [37.07277316804714, 54.89239609752066], [37.088676289270666, 54.89239609752066], [37.088676289270666, 54.88341298577075], [37.104579410494196, 54.88341298577075], [37.104579410494196, 54.89239609752066], [37.12048253171773, 54.89239609752066], [37.12048253171773, 54.901379209270566], [37.13638565294126, 54.901379209270566], [37.13638565294126, 54.91036232102048], [37.15228877416479, 54.91036232102048], [37.15228877416479, 54.919345432770385], [37.13638565294126, 54.919345432770385], [37.13638565294126, 54.9283285445203], [37.12048253171773, 54.9283285445203], [37.12048253171773, 54.93731165627021], [37.104579410494196, 54.93731165627021], [37.104579410494196, 54.94629476802012], [37.088676289270666, 54.94629476802012], [37.088676289270666, 54.95527787977003]]], [[[37.05687004682361, 54.9283285445203], [37.05687004682361, 54.93731165627021], [37.07277316804714, 54.93731165627021], [37.07277316804714, 54.9283285445203], [37.05687004682361, 54.9283285445203]]], [[[37.088676289270666, 54.94629476802012], [37.088676289270666, 54.93731165627021], [37.07277316804714, 54.93731165627021], [37.07277316804714, 54.94629476802012], [37.088676289270666, 54.94629476802012]]]]}}, {"type": "Feature", "properties": {"name": "Краснознаменск", "value": 270}, "geometry": {"type": "Polygon", "coordinates": [[[37.088676289270666, 55.69189304326266], [37.088676289270666, 55.67392681976284], [37.07277316804714, 55.67392681976284], [37.07277316804714, 55.65596059626302], [37.05687004682361, 55.65596059626302], [37.05687004682361, 55.64697748451311], [37.04096692560008, 55.64697748451311], [37.04096692560008, 55.6379943727632], [37.02506380437655, 55.6379943727632], [37.02506380437655, 55.62901126101329], [37.04096692560008, 55.62901126101329], [37.04096692560008, 55.62002814926338], [37.02506380437655, 55.62002814926338], [37.02506380437655, 55.61104503751347], [37.00916068315302, 55.61104503751347], [37.00916068315302, 55.602061925763564], [36.99325756192949, 55.602061925763564], [36.99325756192949, 55.58409570226374], [36.97735444070596, 55.58409570226374], [36.97735444070596, 55.57511259051383], [36.96145131948243, 55.57511259051383], [36.96145131948243, 55.5481632552641], [36.97735444070596, 55.5481632552641], [36.97735444070596, 55.55714636701401], [37.02506380437655, 55.55714636701401], [37.02506380437655, 55.56612947876392], [37.04096692560008, 55.56612947876392], [37.04096692560008, 55.57511259051383], [37.05687004682361, 55.57511259051383], [37.05687004682361, 55.58409570226374], [37.16819189538832, 55.58409570226374], [37.16819189538832, 55.59307881401365], [37.19999813783538, 55.59307881401365], [37.19999813783538, 55.62002814926338], [37.18409501661185, 55.62002814926338], [37.18409501661185, 55.62901126101329], [37.16819189538832, 55.62901126101329], [37.16819189538832, 55.6379943727632], [37.15228877416479, 55.6379943727632], [37.15228877416479, 55.64697748451311], [37.13638565294126, 55.64697748451311], [37.13638565294126, 55.664943708012935], [37.12048253171773, 55.664943708012935], [37.12048253171773, 55.682909931512754], [37.104579410494196, 55.682909931512754], [37.104579410494196, 55.69189304326266], [37.088676289270666, 55.69189304326266]]]}}, {"type": "Feature", "properties": {"name": "Лосино-Петровский", "value": 270}, "geometry": {"type": "MultiPolygon", "coordinates": [[[[38.09057292635306, 55.853589054761045], [38.07466980512953, 55.853589054761045], [38.07466980512953, 55.86257216651096], [38.09057292635306, 55.86257216651096], [38.09057292635306, 55.853589054761045]]], [[[38.09057292635306, 55.871555278260864], [38.07466980512953, 55.871555278260864], [38.07466980512953, 55.898504613510596], [38.10647604757659, 55.898504613510596], [38.10647604757659, 55.90748772526051], [38.12237916880012, 55.90748772526051], [38.12237916880012, 55.916470837010415], [38.13828229002365, 55.916470837010415], [38.13828229002365, 55.92545394876033], [38.154185411247184, 55.92545394876033], [38.154185411247184, 55.934437060510234], [38.170088532470714, 55.934437060510234], [38.170088532470714, 55.94342017226015], [38.185991653694245, 55.94342017226015], [38.185991653694245, 55.95240328401006], [38.201894774917776, 55.95240328401006], [38.201894774917776, 55.961386395759966], [38.23370101736483, 55.961386395759966], [38.23370101736483, 55.95240328401006], [38.24960413858836, 55.95240328401006], [38.24960413858836, 55.961386395759966], [38.26550725981189, 55.961386395759966], [38.26550725981189, 55.95240328401006], [38.28141038103542, 55.95240328401006], [38.28141038103542, 55.94342017226015], [38.29731350225895, 55.94342017226015], [38.29731350225895, 55.934437060510234], [38.32911974470601, 55.934437060510234], [38.32911974470601, 55.916470837010415], [38.31321662348248, 55.916470837010415], [38.31321662348248, 55.90748772526051], [38.29731350225895, 55.90748772526051], [38.29731350225895, 55.88952150176068], [38.31321662348248, 55.88952150176068], [38.31321662348248, 55.88053839001078], [38.29731350225895, 55.88053839001078], [38.29731350225895, 55.86257216651096], [38.31321662348248, 55.86257216651096], [38.31321662348248, 55.853589054761045], [38.32911974470601, 55.853589054761045], [38.32911974470601, 55.835622831261226], [38.31321662348248, 55.835622831261226], [38.31321662348248, 55.82663971951131], [38.24960413858836, 55.82663971951131], [38.24960413858836, 55.835622831261226], [38.154185411247184, 55.835622831261226], [38.154185411247184, 55.84460594301114], [38.12237916880012, 55.84460594301114], [38.12237916880012, 55.853589054761045], [38.10647604757659, 55.853589054761045], [38.10647604757659, 55.86257216651096], [38.09057292635306, 55.86257216651096], [38.09057292635306, 55.871555278260864]]]]}}, {"type": "Feature", "properties": {"name": "Звенигород", "value": 266}, "geometry": {"type": "Polygon", "coordinates": [[[36.81832322847066, 55.82663971951131], [36.81832322847066, 55.81765660776141], [36.7865169860236, 55.81765660776141], [36.7865169860236, 55.808673496011494], [36.77061386480007, 55.808673496011494], [36.77061386480007, 55.79969038426159], [36.75471074357654, 55.79969038426159], [36.75471074357654, 55.790707272511675], [36.73880762235301, 55.790707272511675], [36.73880762235301, 55.78172416076176], [36.70700137990595, 55.78172416076176], [36.70700137990595, 55.790707272511675], [36.691098258682416, 55.790707272511675], [36.691098258682416, 55.79969038426159], [36.659292016235355, 55.79969038426159], [36.659292016235355, 55.78172416076176], [36.675195137458886, 55.78172416076176], [36.675195137458886, 55.76375793726194], [36.659292016235355, 55.76375793726194], [36.659292016235355, 55.70087615501257], [36.675195137458886, 55.70087615501257], [36.675195137458886, 55.682909931512754], [36.691098258682416, 55.682909931512754], [36.691098258682416, 55.67392681976284], [36.70700137990595, 55.67392681976284], [36.70700137990595, 55.682909931512754], [36.73880762235301, 55.682909931512754], [36.73880762235301, 55.67392681976284], [36.75471074357654, 55.67392681976284], [36.75471074357654, 55.664943708012935], [36.77061386480007, 55.664943708012935], [36.77061386480007, 55.65596059626302], [36.7865169860236, 55.65596059626302], [36.7865169860236, 55.6379943727632], [36.85012947091772, 55.6379943727632], [36.85012947091772, 55.64697748451311], [36.881935713364776, 55.64697748451311], [36.881935713364776, 55.65596059626302], [36.897838834588306, 55.65596059626302], [36.897838834588306, 55.664943708012935], [36.91374195581184, 55.664943708012935], [36.91374195581184, 55.67392681976284], [36.92964507703537, 55.67392681976284], [36.92964507703537, 55.682909931512754], [36.97735444070596, 55.682909931512754], [36.97735444070596, 55.69189304326266], [36.99325756192949, 55.69189304326266], [36.99325756192949, 55.70087615501257], [37.00916068315302, 55.70087615501257], [37.00916068315302, 55.709859266762486], [37.05687004682361, 55.709859266762486], [37.05687004682361, 55.71884237851239], [37.07277316804714, 55.71884237851239], [37.07277316804714, 55.727825490262305], [37.088676289270666, 55.727825490262305], [37.088676289270666, 55.745791713762124], [37.07277316804714, 55.745791713762124], [37.07277316804714, 55.75477482551204], [37.05687004682361, 55.75477482551204], [37.05687004682361, 55.76375793726194], [37.04096692560008, 55.76375793726194], [37.04096692560008, 55.78172416076176], [37.02506380437655, 55.78172416076176], [37.02506380437655, 55.790707272511675], [37.00916068315302, 55.790707272511675], [37.00916068315302, 55.79969038426159], [36.99325756192949, 55.79969038426159], [36.99325756192949, 55.808673496011494], [36.97735444070596, 55.808673496011494], [36.97735444070596, 55.81765660776141], [36.96145131948243, 55.81765660776141], [36.96145131948243, 55.808673496011494], [36.9455481982589, 55.808673496011494], [36.9455481982589, 55.79969038426159], [36.91374195581184, 55.79969038426159], [36.91374195581184, 55.808673496011494], [36.866032592141245, 55.808673496011494], [36.866032592141245, 55.81765660776141], [36.85012947091772, 55.81765660776141], [36.85012947091772, 55.82663971951131], [36.81832322847066, 55.82663971951131]]]}}, {"type": "Feature", "properties": {"name": "Кашира", "value": 266}, "geometry": {"type": "Polygon", "coordinates": [[[38.28141038103542, 54.95527787977003], [38.28141038103542, 54.93731165627021], [38.26550725981189, 54.93731165627021], [38.26550725981189, 54.9283285445203], [38.24960413858836, 54.9283285445203], [38.24960413858836, 54.919345432770385], [38.23370101736483, 54.919345432770385], [38.23370101736483, 54.91036232102048], [38.217797896141306, 54.91036232102048], [38.217797896141306, 54.901379209270566], [38.201894774917776, 54.901379209270566], [38.201894774917776, 54.89239609752066], [38.185991653694245, 54.89239609752066], [38.185991653694245, 54.88341298577075], [38.154185411247184, 54.88341298577075], [38.154185411247184, 54.87442987402084], [38.12237916880012, 54.87442987402084], [38.12237916880012, 54.86544676227093], [38.10647604757659, 54.86544676227093], [38.10647604757659, 54.856463650521015], [38.07466980512953, 54.856463650521015], [38.07466980512953, 54.84748053877111], [38.058766683906, 54.84748053877111], [38.058766683906, 54.838497427021196], [38.04286356268247, 54.838497427021196], [38.04286356268247, 54.82951431527129], [38.01105732023541, 54.82951431527129], [38.01105732023541, 54.82053120352138], [37.995154199011886, 54.82053120352138], [37.995154199011886, 54.81154809177146], [37.979251077788355, 54.81154809177146], [37.979251077788355, 54.80256498002156], [37.963347956564824, 54.80256498002156], [37.963347956564824, 54.793581868271644], [37.947444835341294, 54.793581868271644], [37.947444835341294, 54.775615644771825], [37.963347956564824, 54.775615644771825], [37.963347956564824, 54.76663253302191], [37.979251077788355, 54.76663253302191], [37.979251077788355, 54.74866630952209], [37.963347956564824, 54.74866630952209], [37.963347956564824, 54.73968319777219], [37.979251077788355, 54.73968319777219], [37.979251077788355, 54.72171697427236], [37.995154199011886, 54.72171697427236], [37.995154199011886, 54.730700086022274], [38.01105732023541, 54.730700086022274], [38.01105732023541, 54.73968319777219], [38.02696044145894, 54.73968319777219], [38.02696044145894, 54.74866630952209], [38.04286356268247, 54.74866630952209], [38.04286356268247, 54.73968319777219], [38.058766683906, 54.73968319777219], [38.058766683906, 54.730700086022274], [38.10647604757659, 54.730700086022274], [38.10647604757659, 54.72171697427236], [38.12237916880012, 54.72171697427236], [38.12237916880012, 54.712733862522455], [38.13828229002365, 54.712733862522455], [38.13828229002365, 54.72171697427236], [38.154185411247184, 54.72171697427236], [38.154185411247184, 54.712733862522455], [38.170088532470714, 54.712733862522455], [38.170088532470714, 54.72171697427236], [38.201894774917776, 54.72171697427236], [38.201894774917776, 54.712733862522455], [38.23370101736483, 54.712733862522455], [38.23370101736483, 54.72171697427236], [38.24960413858836, 54.72171697427236], [38.24960413858836, 54.730700086022274], [38.26550725981189, 54.730700086022274], [38.26550725981189, 54.72171697427236], [38.28141038103542, 54.72171697427236], [38.28141038103542, 54.712733862522455], [38.31321662348248, 54.712733862522455], [38.31321662348248, 54.72171697427236], [38.34502286592954, 54.72171697427236], [38.34502286592954, 54.74866630952209], [38.32911974470601, 54.74866630952209], [38.32911974470601, 54.76663253302191], [38.34502286592954, 54.76663253302191], [38.34502286592954, 54.793581868271644], [38.32911974470601, 54.793581868271644], [38.32911974470601, 54.81154809177146], [38.34502286592954, 54.81154809177146], [38.34502286592954, 54.82053120352138], [38.360925987153074, 54.82053120352138], [38.360925987153074, 54.82951431527129], [38.34502286592954, 54.82951431527129], [38.34502286592954, 54.838497427021196], [38.32911974470601, 54.838497427021196], [38.32911974470601, 54.86544676227093], [38.34502286592954, 54.86544676227093], [38.34502286592954, 54.88341298577075], [38.32911974470601, 54.88341298577075], [38.32911974470601, 54.89239609752066], [38.34502286592954, 54.89239609752066], [38.34502286592954, 54.91036232102048], [38.32911974470601, 54.91036232102048], [38.32911974470601, 54.9283285445203], [38.34502286592954, 54.9283285445203], [38.34502286592954, 54.93731165627021], [38.360925987153074, 54.93731165627021], [38.360925987153074, 54.94629476802012], [38.32911974470601, 54.94629476802012], [38.32911974470601, 54.93731165627021], [38.31321662348248, 54.93731165627021], [38.31321662348248, 54.94629476802012], [38.29731350225895, 54.94629476802012], [38.29731350225895, 54.95527787977003], [38.28141038103542, 54.95527787977003]]]}}, {"type": "Feature", "properties": {"name": "Волоколамск", "value": 262}, "geometry": {"type": "Polygon", "coordinates": [[[35.94365156117651, 56.06020062500898], [35.94365156117651, 56.05121751325907], [35.92774843995298, 56.05121751325907], [35.92774843995298, 56.04223440150916], [35.91184531872945, 56.04223440150916], [35.91184531872945, 56.03325128975925], [35.92774843995298, 56.03325128975925], [35.92774843995298, 56.024268178009336], [35.94365156117651, 56.024268178009336], [35.94365156117651, 56.01528506625943], [35.95955468240003, 56.01528506625943], [35.95955468240003, 56.024268178009336], [35.97545780362356, 56.024268178009336], [35.97545780362356, 56.03325128975925], [35.99136092484709, 56.03325128975925], [35.99136092484709, 56.04223440150916], [35.97545780362356, 56.04223440150916], [35.97545780362356, 56.05121751325907], [35.95955468240003, 56.05121751325907], [35.95955468240003, 56.06020062500898], [35.94365156117651, 56.06020062500898]]]}}, {"type": "Feature", "properties": {"name": "Солнечногорск", "value": 262}, "geometry": {"type": "Polygon", "coordinates": [[[37.12048253171773, 56.31172775400646], [37.12048253171773, 56.302744642256556], [37.07277316804714, 56.302744642256556], [37.07277316804714, 56.29376153050664], [37.05687004682361, 56.29376153050664], [37.05687004682361, 56.28477841875674], [37.02506380437655, 56.28477841875674], [37.02506380437655, 56.275795307006824], [37.00916068315302, 56.275795307006824], [37.00916068315302, 56.28477841875674], [36.99325756192949, 56.28477841875674], [36.99325756192949, 56.29376153050664], [36.96145131948243, 56.29376153050664], [36.96145131948243, 56.28477841875674], [36.9455481982589, 56.28477841875674], [36.9455481982589, 56.275795307006824], [36.92964507703537, 56.275795307006824], [36.92964507703537, 56.28477841875674], [36.897838834588306, 56.28477841875674], [36.897838834588306, 56.275795307006824], [36.91374195581184, 56.275795307006824], [36.91374195581184, 56.26681219525691], [36.897838834588306, 56.26681219525691], [36.897838834588306, 56.257829083507005], [36.881935713364776, 56.257829083507005], [36.881935713364776, 56.24884597175709], [36.866032592141245, 56.24884597175709], [36.866032592141245, 56.239862860007186], [36.85012947091772, 56.239862860007186], [36.85012947091772, 56.24884597175709], [36.80242010724713, 56.24884597175709], [36.80242010724713, 56.239862860007186], [36.81832322847066, 56.239862860007186], [36.81832322847066, 56.22189663650736], [36.83422634969419, 56.22189663650736], [36.83422634969419, 56.212913524757454], [36.81832322847066, 56.212913524757454], [36.81832322847066, 56.20393041300754], [36.80242010724713, 56.20393041300754], [36.80242010724713, 56.17698107775781], [36.7865169860236, 56.17698107775781], [36.7865169860236, 56.1679979660079], [36.77061386480007, 56.1679979660079], [36.77061386480007, 56.15901485425799], [36.7865169860236, 56.15901485425799], [36.7865169860236, 56.14104863075817], [36.77061386480007, 56.14104863075817], [36.77061386480007, 56.12308240725835], [36.7865169860236, 56.12308240725835], [36.7865169860236, 56.11409929550844], [36.80242010724713, 56.11409929550844], [36.80242010724713, 56.10511618375853], [36.7865169860236, 56.10511618375853], [36.7865169860236, 56.0781668485088], [36.80242010724713, 56.0781668485088], [36.80242010724713, 56.06918373675889], [36.81832322847066, 56.06918373675889], [36.81832322847066, 56.06020062500898], [36.83422634969419, 56.06020062500898], [36.83422634969419, 56.05121751325907], [36.866032592141245, 56.05121751325907], [36.866032592141245, 56.06020062500898], [36.881935713364776, 56.06020062500898], [36.881935713364776, 56.06918373675889], [36.9455481982589, 56.06918373675889], [36.9455481982589, 56.06020062500898], [37.02506380437655, 56.06020062500898], [37.02506380437655, 56.05121751325907], [37.04096692560008, 56.05121751325907], [37.04096692560008, 56.04223440150916], [37.05687004682361, 56.04223440150916], [37.05687004682361, 56.05121751325907], [37.088676289270666, 56.05121751325907], [37.088676289270666, 56.06020062500898], [37.18409501661185, 56.06020062500898], [37.18409501661185, 56.0781668485088], [37.16819189538832, 56.0781668485088], [37.16819189538832, 56.09613307200862], [37.15228877416479, 56.09613307200862], [37.15228877416479, 56.11409929550844], [37.16819189538832, 56.11409929550844], [37.16819189538832, 56.13206551900826], [37.13638565294126, 56.13206551900826], [37.13638565294126, 56.14104863075817], [37.12048253171773, 56.14104863075817], [37.12048253171773, 56.150031742508084], [37.104579410494196, 56.150031742508084], [37.104579410494196, 56.15901485425799], [37.088676289270666, 56.15901485425799], [37.088676289270666, 56.1679979660079], [37.07277316804714, 56.1679979660079], [37.07277316804714, 56.18596418950772], [37.05687004682361, 56.18596418950772], [37.05687004682361, 56.194947301257635], [37.04096692560008, 56.194947301257635], [37.04096692560008, 56.22189663650736], [37.05687004682361, 56.22189663650736], [37.05687004682361, 56.23087974825727], [37.07277316804714, 56.23087974825727], [37.07277316804714, 56.239862860007186], [37.088676289270666, 56.239862860007186], [37.088676289270666, 56.24884597175709], [37.104579410494196, 56.24884597175709], [37.104579410494196, 56.257829083507005], [37.12048253171773, 56.257829083507005], [37.12048253171773, 56.24884597175709], [37.13638565294126, 56.24884597175709], [37.13638565294126, 56.239862860007186], [37.16819189538832, 56.239862860007186], [37.16819189538832, 56.24884597175709], [37.15228877416479, 56.24884597175709], [37.15228877416479, 56.257829083507005], [37.16819189538832, 56.257829083507005], [37.16819189538832, 56.26681219525691], [37.18409501661185, 56.26681219525691], [37.18409501661185, 56.275795307006824], [37.16819189538832, 56.275795307006824], [37.16819189538832, 56.28477841875674], [37.15228877416479, 56.28477841875674], [37.15228877416479, 56.302744642256556], [37.13638565294126, 56.302744642256556], [37.13638565294126, 56.31172775400646], [37.12048253171773, 56.31172775400646]]]}}, {"type": "Feature", "properties": {"name": "Апрелевка", "value": 252}, "geometry": {"type": "Polygon", "coordinates": [[[37.15228877416479, 55.602061925763564], [37.15228877416479, 55.59307881401365], [37.12048253171773, 55.59307881401365], [37.12048253171773, 55.58409570226374], [37.104579410494196, 55.58409570226374], [37.104579410494196, 55.57511259051383], [37.088676289270666, 55.57511259051383], [37.088676289270666, 55.56612947876392], [37.05687004682361, 55.56612947876392], [37.05687004682361, 55.57511259051383], [37.02506380437655, 55.57511259051383], [37.02506380437655, 55.56612947876392], [37.00916068315302, 55.56612947876392], [37.00916068315302, 55.55714636701401], [36.96145131948243, 55.55714636701401], [36.96145131948243, 55.53918014351419], [36.9455481982589, 55.53918014351419], [36.9455481982589, 55.53019703176428], [36.92964507703537, 55.53019703176428], [36.92964507703537, 55.51223080826446], [36.91374195581184, 55.51223080826446], [36.91374195581184, 55.50324769651455], [36.897838834588306, 55.50324769651455], [36.897838834588306, 55.494264584764636], [36.881935713364776, 55.494264584764636], [36.881935713364776, 55.458332137765], [36.897838834588306, 55.458332137765], [36.897838834588306, 55.449349026015085], [36.91374195581184, 55.449349026015085], [36.91374195581184, 55.44036591426518], [36.92964507703537, 55.44036591426518], [36.92964507703537, 55.431382802515266], [36.9455481982589, 55.431382802515266], [36.9455481982589, 55.42239969076536], [36.97735444070596, 55.42239969076536], [36.97735444070596, 55.431382802515266], [36.99325756192949, 55.431382802515266], [36.99325756192949, 55.42239969076536], [37.00916068315302, 55.42239969076536], [37.00916068315302, 55.431382802515266], [37.02506380437655, 55.431382802515266], [37.02506380437655, 55.42239969076536], [37.04096692560008, 55.42239969076536], [37.04096692560008, 55.431382802515266], [37.088676289270666, 55.431382802515266], [37.088676289270666, 55.42239969076536], [37.12048253171773, 55.42239969076536], [37.12048253171773, 55.41341657901545], [37.15228877416479, 55.41341657901545], [37.15228877416479, 55.42239969076536], [37.27951374395303, 55.42239969076536], [37.27951374395303, 55.44036591426518], [37.2636106227295, 55.44036591426518], [37.2636106227295, 55.46731524951491], [37.27951374395303, 55.46731524951491], [37.27951374395303, 55.53019703176428], [37.2636106227295, 55.53019703176428], [37.2636106227295, 55.56612947876392], [37.24770750150597, 55.56612947876392], [37.24770750150597, 55.58409570226374], [37.23180438028244, 55.58409570226374], [37.23180438028244, 55.59307881401365], [37.21590125905891, 55.59307881401365], [37.21590125905891, 55.602061925763564], [37.15228877416479, 55.602061925763564]]]}}, {"type": "Feature", "properties": {"name": "Дедовск", "value": 243}, "geometry": {"type": "Polygon", "coordinates": [[[37.12048253171773, 55.99731884275961], [37.12048253171773, 55.9883357310097], [37.05687004682361, 55.9883357310097], [37.05687004682361, 55.97036950750988], [37.04096692560008, 55.97036950750988], [37.04096692560008, 55.961386395759966], [37.02506380437655, 55.961386395759966], [37.02506380437655, 55.95240328401006], [37.00916068315302, 55.95240328401006], [37.00916068315302, 55.916470837010415], [37.02506380437655, 55.916470837010415], [37.02506380437655, 55.898504613510596], [37.00916068315302, 55.898504613510596], [37.00916068315302, 55.88952150176068], [36.99325756192949, 55.88952150176068], [36.99325756192949, 55.88053839001078], [36.97735444070596, 55.88053839001078], [36.97735444070596, 55.86257216651096], [36.96145131948243, 55.86257216651096], [36.96145131948243, 55.84460594301114], [36.9455481982589, 55.84460594301114], [36.9455481982589, 55.82663971951131], [36.96145131948243, 55.82663971951131], [36.96145131948243, 55.79969038426159], [36.97735444070596, 55.79969038426159], [36.97735444070596, 55.790707272511675], [36.99325756192949, 55.790707272511675], [36.99325756192949, 55.78172416076176], [37.00916068315302, 55.78172416076176], [37.00916068315302, 55.76375793726194], [37.02506380437655, 55.76375793726194], [37.02506380437655, 55.75477482551204], [37.05687004682361, 55.75477482551204], [37.05687004682361, 55.745791713762124], [37.07277316804714, 55.745791713762124], [37.07277316804714, 55.73680860201221], [37.104579410494196, 55.73680860201221], [37.104579410494196, 55.745791713762124], [37.13638565294126, 55.745791713762124], [37.13638565294126, 55.75477482551204], [37.16819189538832, 55.75477482551204], [37.16819189538832, 55.772741049011856], [37.18409501661185, 55.772741049011856], [37.18409501661185, 55.790707272511675], [37.19999813783538, 55.790707272511675], [37.19999813783538, 55.808673496011494], [37.21590125905891, 55.808673496011494], [37.21590125905891, 55.86257216651096], [37.23180438028244, 55.86257216651096], [37.23180438028244, 55.871555278260864], [37.24770750150597, 55.871555278260864], [37.24770750150597, 55.88053839001078], [37.2636106227295, 55.88053839001078], [37.2636106227295, 55.90748772526051], [37.27951374395303, 55.90748772526051], [37.27951374395303, 55.916470837010415], [37.2636106227295, 55.916470837010415], [37.2636106227295, 55.92545394876033], [37.27951374395303, 55.92545394876033], [37.27951374395303, 55.94342017226015], [37.2636106227295, 55.94342017226015], [37.2636106227295, 55.961386395759966], [37.24770750150597, 55.961386395759966], [37.24770750150597, 55.97036950750988], [37.21590125905891, 55.97036950750988], [37.21590125905891, 55.979352619259785], [37.19999813783538, 55.979352619259785], [37.19999813783538, 55.9883357310097], [37.15228877416479, 55.9883357310097], [37.15228877416479, 55.99731884275961], [37.12048253171773, 55.99731884275961]]]}}, {"type": "Feature", "properties": {"name": "Шатура", "value": 241}, "geometry": {"type": "MultiPolygon", "coordinates": [[[[39.47414447280018, 55.449349026015085], [39.458241351576646, 55.449349026015085], [39.458241351576646, 55.458332137765], [39.442338230353116, 55.458332137765], [39.442338230353116, 55.46731524951491], [39.47414447280018, 55.46731524951491], [39.47414447280018, 55.449349026015085]]], [[[39.52185383647077, 55.449349026015085], [39.52185383647077, 55.46731524951491], [39.5377569576943, 55.46731524951491], [39.5377569576943, 55.449349026015085], [39.52185383647077, 55.449349026015085]]], [[[39.55366007891783, 55.458332137765], [39.55366007891783, 55.46731524951491], [39.58546632136489, 55.46731524951491], [39.58546632136489, 55.458332137765], [39.55366007891783, 55.458332137765]]], [[[39.36282262423546, 55.46731524951491], [39.36282262423546, 55.47629836126482], [39.37872574545899, 55.47629836126482], [39.37872574545899, 55.46731524951491], [39.36282262423546, 55.46731524951491]]], [[[39.442338230353116, 55.47629836126482], [39.442338230353116, 55.46731524951491], [39.410531987906054, 55.46731524951491], [39.410531987906054, 55.48528147301473], [39.426435109129585, 55.48528147301473], [39.426435109129585, 55.47629836126482], [39.442338230353116, 55.47629836126482]]], [[[39.34691950301194, 55.47629836126482], [39.34691950301194, 55.48528147301473], [39.36282262423546, 55.48528147301473], [39.36282262423546, 55.47629836126482], [39.34691950301194, 55.47629836126482]]], [[[39.458241351576646, 55.67392681976284], [39.458241351576646, 55.664943708012935], [39.47414447280018, 55.664943708012935], [39.47414447280018, 55.65596059626302], [39.49004759402371, 55.65596059626302], [39.49004759402371, 55.64697748451311], [39.52185383647077, 55.64697748451311], [39.52185383647077, 55.6379943727632], [39.55366007891783, 55.6379943727632], [39.55366007891783, 55.64697748451311], [39.56956320014136, 55.64697748451311], [39.56956320014136, 55.65596059626302], [39.601369442588414, 55.65596059626302], [39.601369442588414, 55.64697748451311], [39.58546632136489, 55.64697748451311], [39.58546632136489, 55.6379943727632], [39.56956320014136, 55.6379943727632], [39.56956320014136, 55.62002814926338], [39.58546632136489, 55.62002814926338], [39.58546632136489, 55.602061925763564], [39.56956320014136, 55.602061925763564], [39.56956320014136, 55.59307881401365], [39.58546632136489, 55.59307881401365], [39.58546632136489, 55.58409570226374], [39.601369442588414, 55.58409570226374], [39.601369442588414, 55.57511259051383], [39.617272563811945, 55.57511259051383], [39.617272563811945, 55.56612947876392], [39.633175685035475, 55.56612947876392], [39.633175685035475, 55.57511259051383], [39.649078806259006, 55.57511259051383], [39.649078806259006, 55.58409570226374], [39.664981927482536, 55.58409570226374], [39.664981927482536, 55.59307881401365], [39.68088504870607, 55.59307881401365], [39.68088504870607, 55.602061925763564], [39.6967881699296, 55.602061925763564], [39.6967881699296, 55.61104503751347], [39.72859441237666, 55.61104503751347], [39.72859441237666, 55.59307881401365], [39.71269129115313, 55.59307881401365], [39.71269129115313, 55.57511259051383], [39.72859441237666, 55.57511259051383], [39.72859441237666, 55.56612947876392], [39.74449753360019, 55.56612947876392], [39.74449753360019, 55.55714636701401], [39.76040065482372, 55.55714636701401], [39.76040065482372, 55.5481632552641], [39.77630377604725, 55.5481632552641], [39.77630377604725, 55.53918014351419], [39.76040065482372, 55.53918014351419], [39.76040065482372, 55.53019703176428], [39.74449753360019, 55.53019703176428], [39.74449753360019, 55.52121392001437], [39.72859441237666, 55.52121392001437], [39.72859441237666, 55.51223080826446], [39.74449753360019, 55.51223080826446], [39.74449753360019, 55.50324769651455], [39.72859441237666, 55.50324769651455], [39.72859441237666, 55.47629836126482], [39.71269129115313, 55.47629836126482], [39.71269129115313, 55.46731524951491], [39.6967881699296, 55.46731524951491], [39.6967881699296, 55.449349026015085], [39.68088504870607, 55.449349026015085], [39.68088504870607, 55.458332137765], [39.664981927482536, 55.458332137765], [39.664981927482536, 55.46731524951491], [39.649078806259006, 55.46731524951491], [39.649078806259006, 55.47629836126482], [39.617272563811945, 55.47629836126482], [39.617272563811945, 55.48528147301473], [39.649078806259006, 55.48528147301473], [39.649078806259006, 55.494264584764636], [39.664981927482536, 55.494264584764636], [39.664981927482536, 55.50324769651455], [39.68088504870607, 55.50324769651455], [39.68088504870607, 55.51223080826446], [39.6967881699296, 55.51223080826446], [39.6967881699296, 55.53019703176428], [39.68088504870607, 55.53019703176428], [39.68088504870607, 55.53918014351419], [39.664981927482536, 55.53918014351419], [39.664981927482536, 55.5481632552641], [39.649078806259006, 55.5481632552641], [39.649078806259006, 55.55714636701401], [39.633175685035475, 55.55714636701401], [39.633175685035475, 55.5481632552641], [39.617272563811945, 55.5481632552641], [39.617272563811945, 55.53918014351419], [39.58546632136489, 55.53918014351419], [39.58546632136489, 55.53019703176428], [39.56956320014136, 55.53019703176428], [39.56956320014136, 55.52121392001437], [39.55366007891783, 55.52121392001437], [39.55366007891783, 55.53019703176428], [39.5377569576943, 55.53019703176428], [39.5377569576943, 55.53918014351419], [39.52185383647077, 55.53918014351419], [39.52185383647077, 55.53019703176428], [39.49004759402371, 55.53019703176428], [39.49004759402371, 55.53918014351419], [39.47414447280018, 55.53918014351419], [39.47414447280018, 55.5481632552641], [39.442338230353116, 55.5481632552641], [39.442338230353116, 55.53918014351419], [39.426435109129585, 55.53918014351419], [39.426435109129585, 55.5481632552641], [39.410531987906054, 55.5481632552641], [39.410531987906054, 55.53918014351419], [39.394628866682524, 55.53918014351419], [39.394628866682524, 55.53019703176428], [39.37872574545899, 55.53019703176428], [39.37872574545899, 55.53918014351419], [39.36282262423546, 55.53918014351419], [39.36282262423546, 55.55714636701401], [39.37872574545899, 55.55714636701401], [39.37872574545899, 55.57511259051383], [39.36282262423546, 55.57511259051383], [39.36282262423546, 55.602061925763564], [39.34691950301194, 55.602061925763564], [39.34691950301194, 55.62002814926338], [39.36282262423546, 55.62002814926338], [39.36282262423546, 55.62901126101329], [39.34691950301194, 55.62901126101329], [39.34691950301194, 55.65596059626302], [39.36282262423546, 55.65596059626302], [39.36282262423546, 55.664943708012935], [39.37872574545899, 55.664943708012935], [39.37872574545899, 55.67392681976284], [39.394628866682524, 55.67392681976284], [39.394628866682524, 55.682909931512754], [39.426435109129585, 55.682909931512754], [39.426435109129585, 55.67392681976284], [39.458241351576646, 55.67392681976284]]]]}}, {"type": "Feature", "properties": {"name": "Электрогорск", "value": 241}, "geometry": {"type": "Polygon", "coordinates": [[[38.6948915328472, 56.01528506625943], [38.6948915328472, 55.9883357310097], [38.67898841162367, 55.9883357310097], [38.67898841162367, 55.979352619259785], [38.66308529040015, 55.979352619259785], [38.66308529040015, 55.97036950750988], [38.64718216917662, 55.97036950750988], [38.64718216917662, 55.961386395759966], [38.631279047953086, 55.961386395759966], [38.631279047953086, 55.97036950750988], [38.615375926729556, 55.97036950750988], [38.615375926729556, 55.979352619259785], [38.599472805506025, 55.979352619259785], [38.599472805506025, 55.95240328401006], [38.583569684282494, 55.95240328401006], [38.583569684282494, 55.94342017226015], [38.599472805506025, 55.94342017226015], [38.599472805506025, 55.92545394876033], [38.64718216917662, 55.92545394876033], [38.64718216917662, 55.916470837010415], [38.66308529040015, 55.916470837010415], [38.66308529040015, 55.90748772526051], [38.67898841162367, 55.90748772526051], [38.67898841162367, 55.898504613510596], [38.6948915328472, 55.898504613510596], [38.6948915328472, 55.88053839001078], [38.67898841162367, 55.88053839001078], [38.67898841162367, 55.871555278260864], [38.66308529040015, 55.871555278260864], [38.66308529040015, 55.86257216651096], [38.64718216917662, 55.86257216651096], [38.64718216917662, 55.853589054761045], [38.66308529040015, 55.853589054761045], [38.66308529040015, 55.84460594301114], [38.67898841162367, 55.84460594301114], [38.67898841162367, 55.835622831261226], [38.6948915328472, 55.835622831261226], [38.6948915328472, 55.82663971951131], [38.72669777529426, 55.82663971951131], [38.72669777529426, 55.835622831261226], [38.74260089651779, 55.835622831261226], [38.74260089651779, 55.84460594301114], [38.75850401774132, 55.84460594301114], [38.75850401774132, 55.835622831261226], [38.774407138964854, 55.835622831261226], [38.774407138964854, 55.82663971951131], [38.790310260188384, 55.82663971951131], [38.790310260188384, 55.81765660776141], [38.806213381411915, 55.81765660776141], [38.806213381411915, 55.808673496011494], [38.838019623858976, 55.808673496011494], [38.838019623858976, 55.81765660776141], [38.85392274508251, 55.81765660776141], [38.85392274508251, 55.835622831261226], [38.86982586630604, 55.835622831261226], [38.86982586630604, 55.84460594301114], [38.88572898752957, 55.84460594301114], [38.88572898752957, 55.86257216651096], [38.9016321087531, 55.86257216651096], [38.9016321087531, 55.871555278260864], [38.91753522997662, 55.871555278260864], [38.91753522997662, 55.88952150176068], [38.93343835120015, 55.88952150176068], [38.93343835120015, 55.898504613510596], [38.94934147242368, 55.898504613510596], [38.94934147242368, 55.916470837010415], [38.91753522997662, 55.916470837010415], [38.91753522997662, 55.898504613510596], [38.9016321087531, 55.898504613510596], [38.9016321087531, 55.88952150176068], [38.88572898752957, 55.88952150176068], [38.88572898752957, 55.88053839001078], [38.86982586630604, 55.88053839001078], [38.86982586630604, 55.871555278260864], [38.838019623858976, 55.871555278260864], [38.838019623858976, 55.88053839001078], [38.822116502635446, 55.88053839001078], [38.822116502635446, 55.88952150176068], [38.806213381411915, 55.88952150176068], [38.806213381411915, 55.898504613510596], [38.790310260188384, 55.898504613510596], [38.790310260188384, 55.90748772526051], [38.774407138964854, 55.90748772526051], [38.774407138964854, 55.916470837010415], [38.790310260188384, 55.916470837010415], [38.790310260188384, 55.92545394876033], [38.806213381411915, 55.92545394876033], [38.806213381411915, 55.934437060510234], [38.822116502635446, 55.934437060510234], [38.822116502635446, 55.94342017226015], [38.85392274508251, 55.94342017226015], [38.85392274508251, 55.95240328401006], [38.88572898752957, 55.95240328401006], [38.88572898752957, 55.961386395759966], [38.9016321087531, 55.961386395759966], [38.9016321087531, 55.97036950750988], [38.91753522997662, 55.97036950750988], [38.91753522997662, 55.979352619259785], [38.93343835120015, 55.979352619259785], [38.93343835120015, 55.97036950750988], [38.94934147242368, 55.97036950750988], [38.94934147242368, 55.961386395759966], [38.981147714870744, 55.961386395759966], [38.981147714870744, 55.99731884275961], [38.94934147242368, 55.99731884275961], [38.94934147242368, 56.00630195450952], [38.91753522997662, 56.00630195450952], [38.91753522997662, 56.01528506625943], [38.9016321087531, 56.01528506625943], [38.9016321087531, 56.00630195450952], [38.88572898752957, 56.00630195450952], [38.88572898752957, 55.99731884275961], [38.86982586630604, 55.99731884275961], [38.86982586630604, 56.00630195450952], [38.806213381411915, 56.00630195450952], [38.806213381411915, 55.99731884275961], [38.790310260188384, 55.99731884275961], [38.790310260188384, 55.9883357310097], [38.774407138964854, 55.9883357310097], [38.774407138964854, 55.979352619259785], [38.75850401774132, 55.979352619259785], [38.75850401774132, 55.9883357310097], [38.74260089651779, 55.9883357310097], [38.74260089651779, 55.99731884275961], [38.72669777529426, 55.99731884275961], [38.72669777529426, 56.00630195450952], [38.71079465407073, 56.00630195450952], [38.71079465407073, 56.01528506625943], [38.6948915328472, 56.01528506625943]]]}}, {"type": "Feature", "properties": {"name": "Ликино-Дулёво", "value": 231}, "geometry": {"type": "MultiPolygon", "coordinates": [[[[39.14017892710604, 55.70087615501257], [39.15608204832957, 55.70087615501257], [39.15608204832957, 55.682909931512754], [39.12427580588252, 55.682909931512754], [39.12427580588252, 55.69189304326266], [39.10837268465899, 55.69189304326266], [39.10837268465899, 55.682909931512754], [39.09246956343546, 55.682909931512754], [39.09246956343546, 55.67392681976284], [39.07656644221193, 55.67392681976284], [39.07656644221193, 55.664943708012935], [39.0606633209884, 55.664943708012935], [39.0606633209884, 55.65596059626302], [39.07656644221193, 55.65596059626302], [39.07656644221193, 55.64697748451311], [39.09246956343546, 55.64697748451311], [39.09246956343546, 55.62901126101329], [39.07656644221193, 55.62901126101329], [39.07656644221193, 55.6379943727632], [39.0606633209884, 55.6379943727632], [39.0606633209884, 55.64697748451311], [39.044760199764866, 55.64697748451311], [39.044760199764866, 55.6379943727632], [39.012953957317805, 55.6379943727632], [39.012953957317805, 55.64697748451311], [38.997050836094274, 55.64697748451311], [38.997050836094274, 55.65596059626302], [38.94934147242368, 55.65596059626302], [38.94934147242368, 55.64697748451311], [38.93343835120015, 55.64697748451311], [38.93343835120015, 55.6379943727632], [38.91753522997662, 55.6379943727632], [38.91753522997662, 55.64697748451311], [38.9016321087531, 55.64697748451311], [38.9016321087531, 55.6379943727632], [38.88572898752957, 55.6379943727632], [38.88572898752957, 55.64697748451311], [38.86982586630604, 55.64697748451311], [38.86982586630604, 55.65596059626302], [38.85392274508251, 55.65596059626302], [38.85392274508251, 55.64697748451311], [38.806213381411915, 55.64697748451311], [38.806213381411915, 55.65596059626302], [38.822116502635446, 55.65596059626302], [38.822116502635446, 55.67392681976284], [38.838019623858976, 55.67392681976284], [38.838019623858976, 55.682909931512754], [38.85392274508251, 55.682909931512754], [38.85392274508251, 55.69189304326266], [38.86982586630604, 55.69189304326266], [38.86982586630604, 55.682909931512754], [38.88572898752957, 55.682909931512754], [38.88572898752957, 55.69189304326266], [38.9016321087531, 55.69189304326266], [38.9016321087531, 55.70087615501257], [38.91753522997662, 55.70087615501257], [38.91753522997662, 55.709859266762486], [38.93343835120015, 55.709859266762486], [38.93343835120015, 55.71884237851239], [38.91753522997662, 55.71884237851239], [38.91753522997662, 55.727825490262305], [38.9016321087531, 55.727825490262305], [38.9016321087531, 55.73680860201221], [38.91753522997662, 55.73680860201221], [38.91753522997662, 55.75477482551204], [38.93343835120015, 55.75477482551204], [38.93343835120015, 55.76375793726194], [38.96524459364721, 55.76375793726194], [38.96524459364721, 55.75477482551204], [38.981147714870744, 55.75477482551204], [38.981147714870744, 55.745791713762124], [39.028857078541336, 55.745791713762124], [39.028857078541336, 55.73680860201221], [39.044760199764866, 55.73680860201221], [39.044760199764866, 55.727825490262305], [39.0606633209884, 55.727825490262305], [39.0606633209884, 55.71884237851239], [39.07656644221193, 55.71884237851239], [39.07656644221193, 55.709859266762486], [39.12427580588252, 55.709859266762486], [39.12427580588252, 55.71884237851239], [39.14017892710604, 55.71884237851239], [39.14017892710604, 55.70087615501257]]], [[[39.14017892710604, 55.727825490262305], [39.15608204832957, 55.727825490262305], [39.15608204832957, 55.71884237851239], [39.14017892710604, 55.71884237851239], [39.14017892710604, 55.727825490262305]]]]}}, {"type": "Feature", "properties": {"name": "Луховицы", "value": 224}, "geometry": {"type": "Polygon", "coordinates": [[[39.09246956343546, 55.09002455601868], [39.09246956343546, 55.08104144426877], [39.07656644221193, 55.08104144426877], [39.07656644221193, 55.072058332518864], [39.0606633209884, 55.072058332518864], [39.0606633209884, 55.06307522076895], [39.044760199764866, 55.06307522076895], [39.044760199764866, 55.072058332518864], [39.028857078541336, 55.072058332518864], [39.028857078541336, 55.08104144426877], [39.012953957317805, 55.08104144426877], [39.012953957317805, 55.072058332518864], [38.997050836094274, 55.072058332518864], [38.997050836094274, 55.08104144426877], [38.96524459364721, 55.08104144426877], [38.96524459364721, 55.06307522076895], [38.94934147242368, 55.06307522076895], [38.94934147242368, 55.05409210901904], [38.93343835120015, 55.05409210901904], [38.93343835120015, 55.04510899726913], [38.91753522997662, 55.04510899726913], [38.91753522997662, 55.03612588551922], [38.9016321087531, 55.03612588551922], [38.9016321087531, 55.0181596620194], [38.93343835120015, 55.0181596620194], [38.93343835120015, 55.03612588551922], [38.94934147242368, 55.03612588551922], [38.94934147242368, 55.04510899726913], [38.96524459364721, 55.04510899726913], [38.96524459364721, 55.05409210901904], [38.981147714870744, 55.05409210901904], [38.981147714870744, 55.06307522076895], [38.997050836094274, 55.06307522076895], [38.997050836094274, 55.05409210901904], [39.012953957317805, 55.05409210901904], [39.012953957317805, 55.04510899726913], [39.028857078541336, 55.04510899726913], [39.028857078541336, 55.03612588551922], [39.044760199764866, 55.03612588551922], [39.044760199764866, 55.02714277376931], [39.0606633209884, 55.02714277376931], [39.0606633209884, 55.0181596620194], [39.044760199764866, 55.0181596620194], [39.044760199764866, 55.00917655026949], [39.028857078541336, 55.00917655026949], [39.028857078541336, 55.00019343851958], [39.012953957317805, 55.00019343851958], [39.012953957317805, 54.99121032676967], [38.997050836094274, 54.99121032676967], [38.997050836094274, 54.98222721501976], [38.981147714870744, 54.98222721501976], [38.981147714870744, 54.97324410326985], [38.96524459364721, 54.97324410326985], [38.96524459364721, 54.964260991519936], [38.94934147242368, 54.964260991519936], [38.94934147242368, 54.97324410326985], [38.93343835120015, 54.97324410326985], [38.93343835120015, 54.964260991519936], [38.91753522997662, 54.964260991519936], [38.91753522997662, 54.95527787977003], [38.85392274508251, 54.95527787977003], [38.85392274508251, 54.94629476802012], [38.838019623858976, 54.94629476802012], [38.838019623858976, 54.9283285445203], [38.822116502635446, 54.9283285445203], [38.822116502635446, 54.919345432770385], [38.838019623858976, 54.919345432770385], [38.838019623858976, 54.91036232102048], [38.85392274508251, 54.91036232102048], [38.85392274508251, 54.901379209270566], [38.838019623858976, 54.901379209270566], [38.838019623858976, 54.89239609752066], [38.822116502635446, 54.89239609752066], [38.822116502635446, 54.88341298577075], [38.85392274508251, 54.88341298577075], [38.85392274508251, 54.89239609752066], [38.86982586630604, 54.89239609752066], [38.86982586630604, 54.901379209270566], [38.88572898752957, 54.901379209270566], [38.88572898752957, 54.89239609752066], [38.9016321087531, 54.89239609752066], [38.9016321087531, 54.88341298577075], [38.91753522997662, 54.88341298577075], [38.91753522997662, 54.87442987402084], [38.93343835120015, 54.87442987402084], [38.93343835120015, 54.86544676227093], [38.981147714870744, 54.86544676227093], [38.981147714870744, 54.856463650521015], [38.997050836094274, 54.856463650521015], [38.997050836094274, 54.84748053877111], [39.012953957317805, 54.84748053877111], [39.012953957317805, 54.856463650521015], [39.028857078541336, 54.856463650521015], [39.028857078541336, 54.86544676227093], [39.0606633209884, 54.86544676227093], [39.0606633209884, 54.856463650521015], [39.07656644221193, 54.856463650521015], [39.07656644221193, 54.84748053877111], [39.09246956343546, 54.84748053877111], [39.09246956343546, 54.856463650521015], [39.10837268465899, 54.856463650521015], [39.10837268465899, 54.84748053877111], [39.187888290776634, 54.84748053877111], [39.187888290776634, 54.856463650521015], [39.203791412000164, 54.856463650521015], [39.203791412000164, 54.84748053877111], [39.235597654447226, 54.84748053877111], [39.235597654447226, 54.86544676227093], [39.219694533223695, 54.86544676227093], [39.219694533223695, 54.87442987402084], [39.203791412000164, 54.87442987402084], [39.203791412000164, 54.88341298577075], [39.187888290776634, 54.88341298577075], [39.187888290776634, 54.89239609752066], [39.203791412000164, 54.89239609752066], [39.203791412000164, 54.901379209270566], [39.219694533223695, 54.901379209270566], [39.219694533223695, 54.91036232102048], [39.235597654447226, 54.91036232102048], [39.235597654447226, 54.919345432770385], [39.219694533223695, 54.919345432770385], [39.219694533223695, 54.9283285445203], [39.203791412000164, 54.9283285445203], [39.203791412000164, 54.94629476802012], [39.219694533223695, 54.94629476802012], [39.219694533223695, 54.964260991519936], [39.203791412000164, 54.964260991519936], [39.203791412000164, 54.98222721501976], [39.187888290776634, 54.98222721501976], [39.187888290776634, 54.99121032676967], [39.1719851695531, 54.99121032676967], [39.1719851695531, 55.00019343851958], [39.187888290776634, 55.00019343851958], [39.187888290776634, 55.00917655026949], [39.203791412000164, 55.00917655026949], [39.203791412000164, 55.0181596620194], [39.219694533223695, 55.0181596620194], [39.219694533223695, 55.02714277376931], [39.235597654447226, 55.02714277376931], [39.235597654447226, 55.03612588551922], [39.187888290776634, 55.03612588551922], [39.187888290776634, 55.04510899726913], [39.1719851695531, 55.04510899726913], [39.1719851695531, 55.05409210901904], [39.15608204832957, 55.05409210901904], [39.15608204832957, 55.06307522076895], [39.14017892710604, 55.06307522076895], [39.14017892710604, 55.072058332518864], [39.12427580588252, 55.072058332518864], [39.12427580588252, 55.08104144426877], [39.10837268465899, 55.08104144426877], [39.10837268465899, 55.09002455601868], [39.09246956343546, 55.09002455601868]]]}}, {"type": "Feature", "properties": {"name": "Руза", "value": 282}, "geometry": {"type": "Polygon", "coordinates": [[[36.007264046070624, 55.82663971951131], [36.007264046070624, 55.81765660776141], [35.99136092484709, 55.81765660776141], [35.99136092484709, 55.79969038426159], [36.007264046070624, 55.79969038426159], [36.007264046070624, 55.790707272511675], [36.023167167294154, 55.790707272511675], [36.023167167294154, 55.78172416076176], [36.007264046070624, 55.78172416076176], [36.007264046070624, 55.76375793726194], [36.023167167294154, 55.76375793726194], [36.023167167294154, 55.75477482551204], [36.039070288517685, 55.75477482551204], [36.039070288517685, 55.727825490262305], [36.054973409741216, 55.727825490262305], [36.054973409741216, 55.71884237851239], [36.070876530964746, 55.71884237851239], [36.070876530964746, 55.709859266762486], [36.054973409741216, 55.709859266762486], [36.054973409741216, 55.70087615501257], [36.039070288517685, 55.70087615501257], [36.039070288517685, 55.682909931512754], [36.023167167294154, 55.682909931512754], [36.023167167294154, 55.65596059626302], [36.007264046070624, 55.65596059626302], [36.007264046070624, 55.64697748451311], [35.99136092484709, 55.64697748451311], [35.99136092484709, 55.62901126101329], [36.023167167294154, 55.62901126101329], [36.023167167294154, 55.62002814926338], [36.054973409741216, 55.62002814926338], [36.054973409741216, 55.61104503751347], [36.08677965218828, 55.61104503751347], [36.08677965218828, 55.62002814926338], [36.10268277341181, 55.62002814926338], [36.10268277341181, 55.62901126101329], [36.11858589463534, 55.62901126101329], [36.11858589463534, 55.6379943727632], [36.13448901585887, 55.6379943727632], [36.13448901585887, 55.62901126101329], [36.1503921370824, 55.62901126101329], [36.1503921370824, 55.62002814926338], [36.16629525830593, 55.62002814926338], [36.16629525830593, 55.61104503751347], [36.18219837952945, 55.61104503751347], [36.18219837952945, 55.602061925763564], [36.16629525830593, 55.602061925763564], [36.16629525830593, 55.58409570226374], [36.19810150075298, 55.58409570226374], [36.19810150075298, 55.59307881401365], [36.214004621976514, 55.59307881401365], [36.214004621976514, 55.602061925763564], [36.229907743200044, 55.602061925763564], [36.229907743200044, 55.59307881401365], [36.245810864423575, 55.59307881401365], [36.245810864423575, 55.602061925763564], [36.261713985647106, 55.602061925763564], [36.261713985647106, 55.59307881401365], [36.277617106870636, 55.59307881401365], [36.277617106870636, 55.58409570226374], [36.29352022809417, 55.58409570226374], [36.29352022809417, 55.57511259051383], [36.34122959176476, 55.57511259051383], [36.34122959176476, 55.58409570226374], [36.35713271298829, 55.58409570226374], [36.35713271298829, 55.57511259051383], [36.38893895543535, 55.57511259051383], [36.38893895543535, 55.602061925763564], [36.37303583421182, 55.602061925763564], [36.37303583421182, 55.61104503751347], [36.38893895543535, 55.61104503751347], [36.38893895543535, 55.6379943727632], [36.37303583421182, 55.6379943727632], [36.37303583421182, 55.64697748451311], [36.35713271298829, 55.64697748451311], [36.35713271298829, 55.65596059626302], [36.34122959176476, 55.65596059626302], [36.34122959176476, 55.664943708012935], [36.32532647054123, 55.664943708012935], [36.32532647054123, 55.67392681976284], [36.3094233493177, 55.67392681976284], [36.3094233493177, 55.682909931512754], [36.32532647054123, 55.682909931512754], [36.32532647054123, 55.69189304326266], [36.34122959176476, 55.69189304326266], [36.34122959176476, 55.70087615501257], [36.35713271298829, 55.70087615501257], [36.35713271298829, 55.709859266762486], [36.37303583421182, 55.709859266762486], [36.37303583421182, 55.727825490262305], [36.38893895543535, 55.727825490262305], [36.38893895543535, 55.73680860201221], [36.37303583421182, 55.73680860201221], [36.37303583421182, 55.75477482551204], [36.38893895543535, 55.75477482551204], [36.38893895543535, 55.76375793726194], [36.40484207665887, 55.76375793726194], [36.40484207665887, 55.79969038426159], [36.38893895543535, 55.79969038426159], [36.38893895543535, 55.808673496011494], [36.37303583421182, 55.808673496011494], [36.37303583421182, 55.82663971951131], [36.34122959176476, 55.82663971951131], [36.34122959176476, 55.81765660776141], [36.3094233493177, 55.81765660776141], [36.3094233493177, 55.82663971951131], [36.29352022809417, 55.82663971951131], [36.29352022809417, 55.81765660776141], [36.277617106870636, 55.81765660776141], [36.277617106870636, 55.808673496011494], [36.261713985647106, 55.808673496011494], [36.261713985647106, 55.79969038426159], [36.229907743200044, 55.79969038426159], [36.229907743200044, 55.790707272511675], [36.214004621976514, 55.790707272511675], [36.214004621976514, 55.79969038426159], [36.19810150075298, 55.79969038426159], [36.19810150075298, 55.808673496011494], [36.18219837952945, 55.808673496011494], [36.18219837952945, 55.81765660776141], [36.1503921370824, 55.81765660776141], [36.1503921370824, 55.82663971951131], [36.11858589463534, 55.82663971951131], [36.11858589463534, 55.81765660776141], [36.10268277341181, 55.81765660776141], [36.10268277341181, 55.82663971951131], [36.08677965218828, 55.82663971951131], [36.08677965218828, 55.81765660776141], [36.070876530964746, 55.81765660776141], [36.070876530964746, 55.82663971951131], [36.039070288517685, 55.82663971951131], [36.039070288517685, 55.81765660776141], [36.023167167294154, 55.81765660776141], [36.023167167294154, 55.82663971951131], [36.007264046070624, 55.82663971951131]]]}}, {"type": "Feature", "properties": {"name": "Талдом", "value": 276}, "geometry": {"type": "MultiPolygon", "coordinates": [[[[37.72480113821187, 56.63511977700323], [37.70889801698834, 56.63511977700323], [37.70889801698834, 56.64410288875314], [37.72480113821187, 56.64410288875314], [37.72480113821187, 56.63511977700323]]], [[[37.39083559251774, 56.850714459001075], [37.40673871374127, 56.850714459001075], [37.40673871374127, 56.84173134725116], [37.4226418349648, 56.84173134725116], [37.4226418349648, 56.850714459001075], [37.47035119863539, 56.850714459001075], [37.47035119863539, 56.85969757075098], [37.48625431985892, 56.85969757075098], [37.48625431985892, 56.850714459001075], [37.50215744108245, 56.850714459001075], [37.50215744108245, 56.84173134725116], [37.47035119863539, 56.84173134725116], [37.47035119863539, 56.832748235501256], [37.45444807741186, 56.832748235501256], [37.45444807741186, 56.82376512375134], [37.43854495618833, 56.82376512375134], [37.43854495618833, 56.81478201200144], [37.4226418349648, 56.81478201200144], [37.4226418349648, 56.805798900251524], [37.43854495618833, 56.805798900251524], [37.43854495618833, 56.79681578850161], [37.45444807741186, 56.79681578850161], [37.45444807741186, 56.787832676751705], [37.47035119863539, 56.787832676751705], [37.47035119863539, 56.77884956500179], [37.48625431985892, 56.77884956500179], [37.48625431985892, 56.769866453251886], [37.50215744108245, 56.769866453251886], [37.50215744108245, 56.76088334150197], [37.51806056230598, 56.76088334150197], [37.51806056230598, 56.769866453251886], [37.533963683529514, 56.769866453251886], [37.533963683529514, 56.77884956500179], [37.54986680475304, 56.77884956500179], [37.54986680475304, 56.787832676751705], [37.56576992597657, 56.787832676751705], [37.56576992597657, 56.76088334150197], [37.5816730472001, 56.76088334150197], [37.5816730472001, 56.75190022975206], [37.59757616842363, 56.75190022975206], [37.59757616842363, 56.742917118002154], [37.61347928964716, 56.742917118002154], [37.61347928964716, 56.73393400625224], [37.62938241087069, 56.73393400625224], [37.62938241087069, 56.742917118002154], [37.64528553209422, 56.742917118002154], [37.64528553209422, 56.75190022975206], [37.66118865331775, 56.75190022975206], [37.66118865331775, 56.76088334150197], [37.67709177454128, 56.76088334150197], [37.67709177454128, 56.769866453251886], [37.70889801698834, 56.769866453251886], [37.70889801698834, 56.75190022975206], [37.72480113821187, 56.75190022975206], [37.72480113821187, 56.73393400625224], [37.70889801698834, 56.73393400625224], [37.70889801698834, 56.724950894502335], [37.72480113821187, 56.724950894502335], [37.72480113821187, 56.70698467100251], [37.69299489576481, 56.70698467100251], [37.69299489576481, 56.6980015592526], [37.66118865331775, 56.6980015592526], [37.66118865331775, 56.70698467100251], [37.64528553209422, 56.70698467100251], [37.64528553209422, 56.6980015592526], [37.62938241087069, 56.6980015592526], [37.62938241087069, 56.68901844750269], [37.61347928964716, 56.68901844750269], [37.61347928964716, 56.680035335752784], [37.59757616842363, 56.680035335752784], [37.59757616842363, 56.67105222400287], [37.61347928964716, 56.67105222400287], [37.61347928964716, 56.66206911225296], [37.62938241087069, 56.66206911225296], [37.62938241087069, 56.65308600050305], [37.61347928964716, 56.65308600050305], [37.61347928964716, 56.64410288875314], [37.59757616842363, 56.64410288875314], [37.59757616842363, 56.63511977700323], [37.61347928964716, 56.63511977700323], [37.61347928964716, 56.62613666525332], [37.62938241087069, 56.62613666525332], [37.62938241087069, 56.61715355350341], [37.64528553209422, 56.61715355350341], [37.64528553209422, 56.6081704417535], [37.61347928964716, 56.6081704417535], [37.61347928964716, 56.61715355350341], [37.59757616842363, 56.61715355350341], [37.59757616842363, 56.6081704417535], [37.56576992597657, 56.6081704417535], [37.56576992597657, 56.61715355350341], [37.533963683529514, 56.61715355350341], [37.533963683529514, 56.6081704417535], [37.51806056230598, 56.6081704417535], [37.51806056230598, 56.59918733000359], [37.50215744108245, 56.59918733000359], [37.50215744108245, 56.6081704417535], [37.47035119863539, 56.6081704417535], [37.47035119863539, 56.63511977700323], [37.45444807741186, 56.63511977700323], [37.45444807741186, 56.64410288875314], [37.43854495618833, 56.64410288875314], [37.43854495618833, 56.65308600050305], [37.4226418349648, 56.65308600050305], [37.4226418349648, 56.66206911225296], [37.40673871374127, 56.66206911225296], [37.40673871374127, 56.67105222400287], [37.39083559251774, 56.67105222400287], [37.39083559251774, 56.680035335752784], [37.37493247129421, 56.680035335752784], [37.37493247129421, 56.68901844750269], [37.34312622884715, 56.68901844750269], [37.34312622884715, 56.71596778275242], [37.35902935007068, 56.71596778275242], [37.35902935007068, 56.724950894502335], [37.37493247129421, 56.724950894502335], [37.37493247129421, 56.73393400625224], [37.39083559251774, 56.73393400625224], [37.39083559251774, 56.742917118002154], [37.40673871374127, 56.742917118002154], [37.40673871374127, 56.76088334150197], [37.39083559251774, 56.76088334150197], [37.39083559251774, 56.787832676751705], [37.37493247129421, 56.787832676751705], [37.37493247129421, 56.79681578850161], [37.35902935007068, 56.79681578850161], [37.35902935007068, 56.805798900251524], [37.34312622884715, 56.805798900251524], [37.34312622884715, 56.82376512375134], [37.35902935007068, 56.82376512375134], [37.35902935007068, 56.832748235501256], [37.34312622884715, 56.832748235501256], [37.34312622884715, 56.84173134725116], [37.35902935007068, 56.84173134725116], [37.35902935007068, 56.85969757075098], [37.39083559251774, 56.85969757075098], [37.39083559251774, 56.850714459001075]]], [[[37.54986680475304, 56.84173134725116], [37.5816730472001, 56.84173134725116], [37.5816730472001, 56.832748235501256], [37.59757616842363, 56.832748235501256], [37.59757616842363, 56.84173134725116], [37.61347928964716, 56.84173134725116], [37.61347928964716, 56.850714459001075], [37.62938241087069, 56.850714459001075], [37.62938241087069, 56.85969757075098], [37.64528553209422, 56.85969757075098], [37.64528553209422, 56.850714459001075], [37.67709177454128, 56.850714459001075], [37.67709177454128, 56.84173134725116], [37.69299489576481, 56.84173134725116], [37.69299489576481, 56.832748235501256], [37.70889801698834, 56.832748235501256], [37.70889801698834, 56.82376512375134], [37.72480113821187, 56.82376512375134], [37.72480113821187, 56.81478201200144], [37.70889801698834, 56.81478201200144], [37.70889801698834, 56.805798900251524], [37.67709177454128, 56.805798900251524], [37.67709177454128, 56.81478201200144], [37.66118865331775, 56.81478201200144], [37.66118865331775, 56.82376512375134], [37.64528553209422, 56.82376512375134], [37.64528553209422, 56.81478201200144], [37.62938241087069, 56.81478201200144], [37.62938241087069, 56.82376512375134], [37.59757616842363, 56.82376512375134], [37.59757616842363, 56.81478201200144], [37.5816730472001, 56.81478201200144], [37.5816730472001, 56.805798900251524], [37.56576992597657, 56.805798900251524], [37.56576992597657, 56.79681578850161], [37.54986680475304, 56.79681578850161], [37.54986680475304, 56.81478201200144], [37.533963683529514, 56.81478201200144], [37.533963683529514, 56.82376512375134], [37.51806056230598, 56.82376512375134], [37.51806056230598, 56.832748235501256], [37.54986680475304, 56.832748235501256], [37.54986680475304, 56.84173134725116]]], [[[37.50215744108245, 56.84173134725116], [37.51806056230598, 56.84173134725116], [37.51806056230598, 56.832748235501256], [37.50215744108245, 56.832748235501256], [37.50215744108245, 56.84173134725116]]]]}}, {"type": "Feature", "properties": {"name": "Пущино", "value": 268}, "geometry": {"type": "Polygon", "coordinates": [[[37.78841362310599, 54.964260991519936], [37.78841362310599, 54.94629476802012], [37.77251050188246, 54.94629476802012], [37.77251050188246, 54.93731165627021], [37.756607380658934, 54.93731165627021], [37.756607380658934, 54.9283285445203], [37.740704259435404, 54.9283285445203], [37.740704259435404, 54.919345432770385], [37.72480113821187, 54.919345432770385], [37.72480113821187, 54.9283285445203], [37.70889801698834, 54.9283285445203], [37.70889801698834, 54.93731165627021], [37.69299489576481, 54.93731165627021], [37.69299489576481, 54.919345432770385], [37.67709177454128, 54.919345432770385], [37.67709177454128, 54.91036232102048], [37.66118865331775, 54.91036232102048], [37.66118865331775, 54.901379209270566], [37.64528553209422, 54.901379209270566], [37.64528553209422, 54.89239609752066], [37.66118865331775, 54.89239609752066], [37.66118865331775, 54.87442987402084], [37.64528553209422, 54.87442987402084], [37.64528553209422, 54.86544676227093], [37.62938241087069, 54.86544676227093], [37.62938241087069, 54.856463650521015], [37.61347928964716, 54.856463650521015], [37.61347928964716, 54.84748053877111], [37.59757616842363, 54.84748053877111], [37.59757616842363, 54.856463650521015], [37.5816730472001, 54.856463650521015], [37.5816730472001, 54.86544676227093], [37.56576992597657, 54.86544676227093], [37.56576992597657, 54.87442987402084], [37.54986680475304, 54.87442987402084], [37.54986680475304, 54.89239609752066], [37.56576992597657, 54.89239609752066], [37.56576992597657, 54.901379209270566], [37.5816730472001, 54.901379209270566], [37.5816730472001, 54.919345432770385], [37.56576992597657, 54.919345432770385], [37.56576992597657, 54.91036232102048], [37.54986680475304, 54.91036232102048], [37.54986680475304, 54.901379209270566], [37.533963683529514, 54.901379209270566], [37.533963683529514, 54.89239609752066], [37.51806056230598, 54.89239609752066], [37.51806056230598, 54.88341298577075], [37.50215744108245, 54.88341298577075], [37.50215744108245, 54.86544676227093], [37.48625431985892, 54.86544676227093], [37.48625431985892, 54.856463650521015], [37.47035119863539, 54.856463650521015], [37.47035119863539, 54.838497427021196], [37.45444807741186, 54.838497427021196], [37.45444807741186, 54.82951431527129], [37.43854495618833, 54.82951431527129], [37.43854495618833, 54.81154809177146], [37.4226418349648, 54.81154809177146], [37.4226418349648, 54.80256498002156], [37.40673871374127, 54.80256498002156], [37.40673871374127, 54.793581868271644], [37.39083559251774, 54.793581868271644], [37.39083559251774, 54.78459875652174], [37.37493247129421, 54.78459875652174], [37.37493247129421, 54.775615644771825], [37.39083559251774, 54.775615644771825], [37.39083559251774, 54.76663253302191], [37.40673871374127, 54.76663253302191], [37.40673871374127, 54.757649421272006], [37.4226418349648, 54.757649421272006], [37.4226418349648, 54.73968319777219], [37.40673871374127, 54.73968319777219], [37.40673871374127, 54.712733862522455], [37.43854495618833, 54.712733862522455], [37.43854495618833, 54.70375075077254], [37.45444807741186, 54.70375075077254], [37.45444807741186, 54.712733862522455], [37.48625431985892, 54.712733862522455], [37.48625431985892, 54.70375075077254], [37.50215744108245, 54.70375075077254], [37.50215744108245, 54.712733862522455], [37.51806056230598, 54.712733862522455], [37.51806056230598, 54.70375075077254], [37.533963683529514, 54.70375075077254], [37.533963683529514, 54.712733862522455], [37.54986680475304, 54.712733862522455], [37.54986680475304, 54.72171697427236], [37.59757616842363, 54.72171697427236], [37.59757616842363, 54.712733862522455], [37.67709177454128, 54.712733862522455], [37.67709177454128, 54.72171697427236], [37.69299489576481, 54.72171697427236], [37.69299489576481, 54.712733862522455], [37.70889801698834, 54.712733862522455], [37.70889801698834, 54.70375075077254], [37.72480113821187, 54.70375075077254], [37.72480113821187, 54.712733862522455], [37.740704259435404, 54.712733862522455], [37.740704259435404, 54.72171697427236], [37.756607380658934, 54.72171697427236], [37.756607380658934, 54.712733862522455], [37.77251050188246, 54.712733862522455], [37.77251050188246, 54.72171697427236], [37.78841362310599, 54.72171697427236], [37.78841362310599, 54.730700086022274], [37.80431674432952, 54.730700086022274], [37.80431674432952, 54.757649421272006], [37.82021986555305, 54.757649421272006], [37.82021986555305, 54.76663253302191], [37.80431674432952, 54.76663253302191], [37.80431674432952, 54.775615644771825], [37.78841362310599, 54.775615644771825], [37.78841362310599, 54.78459875652174], [37.77251050188246, 54.78459875652174], [37.77251050188246, 54.80256498002156], [37.78841362310599, 54.80256498002156], [37.78841362310599, 54.82053120352138], [37.77251050188246, 54.82053120352138], [37.77251050188246, 54.82951431527129], [37.756607380658934, 54.82951431527129], [37.756607380658934, 54.838497427021196], [37.740704259435404, 54.838497427021196], [37.740704259435404, 54.84748053877111], [37.756607380658934, 54.84748053877111], [37.756607380658934, 54.856463650521015], [37.77251050188246, 54.856463650521015], [37.77251050188246, 54.86544676227093], [37.78841362310599, 54.86544676227093], [37.78841362310599, 54.87442987402084], [37.80431674432952, 54.87442987402084], [37.80431674432952, 54.88341298577075], [37.82021986555305, 54.88341298577075], [37.82021986555305, 54.89239609752066], [37.80431674432952, 54.89239609752066], [37.80431674432952, 54.901379209270566], [37.78841362310599, 54.901379209270566], [37.78841362310599, 54.91036232102048], [37.77251050188246, 54.91036232102048], [37.77251050188246, 54.919345432770385], [37.78841362310599, 54.919345432770385], [37.78841362310599, 54.9283285445203], [37.80431674432952, 54.9283285445203], [37.80431674432952, 54.94629476802012], [37.82021986555305, 54.94629476802012], [37.82021986555305, 54.964260991519936], [37.78841362310599, 54.964260991519936]]]}}, {"type": "Feature", "properties": {"name": "Черноголовка", "value": 267}, "geometry": {"type": "Polygon", "coordinates": [[[38.408635350823666, 56.150031742508084], [38.408635350823666, 56.14104863075817], [38.392732229600135, 56.14104863075817], [38.392732229600135, 56.13206551900826], [38.376829108376604, 56.13206551900826], [38.376829108376604, 56.12308240725835], [38.32911974470601, 56.12308240725835], [38.32911974470601, 56.10511618375853], [38.31321662348248, 56.10511618375853], [38.31321662348248, 56.09613307200862], [38.29731350225895, 56.09613307200862], [38.29731350225895, 56.087149960258714], [38.28141038103542, 56.087149960258714], [38.28141038103542, 56.0781668485088], [38.26550725981189, 56.0781668485088], [38.26550725981189, 56.06918373675889], [38.24960413858836, 56.06918373675889], [38.24960413858836, 56.06020062500898], [38.23370101736483, 56.06020062500898], [38.23370101736483, 56.04223440150916], [38.217797896141306, 56.04223440150916], [38.217797896141306, 56.03325128975925], [38.201894774917776, 56.03325128975925], [38.201894774917776, 56.00630195450952], [38.217797896141306, 56.00630195450952], [38.217797896141306, 55.97036950750988], [38.23370101736483, 55.97036950750988], [38.23370101736483, 55.95240328401006], [38.24960413858836, 55.95240328401006], [38.24960413858836, 55.94342017226015], [38.26550725981189, 55.94342017226015], [38.26550725981189, 55.934437060510234], [38.28141038103542, 55.934437060510234], [38.28141038103542, 55.92545394876033], [38.32911974470601, 55.92545394876033], [38.32911974470601, 55.934437060510234], [38.360925987153074, 55.934437060510234], [38.360925987153074, 55.92545394876033], [38.44044159327073, 55.92545394876033], [38.44044159327073, 55.94342017226015], [38.424538472047196, 55.94342017226015], [38.424538472047196, 55.95240328401006], [38.408635350823666, 55.95240328401006], [38.408635350823666, 55.961386395759966], [38.392732229600135, 55.961386395759966], [38.392732229600135, 55.97036950750988], [38.376829108376604, 55.97036950750988], [38.376829108376604, 55.979352619259785], [38.392732229600135, 55.979352619259785], [38.392732229600135, 55.9883357310097], [38.408635350823666, 55.9883357310097], [38.408635350823666, 55.99731884275961], [38.424538472047196, 55.99731884275961], [38.424538472047196, 56.00630195450952], [38.44044159327073, 56.00630195450952], [38.44044159327073, 56.01528506625943], [38.45634471449425, 56.01528506625943], [38.45634471449425, 56.024268178009336], [38.47224783571778, 56.024268178009336], [38.47224783571778, 56.03325128975925], [38.48815095694131, 56.03325128975925], [38.48815095694131, 56.024268178009336], [38.50405407816484, 56.024268178009336], [38.50405407816484, 56.01528506625943], [38.51995719938837, 56.01528506625943], [38.51995719938837, 56.00630195450952], [38.5358603206119, 56.00630195450952], [38.5358603206119, 55.99731884275961], [38.51995719938837, 55.99731884275961], [38.51995719938837, 55.9883357310097], [38.50405407816484, 55.9883357310097], [38.50405407816484, 55.979352619259785], [38.51995719938837, 55.979352619259785], [38.51995719938837, 55.97036950750988], [38.5358603206119, 55.97036950750988], [38.5358603206119, 55.961386395759966], [38.55176344183543, 55.961386395759966], [38.55176344183543, 55.94342017226015], [38.567666563058964, 55.94342017226015], [38.567666563058964, 55.95240328401006], [38.583569684282494, 55.95240328401006], [38.583569684282494, 55.94342017226015], [38.599472805506025, 55.94342017226015], [38.599472805506025, 55.97036950750988], [38.615375926729556, 55.97036950750988], [38.615375926729556, 55.979352619259785], [38.631279047953086, 55.979352619259785], [38.631279047953086, 55.9883357310097], [38.64718216917662, 55.9883357310097], [38.64718216917662, 56.00630195450952], [38.599472805506025, 56.00630195450952], [38.599472805506025, 56.01528506625943], [38.583569684282494, 56.01528506625943], [38.583569684282494, 56.024268178009336], [38.567666563058964, 56.024268178009336], [38.567666563058964, 56.03325128975925], [38.55176344183543, 56.03325128975925], [38.55176344183543, 56.04223440150916], [38.567666563058964, 56.04223440150916], [38.567666563058964, 56.05121751325907], [38.583569684282494, 56.05121751325907], [38.583569684282494, 56.06020062500898], [38.567666563058964, 56.06020062500898], [38.567666563058964, 56.10511618375853], [38.5358603206119, 56.10511618375853], [38.5358603206119, 56.11409929550844], [38.51995719938837, 56.11409929550844], [38.51995719938837, 56.12308240725835], [38.50405407816484, 56.12308240725835], [38.50405407816484, 56.13206551900826], [38.48815095694131, 56.13206551900826], [38.48815095694131, 56.14104863075817], [38.47224783571778, 56.14104863075817], [38.47224783571778, 56.150031742508084], [38.408635350823666, 56.150031742508084]]]}}, {"type": "Feature", "properties": {"name": "Старая Купавна", "value": 265}, "geometry": {"type": "Polygon", "coordinates": [[[38.07466980512953, 55.853589054761045], [38.07466980512953, 55.82663971951131], [38.058766683906, 55.82663971951131], [38.058766683906, 55.81765660776141], [38.04286356268247, 55.81765660776141], [38.04286356268247, 55.79969038426159], [38.058766683906, 55.79969038426159], [38.058766683906, 55.78172416076176], [38.04286356268247, 55.78172416076176], [38.04286356268247, 55.772741049011856], [38.058766683906, 55.772741049011856], [38.058766683906, 55.76375793726194], [38.07466980512953, 55.76375793726194], [38.07466980512953, 55.75477482551204], [38.058766683906, 55.75477482551204], [38.058766683906, 55.73680860201221], [38.07466980512953, 55.73680860201221], [38.07466980512953, 55.745791713762124], [38.13828229002365, 55.745791713762124], [38.13828229002365, 55.75477482551204], [38.154185411247184, 55.75477482551204], [38.154185411247184, 55.76375793726194], [38.170088532470714, 55.76375793726194], [38.170088532470714, 55.772741049011856], [38.185991653694245, 55.772741049011856], [38.185991653694245, 55.76375793726194], [38.201894774917776, 55.76375793726194], [38.201894774917776, 55.75477482551204], [38.217797896141306, 55.75477482551204], [38.217797896141306, 55.76375793726194], [38.23370101736483, 55.76375793726194], [38.23370101736483, 55.772741049011856], [38.29731350225895, 55.772741049011856], [38.29731350225895, 55.78172416076176], [38.31321662348248, 55.78172416076176], [38.31321662348248, 55.790707272511675], [38.29731350225895, 55.790707272511675], [38.29731350225895, 55.79969038426159], [38.31321662348248, 55.79969038426159], [38.31321662348248, 55.808673496011494], [38.32911974470601, 55.808673496011494], [38.32911974470601, 55.81765660776141], [38.29731350225895, 55.81765660776141], [38.29731350225895, 55.82663971951131], [38.28141038103542, 55.82663971951131], [38.28141038103542, 55.835622831261226], [38.24960413858836, 55.835622831261226], [38.24960413858836, 55.82663971951131], [38.23370101736483, 55.82663971951131], [38.23370101736483, 55.835622831261226], [38.217797896141306, 55.835622831261226], [38.217797896141306, 55.84460594301114], [38.201894774917776, 55.84460594301114], [38.201894774917776, 55.835622831261226], [38.170088532470714, 55.835622831261226], [38.170088532470714, 55.84460594301114], [38.154185411247184, 55.84460594301114], [38.154185411247184, 55.835622831261226], [38.12237916880012, 55.835622831261226], [38.12237916880012, 55.84460594301114], [38.10647604757659, 55.84460594301114], [38.10647604757659, 55.853589054761045], [38.07466980512953, 55.853589054761045]]]}}, {"type": "Feature", "properties": {"name": "Зарайск", "value": 264}, "geometry": {"type": "Polygon", "coordinates": [[[38.822116502635446, 54.89239609752066], [38.822116502635446, 54.87442987402084], [38.806213381411915, 54.87442987402084], [38.806213381411915, 54.86544676227093], [38.790310260188384, 54.86544676227093], [38.790310260188384, 54.84748053877111], [38.774407138964854, 54.84748053877111], [38.774407138964854, 54.838497427021196], [38.75850401774132, 54.838497427021196], [38.75850401774132, 54.82951431527129], [38.74260089651779, 54.82951431527129], [38.74260089651779, 54.82053120352138], [38.72669777529426, 54.82053120352138], [38.72669777529426, 54.81154809177146], [38.74260089651779, 54.81154809177146], [38.74260089651779, 54.80256498002156], [38.72669777529426, 54.80256498002156], [38.72669777529426, 54.793581868271644], [38.71079465407073, 54.793581868271644], [38.71079465407073, 54.76663253302191], [38.6948915328472, 54.76663253302191], [38.6948915328472, 54.757649421272006], [38.67898841162367, 54.757649421272006], [38.67898841162367, 54.73968319777219], [38.6948915328472, 54.73968319777219], [38.6948915328472, 54.72171697427236], [38.67898841162367, 54.72171697427236], [38.67898841162367, 54.712733862522455], [38.6948915328472, 54.712733862522455], [38.6948915328472, 54.70375075077254], [38.71079465407073, 54.70375075077254], [38.71079465407073, 54.68578452727272], [38.6948915328472, 54.68578452727272], [38.6948915328472, 54.67680141552281], [38.67898841162367, 54.67680141552281], [38.67898841162367, 54.65883519202299], [38.6948915328472, 54.65883519202299], [38.6948915328472, 54.649852080273085], [38.74260089651779, 54.649852080273085], [38.74260089651779, 54.64086896852317], [38.75850401774132, 54.64086896852317], [38.75850401774132, 54.649852080273085], [38.774407138964854, 54.649852080273085], [38.774407138964854, 54.65883519202299], [38.790310260188384, 54.65883519202299], [38.790310260188384, 54.649852080273085], [38.806213381411915, 54.649852080273085], [38.806213381411915, 54.64086896852317], [38.822116502635446, 54.64086896852317], [38.822116502635446, 54.649852080273085], [38.838019623858976, 54.649852080273085], [38.838019623858976, 54.65883519202299], [38.85392274508251, 54.65883519202299], [38.85392274508251, 54.667818303772904], [38.86982586630604, 54.667818303772904], [38.86982586630604, 54.65883519202299], [38.88572898752957, 54.65883519202299], [38.88572898752957, 54.649852080273085], [38.9016321087531, 54.649852080273085], [38.9016321087531, 54.64086896852317], [38.91753522997662, 54.64086896852317], [38.91753522997662, 54.631885856773266], [38.93343835120015, 54.631885856773266], [38.93343835120015, 54.64086896852317], [38.94934147242368, 54.64086896852317], [38.94934147242368, 54.649852080273085], [38.96524459364721, 54.649852080273085], [38.96524459364721, 54.64086896852317], [38.981147714870744, 54.64086896852317], [38.981147714870744, 54.631885856773266], [38.997050836094274, 54.631885856773266], [38.997050836094274, 54.64086896852317], [39.012953957317805, 54.64086896852317], [39.012953957317805, 54.649852080273085], [39.044760199764866, 54.649852080273085], [39.044760199764866, 54.667818303772904], [39.0606633209884, 54.667818303772904], [39.0606633209884, 54.68578452727272], [39.044760199764866, 54.68578452727272], [39.044760199764866, 54.694767639022636], [39.0606633209884, 54.694767639022636], [39.0606633209884, 54.70375075077254], [39.07656644221193, 54.70375075077254], [39.07656644221193, 54.72171697427236], [39.0606633209884, 54.72171697427236], [39.0606633209884, 54.730700086022274], [39.044760199764866, 54.730700086022274], [39.044760199764866, 54.74866630952209], [39.0606633209884, 54.74866630952209], [39.0606633209884, 54.757649421272006], [39.07656644221193, 54.757649421272006], [39.07656644221193, 54.76663253302191], [39.0606633209884, 54.76663253302191], [39.0606633209884, 54.78459875652174], [39.044760199764866, 54.78459875652174], [39.044760199764866, 54.793581868271644], [39.028857078541336, 54.793581868271644], [39.028857078541336, 54.80256498002156], [39.044760199764866, 54.80256498002156], [39.044760199764866, 54.81154809177146], [39.0606633209884, 54.81154809177146], [39.0606633209884, 54.82951431527129], [39.028857078541336, 54.82951431527129], [39.028857078541336, 54.82053120352138], [39.012953957317805, 54.82053120352138], [39.012953957317805, 54.82951431527129], [38.997050836094274, 54.82951431527129], [38.997050836094274, 54.838497427021196], [38.981147714870744, 54.838497427021196], [38.981147714870744, 54.84748053877111], [38.93343835120015, 54.84748053877111], [38.93343835120015, 54.838497427021196], [38.91753522997662, 54.838497427021196], [38.91753522997662, 54.84748053877111], [38.9016321087531, 54.84748053877111], [38.9016321087531, 54.856463650521015], [38.88572898752957, 54.856463650521015], [38.88572898752957, 54.86544676227093], [38.86982586630604, 54.86544676227093], [38.86982586630604, 54.87442987402084], [38.85392274508251, 54.87442987402084], [38.85392274508251, 54.89239609752066], [38.822116502635446, 54.89239609752066]]]}}, {"type": "Feature", "properties": {"name": "Пересвет", "value": 260}, "geometry": {"type": "MultiPolygon", "coordinates": [[[[38.29731350225895, 56.35664331275601], [38.29731350225895, 56.34766020100611], [38.28141038103542, 56.34766020100611], [38.28141038103542, 56.35664331275601], [38.29731350225895, 56.35664331275601]]], [[[38.13828229002365, 56.45545754200503], [38.154185411247184, 56.45545754200503], [38.154185411247184, 56.446474430255115], [38.170088532470714, 56.446474430255115], [38.170088532470714, 56.43749131850521], [38.185991653694245, 56.43749131850521], [38.185991653694245, 56.428508206755296], [38.201894774917776, 56.428508206755296], [38.201894774917776, 56.41952509500538], [38.23370101736483, 56.41952509500538], [38.23370101736483, 56.383592648005745], [38.24960413858836, 56.383592648005745], [38.24960413858836, 56.37460953625583], [38.26550725981189, 56.37460953625583], [38.26550725981189, 56.365626424505926], [38.28141038103542, 56.365626424505926], [38.28141038103542, 56.35664331275601], [38.217797896141306, 56.35664331275601], [38.217797896141306, 56.365626424505926], [38.201894774917776, 56.365626424505926], [38.201894774917776, 56.35664331275601], [38.185991653694245, 56.35664331275601], [38.185991653694245, 56.365626424505926], [38.154185411247184, 56.365626424505926], [38.154185411247184, 56.35664331275601], [38.12237916880012, 56.35664331275601], [38.12237916880012, 56.365626424505926], [38.09057292635306, 56.365626424505926], [38.09057292635306, 56.37460953625583], [38.04286356268247, 56.37460953625583], [38.04286356268247, 56.383592648005745], [38.02696044145894, 56.383592648005745], [38.02696044145894, 56.39257575975566], [38.01105732023541, 56.39257575975566], [38.01105732023541, 56.401558871505564], [37.979251077788355, 56.401558871505564], [37.979251077788355, 56.428508206755296], [37.995154199011886, 56.428508206755296], [37.995154199011886, 56.43749131850521], [38.01105732023541, 56.43749131850521], [38.01105732023541, 56.446474430255115], [38.02696044145894, 56.446474430255115], [38.02696044145894, 56.464440653754934], [38.04286356268247, 56.464440653754934], [38.04286356268247, 56.45545754200503], [38.058766683906, 56.45545754200503], [38.058766683906, 56.446474430255115], [38.07466980512953, 56.446474430255115], [38.07466980512953, 56.45545754200503], [38.09057292635306, 56.45545754200503], [38.09057292635306, 56.464440653754934], [38.10647604757659, 56.464440653754934], [38.10647604757659, 56.47342376550485], [38.13828229002365, 56.47342376550485], [38.13828229002365, 56.45545754200503]]], [[[38.058766683906, 56.54528865950413], [38.09057292635306, 56.54528865950413], [38.09057292635306, 56.53630554775422], [38.10647604757659, 56.53630554775422], [38.10647604757659, 56.50037310075458], [38.07466980512953, 56.50037310075458], [38.07466980512953, 56.509356212504485], [38.058766683906, 56.509356212504485], [38.058766683906, 56.5183393242544], [38.04286356268247, 56.5183393242544], [38.04286356268247, 56.509356212504485], [38.02696044145894, 56.509356212504485], [38.02696044145894, 56.5183393242544], [38.01105732023541, 56.5183393242544], [38.01105732023541, 56.52732243600431], [37.979251077788355, 56.52732243600431], [37.979251077788355, 56.53630554775422], [37.995154199011886, 56.53630554775422], [37.995154199011886, 56.54528865950413], [38.04286356268247, 56.54528865950413], [38.04286356268247, 56.55427177125404], [38.058766683906, 56.55427177125404], [38.058766683906, 56.54528865950413]]]]}}, {"type": "Feature", "properties": {"name": "Дрезна", "value": 259}, "geometry": {"type": "MultiPolygon", "coordinates": [[[[38.72669777529426, 55.62901126101329], [38.71079465407073, 55.62901126101329], [38.71079465407073, 55.6379943727632], [38.72669777529426, 55.6379943727632], [38.72669777529426, 55.62901126101329]]], [[[38.72669777529426, 55.64697748451311], [38.74260089651779, 55.64697748451311], [38.74260089651779, 55.65596059626302], [38.72669777529426, 55.65596059626302], [38.72669777529426, 55.664943708012935], [38.71079465407073, 55.664943708012935], [38.71079465407073, 55.67392681976284], [38.6948915328472, 55.67392681976284], [38.6948915328472, 55.69189304326266], [38.71079465407073, 55.69189304326266], [38.71079465407073, 55.71884237851239], [38.72669777529426, 55.71884237851239], [38.72669777529426, 55.727825490262305], [38.74260089651779, 55.727825490262305], [38.74260089651779, 55.745791713762124], [38.72669777529426, 55.745791713762124], [38.72669777529426, 55.75477482551204], [38.74260089651779, 55.75477482551204], [38.74260089651779, 55.78172416076176], [38.75850401774132, 55.78172416076176], [38.75850401774132, 55.790707272511675], [38.774407138964854, 55.790707272511675], [38.774407138964854, 55.79969038426159], [38.790310260188384, 55.79969038426159], [38.790310260188384, 55.808673496011494], [38.806213381411915, 55.808673496011494], [38.806213381411915, 55.81765660776141], [38.838019623858976, 55.81765660776141], [38.838019623858976, 55.82663971951131], [38.85392274508251, 55.82663971951131], [38.85392274508251, 55.81765660776141], [38.86982586630604, 55.81765660776141], [38.86982586630604, 55.808673496011494], [38.88572898752957, 55.808673496011494], [38.88572898752957, 55.79969038426159], [38.9016321087531, 55.79969038426159], [38.9016321087531, 55.78172416076176], [38.91753522997662, 55.78172416076176], [38.91753522997662, 55.772741049011856], [38.93343835120015, 55.772741049011856], [38.93343835120015, 55.76375793726194], [38.94934147242368, 55.76375793726194], [38.94934147242368, 55.745791713762124], [38.93343835120015, 55.745791713762124], [38.93343835120015, 55.73680860201221], [38.91753522997662, 55.73680860201221], [38.91753522997662, 55.727825490262305], [38.9016321087531, 55.727825490262305], [38.9016321087531, 55.71884237851239], [38.88572898752957, 55.71884237851239], [38.88572898752957, 55.70087615501257], [38.86982586630604, 55.70087615501257], [38.86982586630604, 55.69189304326266], [38.85392274508251, 55.69189304326266], [38.85392274508251, 55.682909931512754], [38.838019623858976, 55.682909931512754], [38.838019623858976, 55.65596059626302], [38.822116502635446, 55.65596059626302], [38.822116502635446, 55.64697748451311], [38.774407138964854, 55.64697748451311], [38.774407138964854, 55.6379943727632], [38.72669777529426, 55.6379943727632], [38.72669777529426, 55.64697748451311]]]]}}, {"type": "Feature", "properties": {"name": "Голицыно", "value": 256}, "geometry": {"type": "Polygon", "coordinates": [[[37.05687004682361, 55.727825490262305], [37.05687004682361, 55.71884237851239], [37.04096692560008, 55.71884237851239], [37.04096692560008, 55.709859266762486], [37.00916068315302, 55.709859266762486], [37.00916068315302, 55.70087615501257], [36.99325756192949, 55.70087615501257], [36.99325756192949, 55.69189304326266], [36.9455481982589, 55.69189304326266], [36.9455481982589, 55.682909931512754], [36.92964507703537, 55.682909931512754], [36.92964507703537, 55.67392681976284], [36.91374195581184, 55.67392681976284], [36.91374195581184, 55.664943708012935], [36.881935713364776, 55.664943708012935], [36.881935713364776, 55.65596059626302], [36.85012947091772, 55.65596059626302], [36.85012947091772, 55.64697748451311], [36.83422634969419, 55.64697748451311], [36.83422634969419, 55.62901126101329], [36.85012947091772, 55.62901126101329], [36.85012947091772, 55.62002814926338], [36.83422634969419, 55.62002814926338], [36.83422634969419, 55.61104503751347], [36.85012947091772, 55.61104503751347], [36.85012947091772, 55.59307881401365], [36.83422634969419, 55.59307881401365], [36.83422634969419, 55.56612947876392], [36.881935713364776, 55.56612947876392], [36.881935713364776, 55.57511259051383], [36.897838834588306, 55.57511259051383], [36.897838834588306, 55.58409570226374], [36.91374195581184, 55.58409570226374], [36.91374195581184, 55.57511259051383], [36.9455481982589, 55.57511259051383], [36.9455481982589, 55.58409570226374], [36.96145131948243, 55.58409570226374], [36.96145131948243, 55.59307881401365], [36.97735444070596, 55.59307881401365], [36.97735444070596, 55.58409570226374], [37.00916068315302, 55.58409570226374], [37.00916068315302, 55.61104503751347], [37.02506380437655, 55.61104503751347], [37.02506380437655, 55.62002814926338], [37.04096692560008, 55.62002814926338], [37.04096692560008, 55.62901126101329], [37.05687004682361, 55.62901126101329], [37.05687004682361, 55.65596059626302], [37.07277316804714, 55.65596059626302], [37.07277316804714, 55.664943708012935], [37.088676289270666, 55.664943708012935], [37.088676289270666, 55.67392681976284], [37.104579410494196, 55.67392681976284], [37.104579410494196, 55.709859266762486], [37.088676289270666, 55.709859266762486], [37.088676289270666, 55.727825490262305], [37.05687004682361, 55.727825490262305]]]}}, {"type": "Feature", "properties": {"name": "Хотьково", "value": 256}, "geometry": {"type": "Polygon", "coordinates": [[[37.8997354716707, 56.365626424505926], [37.8997354716707, 56.35664331275601], [37.88383235044717, 56.35664331275601], [37.88383235044717, 56.34766020100611], [37.86792922922364, 56.34766020100611], [37.86792922922364, 56.35664331275601], [37.85202610800011, 56.35664331275601], [37.85202610800011, 56.34766020100611], [37.83612298677658, 56.34766020100611], [37.83612298677658, 56.338677089256194], [37.82021986555305, 56.338677089256194], [37.82021986555305, 56.32969397750629], [37.80431674432952, 56.32969397750629], [37.80431674432952, 56.320710865756375], [37.78841362310599, 56.320710865756375], [37.78841362310599, 56.28477841875674], [37.80431674432952, 56.28477841875674], [37.80431674432952, 56.275795307006824], [37.78841362310599, 56.275795307006824], [37.78841362310599, 56.26681219525691], [37.80431674432952, 56.26681219525691], [37.80431674432952, 56.257829083507005], [37.82021986555305, 56.257829083507005], [37.82021986555305, 56.24884597175709], [37.80431674432952, 56.24884597175709], [37.80431674432952, 56.239862860007186], [37.78841362310599, 56.239862860007186], [37.78841362310599, 56.23087974825727], [37.77251050188246, 56.23087974825727], [37.77251050188246, 56.20393041300754], [37.78841362310599, 56.20393041300754], [37.78841362310599, 56.194947301257635], [37.77251050188246, 56.194947301257635], [37.77251050188246, 56.18596418950772], [37.78841362310599, 56.18596418950772], [37.78841362310599, 56.17698107775781], [37.80431674432952, 56.17698107775781], [37.80431674432952, 56.1679979660079], [37.78841362310599, 56.1679979660079], [37.78841362310599, 56.15901485425799], [37.77251050188246, 56.15901485425799], [37.77251050188246, 56.150031742508084], [37.82021986555305, 56.150031742508084], [37.82021986555305, 56.14104863075817], [37.85202610800011, 56.14104863075817], [37.85202610800011, 56.13206551900826], [37.8997354716707, 56.13206551900826], [37.8997354716707, 56.12308240725835], [37.93154171411776, 56.12308240725835], [37.93154171411776, 56.13206551900826], [37.963347956564824, 56.13206551900826], [37.963347956564824, 56.14104863075817], [37.979251077788355, 56.14104863075817], [37.979251077788355, 56.150031742508084], [37.995154199011886, 56.150031742508084], [37.995154199011886, 56.15901485425799], [38.01105732023541, 56.15901485425799], [38.01105732023541, 56.1679979660079], [38.02696044145894, 56.1679979660079], [38.02696044145894, 56.17698107775781], [38.04286356268247, 56.17698107775781], [38.04286356268247, 56.18596418950772], [38.058766683906, 56.18596418950772], [38.058766683906, 56.194947301257635], [38.09057292635306, 56.194947301257635], [38.09057292635306, 56.212913524757454], [38.10647604757659, 56.212913524757454], [38.10647604757659, 56.22189663650736], [38.12237916880012, 56.22189663650736], [38.12237916880012, 56.239862860007186], [38.10647604757659, 56.239862860007186], [38.10647604757659, 56.24884597175709], [38.09057292635306, 56.24884597175709], [38.09057292635306, 56.257829083507005], [38.07466980512953, 56.257829083507005], [38.07466980512953, 56.28477841875674], [38.058766683906, 56.28477841875674], [38.058766683906, 56.29376153050664], [38.02696044145894, 56.29376153050664], [38.02696044145894, 56.302744642256556], [38.01105732023541, 56.302744642256556], [38.01105732023541, 56.31172775400646], [37.995154199011886, 56.31172775400646], [37.995154199011886, 56.320710865756375], [37.979251077788355, 56.320710865756375], [37.979251077788355, 56.32969397750629], [37.963347956564824, 56.32969397750629], [37.963347956564824, 56.338677089256194], [37.979251077788355, 56.338677089256194], [37.979251077788355, 56.34766020100611], [37.93154171411776, 56.34766020100611], [37.93154171411776, 56.35664331275601], [37.91563859289423, 56.35664331275601], [37.91563859289423, 56.365626424505926], [37.8997354716707, 56.365626424505926]]]}}, {"type": "Feature", "properties": {"name": "Высоковск", "value": 254}, "geometry": {"type": "MultiPolygon", "coordinates": [[[[36.54797016767065, 56.35664331275601], [36.54797016767065, 56.34766020100611], [36.61158265256477, 56.34766020100611], [36.61158265256477, 56.35664331275601], [36.643388895011825, 56.35664331275601], [36.643388895011825, 56.338677089256194], [36.6274857737883, 56.338677089256194], [36.6274857737883, 56.32969397750629], [36.643388895011825, 56.32969397750629], [36.643388895011825, 56.320710865756375], [36.659292016235355, 56.320710865756375], [36.659292016235355, 56.28477841875674], [36.643388895011825, 56.28477841875674], [36.643388895011825, 56.275795307006824], [36.659292016235355, 56.275795307006824], [36.659292016235355, 56.26681219525691], [36.643388895011825, 56.26681219525691], [36.643388895011825, 56.24884597175709], [36.659292016235355, 56.24884597175709], [36.659292016235355, 56.239862860007186], [36.675195137458886, 56.239862860007186], [36.675195137458886, 56.22189663650736], [36.659292016235355, 56.22189663650736], [36.659292016235355, 56.194947301257635], [36.6274857737883, 56.194947301257635], [36.6274857737883, 56.20393041300754], [36.61158265256477, 56.20393041300754], [36.61158265256477, 56.212913524757454], [36.56387328889418, 56.212913524757454], [36.56387328889418, 56.22189663650736], [36.57977641011771, 56.22189663650736], [36.57977641011771, 56.24884597175709], [36.59567953134124, 56.24884597175709], [36.59567953134124, 56.257829083507005], [36.61158265256477, 56.257829083507005], [36.61158265256477, 56.26681219525691], [36.59567953134124, 56.26681219525691], [36.59567953134124, 56.275795307006824], [36.57977641011771, 56.275795307006824], [36.57977641011771, 56.28477841875674], [36.56387328889418, 56.28477841875674], [36.56387328889418, 56.29376153050664], [36.54797016767065, 56.29376153050664], [36.54797016767065, 56.28477841875674], [36.53206704644712, 56.28477841875674], [36.53206704644712, 56.275795307006824], [36.51616392522359, 56.275795307006824], [36.51616392522359, 56.26681219525691], [36.50026080400006, 56.26681219525691], [36.50026080400006, 56.257829083507005], [36.484357682776526, 56.257829083507005], [36.484357682776526, 56.24884597175709], [36.468454561552996, 56.24884597175709], [36.468454561552996, 56.239862860007186], [36.452551440329465, 56.239862860007186], [36.452551440329465, 56.22189663650736], [36.468454561552996, 56.22189663650736], [36.468454561552996, 56.212913524757454], [36.452551440329465, 56.212913524757454], [36.452551440329465, 56.20393041300754], [36.436648319105934, 56.20393041300754], [36.436648319105934, 56.212913524757454], [36.420745197882404, 56.212913524757454], [36.420745197882404, 56.22189663650736], [36.40484207665887, 56.22189663650736], [36.40484207665887, 56.23087974825727], [36.37303583421182, 56.23087974825727], [36.37303583421182, 56.22189663650736], [36.32532647054123, 56.22189663650736], [36.32532647054123, 56.24884597175709], [36.37303583421182, 56.24884597175709], [36.37303583421182, 56.257829083507005], [36.38893895543535, 56.257829083507005], [36.38893895543535, 56.26681219525691], [36.40484207665887, 56.26681219525691], [36.40484207665887, 56.275795307006824], [36.420745197882404, 56.275795307006824], [36.420745197882404, 56.28477841875674], [36.40484207665887, 56.28477841875674], [36.40484207665887, 56.29376153050664], [36.38893895543535, 56.29376153050664], [36.38893895543535, 56.302744642256556], [36.37303583421182, 56.302744642256556], [36.37303583421182, 56.31172775400646], [36.35713271298829, 56.31172775400646], [36.35713271298829, 56.320710865756375], [36.37303583421182, 56.320710865756375], [36.37303583421182, 56.32969397750629], [36.38893895543535, 56.32969397750629], [36.38893895543535, 56.320710865756375], [36.40484207665887, 56.320710865756375], [36.40484207665887, 56.31172775400646], [36.420745197882404, 56.31172775400646], [36.420745197882404, 56.320710865756375], [36.436648319105934, 56.320710865756375], [36.436648319105934, 56.32969397750629], [36.452551440329465, 56.32969397750629], [36.452551440329465, 56.338677089256194], [36.484357682776526, 56.338677089256194], [36.484357682776526, 56.34766020100611], [36.50026080400006, 56.34766020100611], [36.50026080400006, 56.35664331275601], [36.54797016767065, 56.35664331275601]]], [[[36.37303583421182, 56.428508206755296], [36.40484207665887, 56.428508206755296], [36.40484207665887, 56.43749131850521], [36.436648319105934, 56.43749131850521], [36.436648319105934, 56.41952509500538], [36.420745197882404, 56.41952509500538], [36.420745197882404, 56.401558871505564], [36.436648319105934, 56.401558871505564], [36.436648319105934, 56.39257575975566], [36.420745197882404, 56.39257575975566], [36.420745197882404, 56.383592648005745], [36.40484207665887, 56.383592648005745], [36.40484207665887, 56.37460953625583], [36.38893895543535, 56.37460953625583], [36.38893895543535, 56.365626424505926], [36.37303583421182, 56.365626424505926], [36.37303583421182, 56.34766020100611], [36.35713271298829, 56.34766020100611], [36.35713271298829, 56.37460953625583], [36.34122959176476, 56.37460953625583], [36.34122959176476, 56.383592648005745], [36.35713271298829, 56.383592648005745], [36.35713271298829, 56.39257575975566], [36.37303583421182, 56.39257575975566], [36.37303583421182, 56.401558871505564], [36.38893895543535, 56.401558871505564], [36.38893895543535, 56.41054198325548], [36.37303583421182, 56.41054198325548], [36.37303583421182, 56.41952509500538], [36.35713271298829, 56.41952509500538], [36.35713271298829, 56.43749131850521], [36.37303583421182, 56.43749131850521], [36.37303583421182, 56.428508206755296]]], [[[36.57977641011771, 56.43749131850521], [36.56387328889418, 56.43749131850521], [36.56387328889418, 56.428508206755296], [36.54797016767065, 56.428508206755296], [36.54797016767065, 56.446474430255115], [36.53206704644712, 56.446474430255115], [36.53206704644712, 56.45545754200503], [36.54797016767065, 56.45545754200503], [36.54797016767065, 56.464440653754934], [36.57977641011771, 56.464440653754934], [36.57977641011771, 56.43749131850521]]]]}}, {"type": "Feature", "properties": {"name": "Куровское", "value": 254}, "geometry": {"type": "Polygon", "coordinates": [[[38.74260089651779, 55.64697748451311], [38.74260089651779, 55.6379943727632], [38.6948915328472, 55.6379943727632], [38.6948915328472, 55.62901126101329], [38.71079465407073, 55.62901126101329], [38.71079465407073, 55.62002814926338], [38.72669777529426, 55.62002814926338], [38.72669777529426, 55.602061925763564], [38.74260089651779, 55.602061925763564], [38.74260089651779, 55.57511259051383], [38.75850401774132, 55.57511259051383], [38.75850401774132, 55.56612947876392], [38.774407138964854, 55.56612947876392], [38.774407138964854, 55.5481632552641], [38.75850401774132, 55.5481632552641], [38.75850401774132, 55.53918014351419], [38.74260089651779, 55.53918014351419], [38.74260089651779, 55.53019703176428], [38.72669777529426, 55.53019703176428], [38.72669777529426, 55.52121392001437], [38.74260089651779, 55.52121392001437], [38.74260089651779, 55.50324769651455], [38.75850401774132, 55.50324769651455], [38.75850401774132, 55.48528147301473], [38.806213381411915, 55.48528147301473], [38.806213381411915, 55.47629836126482], [38.822116502635446, 55.47629836126482], [38.822116502635446, 55.46731524951491], [38.838019623858976, 55.46731524951491], [38.838019623858976, 55.458332137765], [38.85392274508251, 55.458332137765], [38.85392274508251, 55.449349026015085], [38.86982586630604, 55.449349026015085], [38.86982586630604, 55.458332137765], [38.9016321087531, 55.458332137765], [38.9016321087531, 55.46731524951491], [38.93343835120015, 55.46731524951491], [38.93343835120015, 55.47629836126482], [38.997050836094274, 55.47629836126482], [38.997050836094274, 55.494264584764636], [39.012953957317805, 55.494264584764636], [39.012953957317805, 55.50324769651455], [39.028857078541336, 55.50324769651455], [39.028857078541336, 55.51223080826446], [39.044760199764866, 55.51223080826446], [39.044760199764866, 55.52121392001437], [39.07656644221193, 55.52121392001437], [39.07656644221193, 55.51223080826446], [39.09246956343546, 55.51223080826446], [39.09246956343546, 55.52121392001437], [39.10837268465899, 55.52121392001437], [39.10837268465899, 55.5481632552641], [39.12427580588252, 55.5481632552641], [39.12427580588252, 55.58409570226374], [39.14017892710604, 55.58409570226374], [39.14017892710604, 55.59307881401365], [39.15608204832957, 55.59307881401365], [39.15608204832957, 55.602061925763564], [39.14017892710604, 55.602061925763564], [39.14017892710604, 55.61104503751347], [39.10837268465899, 55.61104503751347], [39.10837268465899, 55.59307881401365], [39.09246956343546, 55.59307881401365], [39.09246956343546, 55.58409570226374], [39.07656644221193, 55.58409570226374], [39.07656644221193, 55.57511259051383], [39.0606633209884, 55.57511259051383], [39.0606633209884, 55.56612947876392], [39.028857078541336, 55.56612947876392], [39.028857078541336, 55.57511259051383], [39.012953957317805, 55.57511259051383], [39.012953957317805, 55.58409570226374], [38.997050836094274, 55.58409570226374], [38.997050836094274, 55.59307881401365], [38.981147714870744, 55.59307881401365], [38.981147714870744, 55.602061925763564], [38.997050836094274, 55.602061925763564], [38.997050836094274, 55.61104503751347], [39.012953957317805, 55.61104503751347], [39.012953957317805, 55.62002814926338], [39.028857078541336, 55.62002814926338], [39.028857078541336, 55.6379943727632], [39.012953957317805, 55.6379943727632], [39.012953957317805, 55.62901126101329], [38.981147714870744, 55.62901126101329], [38.981147714870744, 55.6379943727632], [38.93343835120015, 55.6379943727632], [38.93343835120015, 55.64697748451311], [38.91753522997662, 55.64697748451311], [38.91753522997662, 55.6379943727632], [38.88572898752957, 55.6379943727632], [38.88572898752957, 55.64697748451311], [38.85392274508251, 55.64697748451311], [38.85392274508251, 55.6379943727632], [38.838019623858976, 55.6379943727632], [38.838019623858976, 55.62901126101329], [38.806213381411915, 55.62901126101329], [38.806213381411915, 55.6379943727632], [38.790310260188384, 55.6379943727632], [38.790310260188384, 55.64697748451311], [38.774407138964854, 55.64697748451311], [38.774407138964854, 55.6379943727632], [38.75850401774132, 55.6379943727632], [38.75850401774132, 55.64697748451311], [38.74260089651779, 55.64697748451311]]]}}, {"type": "Feature", "properties": {"name": "Электроугли", "value": 254}, "geometry": {"type": "Polygon", "coordinates": [[[38.24960413858836, 55.78172416076176], [38.24960413858836, 55.772741049011856], [38.23370101736483, 55.772741049011856], [38.23370101736483, 55.76375793726194], [38.217797896141306, 55.76375793726194], [38.217797896141306, 55.772741049011856], [38.201894774917776, 55.772741049011856], [38.201894774917776, 55.76375793726194], [38.185991653694245, 55.76375793726194], [38.185991653694245, 55.75477482551204], [38.170088532470714, 55.75477482551204], [38.170088532470714, 55.76375793726194], [38.13828229002365, 55.76375793726194], [38.13828229002365, 55.75477482551204], [38.09057292635306, 55.75477482551204], [38.09057292635306, 55.745791713762124], [38.058766683906, 55.745791713762124], [38.058766683906, 55.73680860201221], [38.04286356268247, 55.73680860201221], [38.04286356268247, 55.69189304326266], [38.058766683906, 55.69189304326266], [38.058766683906, 55.682909931512754], [38.07466980512953, 55.682909931512754], [38.07466980512953, 55.67392681976284], [38.10647604757659, 55.67392681976284], [38.10647604757659, 55.664943708012935], [38.13828229002365, 55.664943708012935], [38.13828229002365, 55.65596059626302], [38.154185411247184, 55.65596059626302], [38.154185411247184, 55.664943708012935], [38.170088532470714, 55.664943708012935], [38.170088532470714, 55.65596059626302], [38.185991653694245, 55.65596059626302], [38.185991653694245, 55.664943708012935], [38.201894774917776, 55.664943708012935], [38.201894774917776, 55.67392681976284], [38.23370101736483, 55.67392681976284], [38.23370101736483, 55.664943708012935], [38.24960413858836, 55.664943708012935], [38.24960413858836, 55.67392681976284], [38.26550725981189, 55.67392681976284], [38.26550725981189, 55.664943708012935], [38.28141038103542, 55.664943708012935], [38.28141038103542, 55.65596059626302], [38.29731350225895, 55.65596059626302], [38.29731350225895, 55.64697748451311], [38.31321662348248, 55.64697748451311], [38.31321662348248, 55.65596059626302], [38.34502286592954, 55.65596059626302], [38.34502286592954, 55.64697748451311], [38.360925987153074, 55.64697748451311], [38.360925987153074, 55.6379943727632], [38.408635350823666, 55.6379943727632], [38.408635350823666, 55.64697748451311], [38.424538472047196, 55.64697748451311], [38.424538472047196, 55.65596059626302], [38.392732229600135, 55.65596059626302], [38.392732229600135, 55.664943708012935], [38.376829108376604, 55.664943708012935], [38.376829108376604, 55.67392681976284], [38.360925987153074, 55.67392681976284], [38.360925987153074, 55.682909931512754], [38.34502286592954, 55.682909931512754], [38.34502286592954, 55.70087615501257], [38.360925987153074, 55.70087615501257], [38.360925987153074, 55.709859266762486], [38.376829108376604, 55.709859266762486], [38.376829108376604, 55.71884237851239], [38.360925987153074, 55.71884237851239], [38.360925987153074, 55.727825490262305], [38.34502286592954, 55.727825490262305], [38.34502286592954, 55.73680860201221], [38.32911974470601, 55.73680860201221], [38.32911974470601, 55.745791713762124], [38.31321662348248, 55.745791713762124], [38.31321662348248, 55.75477482551204], [38.29731350225895, 55.75477482551204], [38.29731350225895, 55.76375793726194], [38.31321662348248, 55.76375793726194], [38.31321662348248, 55.772741049011856], [38.29731350225895, 55.772741049011856], [38.29731350225895, 55.78172416076176], [38.24960413858836, 55.78172416076176]]]}}, {"type": "Feature", "properties": {"name": "Рошаль", "value": 247}, "geometry": {"type": "MultiPolygon", "coordinates": [[[[40.03075371562373, 55.5481632552641], [40.046656836847255, 55.5481632552641], [40.046656836847255, 55.53918014351419], [40.03075371562373, 55.53918014351419], [40.03075371562373, 55.53019703176428], [39.98304435195314, 55.53019703176428], [39.98304435195314, 55.53918014351419], [39.96714123072961, 55.53918014351419], [39.96714123072961, 55.5481632552641], [39.98304435195314, 55.5481632552641], [39.98304435195314, 55.55714636701401], [39.99894747317667, 55.55714636701401], [39.99894747317667, 55.56612947876392], [40.03075371562373, 55.56612947876392], [40.03075371562373, 55.5481632552641]]], [[[39.824013139717835, 55.56612947876392], [39.824013139717835, 55.5481632552641], [39.77630377604725, 55.5481632552641], [39.77630377604725, 55.53918014351419], [39.76040065482372, 55.53918014351419], [39.76040065482372, 55.55714636701401], [39.77630377604725, 55.55714636701401], [39.77630377604725, 55.57511259051383], [39.80811001849431, 55.57511259051383], [39.80811001849431, 55.56612947876392], [39.824013139717835, 55.56612947876392]]], [[[39.855819382164896, 55.55714636701401], [39.855819382164896, 55.57511259051383], [39.871722503388426, 55.57511259051383], [39.871722503388426, 55.55714636701401], [39.855819382164896, 55.55714636701401]]], [[[40.046656836847255, 55.58409570226374], [40.03075371562373, 55.58409570226374], [40.03075371562373, 55.57511259051383], [39.99894747317667, 55.57511259051383], [39.99894747317667, 55.59307881401365], [40.0148505944002, 55.59307881401365], [40.0148505944002, 55.602061925763564], [40.046656836847255, 55.602061925763564], [40.046656836847255, 55.58409570226374]]], [[[39.93533498828255, 55.59307881401365], [39.93533498828255, 55.61104503751347], [39.95123810950608, 55.61104503751347], [39.95123810950608, 55.59307881401365], [39.93533498828255, 55.59307881401365]]], [[[39.77630377604725, 55.71884237851239], [39.77630377604725, 55.709859266762486], [39.79220689727078, 55.709859266762486], [39.79220689727078, 55.70087615501257], [39.80811001849431, 55.70087615501257], [39.80811001849431, 55.69189304326266], [39.824013139717835, 55.69189304326266], [39.824013139717835, 55.70087615501257], [39.839916260941365, 55.70087615501257], [39.839916260941365, 55.709859266762486], [39.855819382164896, 55.709859266762486], [39.855819382164896, 55.71884237851239], [39.88762562461196, 55.71884237851239], [39.88762562461196, 55.70087615501257], [39.90352874583549, 55.70087615501257], [39.90352874583549, 55.69189304326266], [39.91943186705902, 55.69189304326266], [39.91943186705902, 55.682909931512754], [39.93533498828255, 55.682909931512754], [39.93533498828255, 55.664943708012935], [39.91943186705902, 55.664943708012935], [39.91943186705902, 55.64697748451311], [39.88762562461196, 55.64697748451311], [39.88762562461196, 55.6379943727632], [39.871722503388426, 55.6379943727632], [39.871722503388426, 55.62901126101329], [39.80811001849431, 55.62901126101329], [39.80811001849431, 55.62002814926338], [39.79220689727078, 55.62002814926338], [39.79220689727078, 55.61104503751347], [39.77630377604725, 55.61104503751347], [39.77630377604725, 55.602061925763564], [39.74449753360019, 55.602061925763564], [39.74449753360019, 55.62901126101329], [39.76040065482372, 55.62901126101329], [39.76040065482372, 55.6379943727632], [39.74449753360019, 55.6379943727632], [39.74449753360019, 55.70087615501257], [39.72859441237666, 55.70087615501257], [39.72859441237666, 55.709859266762486], [39.71269129115313, 55.709859266762486], [39.71269129115313, 55.727825490262305], [39.76040065482372, 55.727825490262305], [39.76040065482372, 55.71884237851239], [39.77630377604725, 55.71884237851239]]]]}}, {"type": "Feature", "properties": {"name": "Бронницы", "value": 246}, "geometry": {"type": "Polygon", "coordinates": [[[38.154185411247184, 55.494264584764636], [38.154185411247184, 55.48528147301473], [38.13828229002365, 55.48528147301473], [38.13828229002365, 55.47629836126482], [38.12237916880012, 55.47629836126482], [38.12237916880012, 55.46731524951491], [38.10647604757659, 55.46731524951491], [38.10647604757659, 55.47629836126482], [38.04286356268247, 55.47629836126482], [38.04286356268247, 55.46731524951491], [38.058766683906, 55.46731524951491], [38.058766683906, 55.458332137765], [38.07466980512953, 55.458332137765], [38.07466980512953, 55.44036591426518], [38.058766683906, 55.44036591426518], [38.058766683906, 55.42239969076536], [38.07466980512953, 55.42239969076536], [38.07466980512953, 55.41341657901545], [38.09057292635306, 55.41341657901545], [38.09057292635306, 55.404433467265534], [38.10647604757659, 55.404433467265534], [38.10647604757659, 55.386467243765715], [38.09057292635306, 55.386467243765715], [38.09057292635306, 55.37748413201581], [38.07466980512953, 55.37748413201581], [38.07466980512953, 55.35951790851599], [38.09057292635306, 55.35951790851599], [38.09057292635306, 55.341551685016164], [38.07466980512953, 55.341551685016164], [38.07466980512953, 55.33256857326626], [38.058766683906, 55.33256857326626], [38.058766683906, 55.31460234976644], [38.07466980512953, 55.31460234976644], [38.07466980512953, 55.305619238016526], [38.09057292635306, 55.305619238016526], [38.09057292635306, 55.29663612626661], [38.12237916880012, 55.29663612626661], [38.12237916880012, 55.305619238016526], [38.13828229002365, 55.305619238016526], [38.13828229002365, 55.31460234976644], [38.154185411247184, 55.31460234976644], [38.154185411247184, 55.305619238016526], [38.170088532470714, 55.305619238016526], [38.170088532470714, 55.31460234976644], [38.185991653694245, 55.31460234976644], [38.185991653694245, 55.305619238016526], [38.201894774917776, 55.305619238016526], [38.201894774917776, 55.29663612626661], [38.217797896141306, 55.29663612626661], [38.217797896141306, 55.305619238016526], [38.23370101736483, 55.305619238016526], [38.23370101736483, 55.31460234976644], [38.29731350225895, 55.31460234976644], [38.29731350225895, 55.305619238016526], [38.31321662348248, 55.305619238016526], [38.31321662348248, 55.31460234976644], [38.32911974470601, 55.31460234976644], [38.32911974470601, 55.323585461516345], [38.34502286592954, 55.323585461516345], [38.34502286592954, 55.31460234976644], [38.360925987153074, 55.31460234976644], [38.360925987153074, 55.305619238016526], [38.376829108376604, 55.305619238016526], [38.376829108376604, 55.31460234976644], [38.408635350823666, 55.31460234976644], [38.408635350823666, 55.305619238016526], [38.424538472047196, 55.305619238016526], [38.424538472047196, 55.31460234976644], [38.44044159327073, 55.31460234976644], [38.44044159327073, 55.33256857326626], [38.424538472047196, 55.33256857326626], [38.424538472047196, 55.35053479676608], [38.408635350823666, 55.35053479676608], [38.408635350823666, 55.37748413201581], [38.392732229600135, 55.37748413201581], [38.392732229600135, 55.386467243765715], [38.376829108376604, 55.386467243765715], [38.376829108376604, 55.42239969076536], [38.360925987153074, 55.42239969076536], [38.360925987153074, 55.44036591426518], [38.34502286592954, 55.44036591426518], [38.34502286592954, 55.47629836126482], [38.31321662348248, 55.47629836126482], [38.31321662348248, 55.46731524951491], [38.29731350225895, 55.46731524951491], [38.29731350225895, 55.47629836126482], [38.28141038103542, 55.47629836126482], [38.28141038103542, 55.48528147301473], [38.26550725981189, 55.48528147301473], [38.26550725981189, 55.494264584764636], [38.217797896141306, 55.494264584764636], [38.217797896141306, 55.48528147301473], [38.185991653694245, 55.48528147301473], [38.185991653694245, 55.494264584764636], [38.154185411247184, 55.494264584764636]]]}}, {"type": "Feature", "properties": {"name": "Озеры", "value": 245}, "geometry": {"type": "Polygon", "coordinates": [[[38.567666563058964, 55.00019343851958], [38.567666563058964, 54.99121032676967], [38.55176344183543, 54.99121032676967], [38.55176344183543, 54.98222721501976], [38.5358603206119, 54.98222721501976], [38.5358603206119, 54.97324410326985], [38.51995719938837, 54.97324410326985], [38.51995719938837, 54.964260991519936], [38.47224783571778, 54.964260991519936], [38.47224783571778, 54.97324410326985], [38.392732229600135, 54.97324410326985], [38.392732229600135, 54.98222721501976], [38.360925987153074, 54.98222721501976], [38.360925987153074, 54.964260991519936], [38.376829108376604, 54.964260991519936], [38.376829108376604, 54.94629476802012], [38.392732229600135, 54.94629476802012], [38.392732229600135, 54.93731165627021], [38.376829108376604, 54.93731165627021], [38.376829108376604, 54.91036232102048], [38.360925987153074, 54.91036232102048], [38.360925987153074, 54.901379209270566], [38.376829108376604, 54.901379209270566], [38.376829108376604, 54.89239609752066], [38.392732229600135, 54.89239609752066], [38.392732229600135, 54.87442987402084], [38.376829108376604, 54.87442987402084], [38.376829108376604, 54.86544676227093], [38.360925987153074, 54.86544676227093], [38.360925987153074, 54.84748053877111], [38.376829108376604, 54.84748053877111], [38.376829108376604, 54.838497427021196], [38.392732229600135, 54.838497427021196], [38.392732229600135, 54.82951431527129], [38.408635350823666, 54.82951431527129], [38.408635350823666, 54.82053120352138], [38.392732229600135, 54.82053120352138], [38.392732229600135, 54.81154809177146], [38.376829108376604, 54.81154809177146], [38.376829108376604, 54.80256498002156], [38.360925987153074, 54.80256498002156], [38.360925987153074, 54.78459875652174], [38.376829108376604, 54.78459875652174], [38.376829108376604, 54.775615644771825], [38.392732229600135, 54.775615644771825], [38.392732229600135, 54.757649421272006], [38.376829108376604, 54.757649421272006], [38.376829108376604, 54.74866630952209], [38.392732229600135, 54.74866630952209], [38.392732229600135, 54.73968319777219], [38.424538472047196, 54.73968319777219], [38.424538472047196, 54.74866630952209], [38.45634471449425, 54.74866630952209], [38.45634471449425, 54.73968319777219], [38.47224783571778, 54.73968319777219], [38.47224783571778, 54.730700086022274], [38.50405407816484, 54.730700086022274], [38.50405407816484, 54.73968319777219], [38.51995719938837, 54.73968319777219], [38.51995719938837, 54.74866630952209], [38.5358603206119, 54.74866630952209], [38.5358603206119, 54.757649421272006], [38.55176344183543, 54.757649421272006], [38.55176344183543, 54.74866630952209], [38.567666563058964, 54.74866630952209], [38.567666563058964, 54.73968319777219], [38.599472805506025, 54.73968319777219], [38.599472805506025, 54.74866630952209], [38.615375926729556, 54.74866630952209], [38.615375926729556, 54.757649421272006], [38.631279047953086, 54.757649421272006], [38.631279047953086, 54.76663253302191], [38.64718216917662, 54.76663253302191], [38.64718216917662, 54.775615644771825], [38.67898841162367, 54.775615644771825], [38.67898841162367, 54.76663253302191], [38.6948915328472, 54.76663253302191], [38.6948915328472, 54.78459875652174], [38.67898841162367, 54.78459875652174], [38.67898841162367, 54.793581868271644], [38.66308529040015, 54.793581868271644], [38.66308529040015, 54.80256498002156], [38.67898841162367, 54.80256498002156], [38.67898841162367, 54.81154809177146], [38.6948915328472, 54.81154809177146], [38.6948915328472, 54.82053120352138], [38.71079465407073, 54.82053120352138], [38.71079465407073, 54.82951431527129], [38.74260089651779, 54.82951431527129], [38.74260089651779, 54.838497427021196], [38.75850401774132, 54.838497427021196], [38.75850401774132, 54.84748053877111], [38.74260089651779, 54.84748053877111], [38.74260089651779, 54.856463650521015], [38.75850401774132, 54.856463650521015], [38.75850401774132, 54.86544676227093], [38.774407138964854, 54.86544676227093], [38.774407138964854, 54.88341298577075], [38.75850401774132, 54.88341298577075], [38.75850401774132, 54.89239609752066], [38.74260089651779, 54.89239609752066], [38.74260089651779, 54.919345432770385], [38.72669777529426, 54.919345432770385], [38.72669777529426, 54.9283285445203], [38.74260089651779, 54.9283285445203], [38.74260089651779, 54.94629476802012], [38.75850401774132, 54.94629476802012], [38.75850401774132, 54.95527787977003], [38.72669777529426, 54.95527787977003], [38.72669777529426, 54.94629476802012], [38.71079465407073, 54.94629476802012], [38.71079465407073, 54.93731165627021], [38.6948915328472, 54.93731165627021], [38.6948915328472, 54.9283285445203], [38.66308529040015, 54.9283285445203], [38.66308529040015, 54.93731165627021], [38.64718216917662, 54.93731165627021], [38.64718216917662, 54.94629476802012], [38.631279047953086, 54.94629476802012], [38.631279047953086, 54.95527787977003], [38.615375926729556, 54.95527787977003], [38.615375926729556, 54.964260991519936], [38.599472805506025, 54.964260991519936], [38.599472805506025, 54.97324410326985], [38.615375926729556, 54.97324410326985], [38.615375926729556, 54.99121032676967], [38.583569684282494, 54.99121032676967], [38.583569684282494, 55.00019343851958], [38.567666563058964, 55.00019343851958]]]}}, {"type": "Feature", "properties": {"name": "Кубинка", "value": 244}, "geometry": {"type": "Polygon", "coordinates": [[[36.484357682776526, 55.70087615501257], [36.484357682776526, 55.67392681976284], [36.50026080400006, 55.67392681976284], [36.50026080400006, 55.64697748451311], [36.51616392522359, 55.64697748451311], [36.51616392522359, 55.6379943727632], [36.50026080400006, 55.6379943727632], [36.50026080400006, 55.59307881401365], [36.51616392522359, 55.59307881401365], [36.51616392522359, 55.57511259051383], [36.50026080400006, 55.57511259051383], [36.50026080400006, 55.55714636701401], [36.51616392522359, 55.55714636701401], [36.51616392522359, 55.5481632552641], [36.53206704644712, 55.5481632552641], [36.53206704644712, 55.53019703176428], [36.51616392522359, 55.53019703176428], [36.51616392522359, 55.51223080826446], [36.53206704644712, 55.51223080826446], [36.53206704644712, 55.50324769651455], [36.51616392522359, 55.50324769651455], [36.51616392522359, 55.494264584764636], [36.50026080400006, 55.494264584764636], [36.50026080400006, 55.48528147301473], [36.484357682776526, 55.48528147301473], [36.484357682776526, 55.46731524951491], [36.50026080400006, 55.46731524951491], [36.50026080400006, 55.47629836126482], [36.54797016767065, 55.47629836126482], [36.54797016767065, 55.48528147301473], [36.56387328889418, 55.48528147301473], [36.56387328889418, 55.494264584764636], [36.59567953134124, 55.494264584764636], [36.59567953134124, 55.48528147301473], [36.61158265256477, 55.48528147301473], [36.61158265256477, 55.47629836126482], [36.643388895011825, 55.47629836126482], [36.643388895011825, 55.48528147301473], [36.659292016235355, 55.48528147301473], [36.659292016235355, 55.494264584764636], [36.675195137458886, 55.494264584764636], [36.675195137458886, 55.50324769651455], [36.70700137990595, 55.50324769651455], [36.70700137990595, 55.53019703176428], [36.691098258682416, 55.53019703176428], [36.691098258682416, 55.5481632552641], [36.70700137990595, 55.5481632552641], [36.70700137990595, 55.55714636701401], [36.72290450112948, 55.55714636701401], [36.72290450112948, 55.56612947876392], [36.73880762235301, 55.56612947876392], [36.73880762235301, 55.57511259051383], [36.7865169860236, 55.57511259051383], [36.7865169860236, 55.58409570226374], [36.80242010724713, 55.58409570226374], [36.80242010724713, 55.59307881401365], [36.83422634969419, 55.59307881401365], [36.83422634969419, 55.602061925763564], [36.85012947091772, 55.602061925763564], [36.85012947091772, 55.62002814926338], [36.83422634969419, 55.62002814926338], [36.83422634969419, 55.62901126101329], [36.81832322847066, 55.62901126101329], [36.81832322847066, 55.64697748451311], [36.77061386480007, 55.64697748451311], [36.77061386480007, 55.65596059626302], [36.75471074357654, 55.65596059626302], [36.75471074357654, 55.664943708012935], [36.72290450112948, 55.664943708012935], [36.72290450112948, 55.67392681976284], [36.70700137990595, 55.67392681976284], [36.70700137990595, 55.682909931512754], [36.675195137458886, 55.682909931512754], [36.675195137458886, 55.69189304326266], [36.643388895011825, 55.69189304326266], [36.643388895011825, 55.682909931512754], [36.61158265256477, 55.682909931512754], [36.61158265256477, 55.69189304326266], [36.59567953134124, 55.69189304326266], [36.59567953134124, 55.70087615501257], [36.56387328889418, 55.70087615501257], [36.56387328889418, 55.69189304326266], [36.54797016767065, 55.69189304326266], [36.54797016767065, 55.682909931512754], [36.53206704644712, 55.682909931512754], [36.53206704644712, 55.69189304326266], [36.51616392522359, 55.69189304326266], [36.51616392522359, 55.70087615501257], [36.484357682776526, 55.70087615501257]]]}}, {"type": "Feature", "properties": {"name": "Краснозаводск", "value": 239}, "geometry": {"type": "Polygon", "coordinates": [[[38.13828229002365, 56.56325488300395], [38.13828229002365, 56.55427177125404], [38.12237916880012, 56.55427177125404], [38.12237916880012, 56.54528865950413], [38.07466980512953, 56.54528865950413], [38.07466980512953, 56.53630554775422], [38.09057292635306, 56.53630554775422], [38.09057292635306, 56.5183393242544], [38.10647604757659, 56.5183393242544], [38.10647604757659, 56.509356212504485], [38.13828229002365, 56.509356212504485], [38.13828229002365, 56.50037310075458], [38.154185411247184, 56.50037310075458], [38.154185411247184, 56.49138998900467], [38.170088532470714, 56.49138998900467], [38.170088532470714, 56.48240687725476], [38.185991653694245, 56.48240687725476], [38.185991653694245, 56.47342376550485], [38.170088532470714, 56.47342376550485], [38.170088532470714, 56.45545754200503], [38.185991653694245, 56.45545754200503], [38.185991653694245, 56.446474430255115], [38.201894774917776, 56.446474430255115], [38.201894774917776, 56.428508206755296], [38.217797896141306, 56.428508206755296], [38.217797896141306, 56.41952509500538], [38.23370101736483, 56.41952509500538], [38.23370101736483, 56.401558871505564], [38.24960413858836, 56.401558871505564], [38.24960413858836, 56.383592648005745], [38.26550725981189, 56.383592648005745], [38.26550725981189, 56.37460953625583], [38.28141038103542, 56.37460953625583], [38.28141038103542, 56.365626424505926], [38.29731350225895, 56.365626424505926], [38.29731350225895, 56.35664331275601], [38.28141038103542, 56.35664331275601], [38.28141038103542, 56.34766020100611], [38.31321662348248, 56.34766020100611], [38.31321662348248, 56.338677089256194], [38.32911974470601, 56.338677089256194], [38.32911974470601, 56.32969397750629], [38.360925987153074, 56.32969397750629], [38.360925987153074, 56.338677089256194], [38.408635350823666, 56.338677089256194], [38.408635350823666, 56.32969397750629], [38.44044159327073, 56.32969397750629], [38.44044159327073, 56.338677089256194], [38.424538472047196, 56.338677089256194], [38.424538472047196, 56.34766020100611], [38.408635350823666, 56.34766020100611], [38.408635350823666, 56.365626424505926], [38.392732229600135, 56.365626424505926], [38.392732229600135, 56.37460953625583], [38.408635350823666, 56.37460953625583], [38.408635350823666, 56.383592648005745], [38.424538472047196, 56.383592648005745], [38.424538472047196, 56.39257575975566], [38.44044159327073, 56.39257575975566], [38.44044159327073, 56.41952509500538], [38.424538472047196, 56.41952509500538], [38.424538472047196, 56.43749131850521], [38.44044159327073, 56.43749131850521], [38.44044159327073, 56.446474430255115], [38.45634471449425, 56.446474430255115], [38.45634471449425, 56.45545754200503], [38.47224783571778, 56.45545754200503], [38.47224783571778, 56.47342376550485], [38.45634471449425, 56.47342376550485], [38.45634471449425, 56.48240687725476], [38.44044159327073, 56.48240687725476], [38.44044159327073, 56.49138998900467], [38.424538472047196, 56.49138998900467], [38.424538472047196, 56.50037310075458], [38.44044159327073, 56.50037310075458], [38.44044159327073, 56.5183393242544], [38.424538472047196, 56.5183393242544], [38.424538472047196, 56.52732243600431], [38.408635350823666, 56.52732243600431], [38.408635350823666, 56.53630554775422], [38.34502286592954, 56.53630554775422], [38.34502286592954, 56.52732243600431], [38.32911974470601, 56.52732243600431], [38.32911974470601, 56.53630554775422], [38.31321662348248, 56.53630554775422], [38.31321662348248, 56.54528865950413], [38.29731350225895, 56.54528865950413], [38.29731350225895, 56.53630554775422], [38.26550725981189, 56.53630554775422], [38.26550725981189, 56.54528865950413], [38.24960413858836, 56.54528865950413], [38.24960413858836, 56.55427177125404], [38.23370101736483, 56.55427177125404], [38.23370101736483, 56.56325488300395], [38.201894774917776, 56.56325488300395], [38.201894774917776, 56.55427177125404], [38.154185411247184, 56.55427177125404], [38.154185411247184, 56.56325488300395], [38.13828229002365, 56.56325488300395]]]}}, {"type": "Feature", "properties": {"name": "Яхрома", "value": 224}, "geometry": {"type": "Polygon", "coordinates": [[[37.31131998640009, 56.35664331275601], [37.31131998640009, 56.338677089256194], [37.32722310762362, 56.338677089256194], [37.32722310762362, 56.32969397750629], [37.31131998640009, 56.32969397750629], [37.31131998640009, 56.320710865756375], [37.29541686517656, 56.320710865756375], [37.29541686517656, 56.31172775400646], [37.27951374395303, 56.31172775400646], [37.27951374395303, 56.302744642256556], [37.29541686517656, 56.302744642256556], [37.29541686517656, 56.29376153050664], [37.31131998640009, 56.29376153050664], [37.31131998640009, 56.275795307006824], [37.32722310762362, 56.275795307006824], [37.32722310762362, 56.257829083507005], [37.31131998640009, 56.257829083507005], [37.31131998640009, 56.24884597175709], [37.29541686517656, 56.24884597175709], [37.29541686517656, 56.23087974825727], [37.31131998640009, 56.23087974825727], [37.31131998640009, 56.212913524757454], [37.29541686517656, 56.212913524757454], [37.29541686517656, 56.20393041300754], [37.27951374395303, 56.20393041300754], [37.27951374395303, 56.1679979660079], [37.37493247129421, 56.1679979660079], [37.37493247129421, 56.15901485425799], [37.39083559251774, 56.15901485425799], [37.39083559251774, 56.150031742508084], [37.4226418349648, 56.150031742508084], [37.4226418349648, 56.15901485425799], [37.43854495618833, 56.15901485425799], [37.43854495618833, 56.1679979660079], [37.45444807741186, 56.1679979660079], [37.45444807741186, 56.17698107775781], [37.48625431985892, 56.17698107775781], [37.48625431985892, 56.1679979660079], [37.50215744108245, 56.1679979660079], [37.50215744108245, 56.15901485425799], [37.533963683529514, 56.15901485425799], [37.533963683529514, 56.1679979660079], [37.54986680475304, 56.1679979660079], [37.54986680475304, 56.17698107775781], [37.5816730472001, 56.17698107775781], [37.5816730472001, 56.1679979660079], [37.61347928964716, 56.1679979660079], [37.61347928964716, 56.17698107775781], [37.64528553209422, 56.17698107775781], [37.64528553209422, 56.1679979660079], [37.66118865331775, 56.1679979660079], [37.66118865331775, 56.18596418950772], [37.67709177454128, 56.18596418950772], [37.67709177454128, 56.194947301257635], [37.69299489576481, 56.194947301257635], [37.69299489576481, 56.20393041300754], [37.70889801698834, 56.20393041300754], [37.70889801698834, 56.212913524757454], [37.72480113821187, 56.212913524757454], [37.72480113821187, 56.24884597175709], [37.70889801698834, 56.24884597175709], [37.70889801698834, 56.28477841875674], [37.69299489576481, 56.28477841875674], [37.69299489576481, 56.275795307006824], [37.66118865331775, 56.275795307006824], [37.66118865331775, 56.28477841875674], [37.64528553209422, 56.28477841875674], [37.64528553209422, 56.29376153050664], [37.62938241087069, 56.29376153050664], [37.62938241087069, 56.302744642256556], [37.533963683529514, 56.302744642256556], [37.533963683529514, 56.31172775400646], [37.51806056230598, 56.31172775400646], [37.51806056230598, 56.320710865756375], [37.47035119863539, 56.320710865756375], [37.47035119863539, 56.32969397750629], [37.45444807741186, 56.32969397750629], [37.45444807741186, 56.320710865756375], [37.43854495618833, 56.320710865756375], [37.43854495618833, 56.31172775400646], [37.40673871374127, 56.31172775400646], [37.40673871374127, 56.320710865756375], [37.39083559251774, 56.320710865756375], [37.39083559251774, 56.32969397750629], [37.37493247129421, 56.32969397750629], [37.37493247129421, 56.338677089256194], [37.35902935007068, 56.338677089256194], [37.35902935007068, 56.34766020100611], [37.34312622884715, 56.34766020100611], [37.34312622884715, 56.35664331275601], [37.31131998640009, 56.35664331275601]]]}}, {"type": "Feature", "properties": {"name": "Белоозёрский", "value": 218}, "geometry": {"type": "Polygon", "coordinates": [[[38.51995719938837, 55.59307881401365], [38.51995719938837, 55.58409570226374], [38.48815095694131, 55.58409570226374], [38.48815095694131, 55.57511259051383], [38.47224783571778, 55.57511259051383], [38.47224783571778, 55.56612947876392], [38.45634471449425, 55.56612947876392], [38.45634471449425, 55.55714636701401], [38.44044159327073, 55.55714636701401], [38.44044159327073, 55.5481632552641], [38.408635350823666, 55.5481632552641], [38.408635350823666, 55.53918014351419], [38.392732229600135, 55.53918014351419], [38.392732229600135, 55.53019703176428], [38.376829108376604, 55.53019703176428], [38.376829108376604, 55.52121392001437], [38.32911974470601, 55.52121392001437], [38.32911974470601, 55.51223080826446], [38.31321662348248, 55.51223080826446], [38.31321662348248, 55.48528147301473], [38.32911974470601, 55.48528147301473], [38.32911974470601, 55.47629836126482], [38.31321662348248, 55.47629836126482], [38.31321662348248, 55.46731524951491], [38.32911974470601, 55.46731524951491], [38.32911974470601, 55.458332137765], [38.34502286592954, 55.458332137765], [38.34502286592954, 55.449349026015085], [38.360925987153074, 55.449349026015085], [38.360925987153074, 55.44036591426518], [38.34502286592954, 55.44036591426518], [38.34502286592954, 55.42239969076536], [38.360925987153074, 55.42239969076536], [38.360925987153074, 55.39545035551563], [38.376829108376604, 55.39545035551563], [38.376829108376604, 55.386467243765715], [38.392732229600135, 55.386467243765715], [38.392732229600135, 55.35951790851599], [38.408635350823666, 55.35951790851599], [38.408635350823666, 55.341551685016164], [38.424538472047196, 55.341551685016164], [38.424538472047196, 55.33256857326626], [38.408635350823666, 55.33256857326626], [38.408635350823666, 55.323585461516345], [38.424538472047196, 55.323585461516345], [38.424538472047196, 55.31460234976644], [38.45634471449425, 55.31460234976644], [38.45634471449425, 55.33256857326626], [38.47224783571778, 55.33256857326626], [38.47224783571778, 55.341551685016164], [38.48815095694131, 55.341551685016164], [38.48815095694131, 55.35053479676608], [38.50405407816484, 55.35053479676608], [38.50405407816484, 55.386467243765715], [38.51995719938837, 55.386467243765715], [38.51995719938837, 55.39545035551563], [38.5358603206119, 55.39545035551563], [38.5358603206119, 55.404433467265534], [38.55176344183543, 55.404433467265534], [38.55176344183543, 55.41341657901545], [38.599472805506025, 55.41341657901545], [38.599472805506025, 55.42239969076536], [38.615375926729556, 55.42239969076536], [38.615375926729556, 55.449349026015085], [38.631279047953086, 55.449349026015085], [38.631279047953086, 55.458332137765], [38.615375926729556, 55.458332137765], [38.615375926729556, 55.47629836126482], [38.631279047953086, 55.47629836126482], [38.631279047953086, 55.48528147301473], [38.64718216917662, 55.48528147301473], [38.64718216917662, 55.494264584764636], [38.631279047953086, 55.494264584764636], [38.631279047953086, 55.50324769651455], [38.64718216917662, 55.50324769651455], [38.64718216917662, 55.51223080826446], [38.631279047953086, 55.51223080826446], [38.631279047953086, 55.52121392001437], [38.615375926729556, 55.52121392001437], [38.615375926729556, 55.494264584764636], [38.599472805506025, 55.494264584764636], [38.599472805506025, 55.47629836126482], [38.583569684282494, 55.47629836126482], [38.583569684282494, 55.46731524951491], [38.567666563058964, 55.46731524951491], [38.567666563058964, 55.458332137765], [38.55176344183543, 55.458332137765], [38.55176344183543, 55.449349026015085], [38.5358603206119, 55.449349026015085], [38.5358603206119, 55.44036591426518], [38.51995719938837, 55.44036591426518], [38.51995719938837, 55.449349026015085], [38.50405407816484, 55.449349026015085], [38.50405407816484, 55.458332137765], [38.48815095694131, 55.458332137765], [38.48815095694131, 55.46731524951491], [38.47224783571778, 55.46731524951491], [38.47224783571778, 55.47629836126482], [38.45634471449425, 55.47629836126482], [38.45634471449425, 55.50324769651455], [38.44044159327073, 55.50324769651455], [38.44044159327073, 55.52121392001437], [38.45634471449425, 55.52121392001437], [38.45634471449425, 55.53918014351419], [38.47224783571778, 55.53918014351419], [38.47224783571778, 55.5481632552641], [38.48815095694131, 55.5481632552641], [38.48815095694131, 55.55714636701401], [38.50405407816484, 55.55714636701401], [38.50405407816484, 55.56612947876392], [38.5358603206119, 55.56612947876392], [38.5358603206119, 55.57511259051383], [38.55176344183543, 55.57511259051383], [38.55176344183543, 55.56612947876392], [38.599472805506025, 55.56612947876392], [38.599472805506025, 55.55714636701401], [38.615375926729556, 55.55714636701401], [38.615375926729556, 55.56612947876392], [38.631279047953086, 55.56612947876392], [38.631279047953086, 55.57511259051383], [38.64718216917662, 55.57511259051383], [38.64718216917662, 55.58409570226374], [38.55176344183543, 55.58409570226374], [38.55176344183543, 55.59307881401365], [38.51995719938837, 55.59307881401365]]]}}, {"type": "Feature", "properties": {"name": "Верея", "value": 257}, "geometry": {"type": "Polygon", "coordinates": [[[36.35713271298829, 55.46731524951491], [36.35713271298829, 55.458332137765], [36.34122959176476, 55.458332137765], [36.34122959176476, 55.449349026015085], [36.32532647054123, 55.449349026015085], [36.32532647054123, 55.458332137765], [36.277617106870636, 55.458332137765], [36.277617106870636, 55.449349026015085], [36.261713985647106, 55.449349026015085], [36.261713985647106, 55.44036591426518], [36.245810864423575, 55.44036591426518], [36.245810864423575, 55.449349026015085], [36.229907743200044, 55.449349026015085], [36.229907743200044, 55.458332137765], [36.214004621976514, 55.458332137765], [36.214004621976514, 55.449349026015085], [36.19810150075298, 55.449349026015085], [36.19810150075298, 55.44036591426518], [36.1503921370824, 55.44036591426518], [36.1503921370824, 55.431382802515266], [36.11858589463534, 55.431382802515266], [36.11858589463534, 55.42239969076536], [36.10268277341181, 55.42239969076536], [36.10268277341181, 55.41341657901545], [36.08677965218828, 55.41341657901545], [36.08677965218828, 55.404433467265534], [36.054973409741216, 55.404433467265534], [36.054973409741216, 55.41341657901545], [36.039070288517685, 55.41341657901545], [36.039070288517685, 55.404433467265534], [36.023167167294154, 55.404433467265534], [36.023167167294154, 55.39545035551563], [35.97545780362356, 55.39545035551563], [35.97545780362356, 55.386467243765715], [35.99136092484709, 55.386467243765715], [35.99136092484709, 55.37748413201581], [36.007264046070624, 55.37748413201581], [36.007264046070624, 55.368501020265896], [35.99136092484709, 55.368501020265896], [35.99136092484709, 55.35053479676608], [35.97545780362356, 55.35053479676608], [35.97545780362356, 55.341551685016164], [35.99136092484709, 55.341551685016164], [35.99136092484709, 55.33256857326626], [36.007264046070624, 55.33256857326626], [36.007264046070624, 55.323585461516345], [36.023167167294154, 55.323585461516345], [36.023167167294154, 55.29663612626661], [36.039070288517685, 55.29663612626661], [36.039070288517685, 55.28765301451671], [36.023167167294154, 55.28765301451671], [36.023167167294154, 55.278669902766794], [36.007264046070624, 55.278669902766794], [36.007264046070624, 55.26968679101689], [35.99136092484709, 55.26968679101689], [35.99136092484709, 55.25172056751706], [36.007264046070624, 55.25172056751706], [36.007264046070624, 55.23375434401724], [35.99136092484709, 55.23375434401724], [35.99136092484709, 55.22477123226734], [36.023167167294154, 55.22477123226734], [36.023167167294154, 55.23375434401724], [36.070876530964746, 55.23375434401724], [36.070876530964746, 55.22477123226734], [36.10268277341181, 55.22477123226734], [36.10268277341181, 55.23375434401724], [36.11858589463534, 55.23375434401724], [36.11858589463534, 55.242737455767156], [36.13448901585887, 55.242737455767156], [36.13448901585887, 55.23375434401724], [36.1503921370824, 55.23375434401724], [36.1503921370824, 55.22477123226734], [36.19810150075298, 55.22477123226734], [36.19810150075298, 55.21578812051742], [36.214004621976514, 55.21578812051742], [36.214004621976514, 55.22477123226734], [36.229907743200044, 55.22477123226734], [36.229907743200044, 55.242737455767156], [36.214004621976514, 55.242737455767156], [36.214004621976514, 55.25172056751706], [36.19810150075298, 55.25172056751706], [36.19810150075298, 55.260703679266975], [36.18219837952945, 55.260703679266975], [36.18219837952945, 55.26968679101689], [36.19810150075298, 55.26968679101689], [36.19810150075298, 55.278669902766794], [36.214004621976514, 55.278669902766794], [36.214004621976514, 55.28765301451671], [36.229907743200044, 55.28765301451671], [36.229907743200044, 55.29663612626661], [36.261713985647106, 55.29663612626661], [36.261713985647106, 55.28765301451671], [36.277617106870636, 55.28765301451671], [36.277617106870636, 55.278669902766794], [36.29352022809417, 55.278669902766794], [36.29352022809417, 55.26968679101689], [36.3094233493177, 55.26968679101689], [36.3094233493177, 55.260703679266975], [36.29352022809417, 55.260703679266975], [36.29352022809417, 55.25172056751706], [36.277617106870636, 55.25172056751706], [36.277617106870636, 55.242737455767156], [36.261713985647106, 55.242737455767156], [36.261713985647106, 55.22477123226734], [36.277617106870636, 55.22477123226734], [36.277617106870636, 55.23375434401724], [36.3094233493177, 55.23375434401724], [36.3094233493177, 55.242737455767156], [36.34122959176476, 55.242737455767156], [36.34122959176476, 55.23375434401724], [36.35713271298829, 55.23375434401724], [36.35713271298829, 55.22477123226734], [36.37303583421182, 55.22477123226734], [36.37303583421182, 55.23375434401724], [36.38893895543535, 55.23375434401724], [36.38893895543535, 55.242737455767156], [36.37303583421182, 55.242737455767156], [36.37303583421182, 55.260703679266975], [36.35713271298829, 55.260703679266975], [36.35713271298829, 55.28765301451671], [36.37303583421182, 55.28765301451671], [36.37303583421182, 55.29663612626661], [36.35713271298829, 55.29663612626661], [36.35713271298829, 55.305619238016526], [36.34122959176476, 55.305619238016526], [36.34122959176476, 55.31460234976644], [36.35713271298829, 55.31460234976644], [36.35713271298829, 55.323585461516345], [36.34122959176476, 55.323585461516345], [36.34122959176476, 55.33256857326626], [36.35713271298829, 55.33256857326626], [36.35713271298829, 55.341551685016164], [36.34122959176476, 55.341551685016164], [36.34122959176476, 55.35053479676608], [36.35713271298829, 55.35053479676608], [36.35713271298829, 55.35951790851599], [36.34122959176476, 55.35951790851599], [36.34122959176476, 55.368501020265896], [36.35713271298829, 55.368501020265896], [36.35713271298829, 55.37748413201581], [36.37303583421182, 55.37748413201581], [36.37303583421182, 55.386467243765715], [36.35713271298829, 55.386467243765715], [36.35713271298829, 55.39545035551563], [36.34122959176476, 55.39545035551563], [36.34122959176476, 55.41341657901545], [36.35713271298829, 55.41341657901545], [36.35713271298829, 55.42239969076536], [36.37303583421182, 55.42239969076536], [36.37303583421182, 55.431382802515266], [36.35713271298829, 55.431382802515266], [36.35713271298829, 55.44036591426518], [36.37303583421182, 55.44036591426518], [36.37303583421182, 55.46731524951491], [36.35713271298829, 55.46731524951491]]]}}]}